<?xml version="1.0" encoding="UTF-8"?>
<osm version="0.6" generator="openstreetmap-cgimap 2.1.0 (244708 spike-07.openstreetmap.org)" copyright="OpenStreetMap and contributors" attribution="http://www.openstreetmap.org/copyright" license="http://opendatacommons.org/licenses/odbl/1-0/">
 <bounds minlat="24.5340000" minlon="118.1210000" maxlat="24.5410000" maxlon="118.1320000"/>
 <node id="415824398" visible="true" version="12" changeset="92110395" timestamp="2020-10-07T11:52:46Z" user="ObRiver" uid="10529631" lat="24.5458740" lon="118.1273268"/>
 <node id="415824399" visible="true" version="9" changeset="133071871" timestamp="2023-02-27T06:06:30Z" user="Aaron_ZSAM" uid="18552639" lat="24.5353137" lon="118.1152727"/>
 <node id="415824400" visible="true" version="5" changeset="109440996" timestamp="2021-08-10T06:15:17Z" user="Kirkepladsen" uid="10892567" lat="24.5539421" lon="118.1413277"/>
 <node id="635763198" visible="true" version="7" changeset="132681457" timestamp="2023-02-17T15:04:55Z" user="Rudi_Z" uid="18335662" lat="24.5516544" lon="118.1410701"/>
 <node id="635763202" visible="true" version="4" changeset="99025308" timestamp="2021-02-10T08:25:47Z" user="HualinXMN" uid="11858592" lat="24.5340933" lon="118.1224524"/>
 <node id="635763203" visible="true" version="2" changeset="45804020" timestamp="2017-02-04T12:32:36Z" user="jamesks" uid="2500" lat="24.5334990" lon="118.1216418"/>
 <node id="660959985" visible="true" version="2" changeset="45804020" timestamp="2017-02-04T12:32:36Z" user="jamesks" uid="2500" lat="24.5318610" lon="118.1192515"/>
 <node id="660959986" visible="true" version="3" changeset="45804020" timestamp="2017-02-04T12:32:35Z" user="jamesks" uid="2500" lat="24.5314334" lon="118.1186607"/>
 <node id="660959997" visible="true" version="4" changeset="152152094" timestamp="2024-06-02T09:52:43Z" user="Popolon" uid="27454" lat="24.5323294" lon="118.1199430"/>
 <node id="660959998" visible="true" version="3" changeset="99025308" timestamp="2021-02-10T08:25:47Z" user="HualinXMN" uid="11858592" lat="24.5345093" lon="118.1231946"/>
 <node id="660959999" visible="true" version="3" changeset="99025308" timestamp="2021-02-10T08:25:47Z" user="HualinXMN" uid="11858592" lat="24.5343194" lon="118.1233710"/>
 <node id="660960000" visible="true" version="3" changeset="99025308" timestamp="2021-02-10T08:25:47Z" user="HualinXMN" uid="11858592" lat="24.5342060" lon="118.1234451"/>
 <node id="660960001" visible="true" version="2" changeset="45804020" timestamp="2017-02-04T12:32:35Z" user="jamesks" uid="2500" lat="24.5341116" lon="118.1235095"/>
 <node id="660960002" visible="true" version="2" changeset="45804020" timestamp="2017-02-04T12:32:35Z" user="jamesks" uid="2500" lat="24.5339294" lon="118.1236659"/>
 <node id="660960003" visible="true" version="3" changeset="99025308" timestamp="2021-02-10T08:25:47Z" user="HualinXMN" uid="11858592" lat="24.5338346" lon="118.1238178"/>
 <node id="660960004" visible="true" version="3" changeset="99025308" timestamp="2021-02-10T08:25:47Z" user="HualinXMN" uid="11858592" lat="24.5338125" lon="118.1239526"/>
 <node id="660960005" visible="true" version="3" changeset="99025308" timestamp="2021-02-10T08:25:47Z" user="HualinXMN" uid="11858592" lat="24.5338717" lon="118.1242350"/>
 <node id="660960153" visible="true" version="3" changeset="45804020" timestamp="2017-02-04T12:32:36Z" user="jamesks" uid="2500" lat="24.5352606" lon="118.1263381"/>
 <node id="660960159" visible="true" version="5" changeset="152036846" timestamp="2024-05-30T13:46:09Z" user="Popolon" uid="27454" lat="24.5346725" lon="118.1269182"/>
 <node id="660960171" visible="true" version="4" changeset="81138929" timestamp="2020-02-17T22:30:51Z" user="lorenzo23622" uid="476483" lat="24.5366089" lon="118.1294952"/>
 <node id="660960176" visible="true" version="3" changeset="9205821" timestamp="2011-09-04T07:03:55Z" user="Eugene" uid="26260" lat="24.5382983" lon="118.1291454"/>
 <node id="838335268" visible="true" version="6" changeset="99284717" timestamp="2021-02-15T06:39:26Z" user="HualinXMN" uid="11858592" lat="24.5382125" lon="118.1313356">
  <tag k="source" v="GPS"/>
 </node>
 <node id="838335281" visible="true" version="6" changeset="152046958" timestamp="2024-05-30T17:21:46Z" user="Popolon" uid="27454" lat="24.5370232" lon="118.1297611"/>
 <node id="1408157237" visible="true" version="5" changeset="132681457" timestamp="2023-02-17T15:04:55Z" user="Rudi_Z" uid="18335662" lat="24.5343840" lon="118.1169231"/>
 <node id="1408157243" visible="true" version="4" changeset="109440996" timestamp="2021-08-10T06:15:17Z" user="Kirkepladsen" uid="10892567" lat="24.5347291" lon="118.1144097"/>
 <node id="1408157285" visible="true" version="4" changeset="132681457" timestamp="2023-02-17T15:04:55Z" user="Rudi_Z" uid="18335662" lat="24.5364565" lon="118.1198194"/>
 <node id="1408157298" visible="true" version="4" changeset="132681457" timestamp="2023-02-17T15:04:55Z" user="Rudi_Z" uid="18335662" lat="24.5370955" lon="118.1207061"/>
 <node id="1408157311" visible="true" version="4" changeset="132681457" timestamp="2023-02-17T15:04:55Z" user="Rudi_Z" uid="18335662" lat="24.5376540" lon="118.1210572"/>
 <node id="1408157316" visible="true" version="3" changeset="109440996" timestamp="2021-08-10T06:15:17Z" user="Kirkepladsen" uid="10892567" lat="24.5377717" lon="118.1186723"/>
 <node id="1408157323" visible="true" version="5" changeset="132681457" timestamp="2023-02-17T15:04:55Z" user="Rudi_Z" uid="18335662" lat="24.5380669" lon="118.1217888"/>
 <node id="1408157328" visible="true" version="4" changeset="132681457" timestamp="2023-02-17T15:04:55Z" user="Rudi_Z" uid="18335662" lat="24.5381602" lon="118.1212986"/>
 <node id="1408157329" visible="true" version="5" changeset="132681457" timestamp="2023-02-17T15:04:55Z" user="Rudi_Z" uid="18335662" lat="24.5381066" lon="118.1216855"/>
 <node id="1408157334" visible="true" version="5" changeset="132681457" timestamp="2023-02-17T15:04:55Z" user="Rudi_Z" uid="18335662" lat="24.5380797" lon="118.1220858"/>
 <node id="1408157344" visible="true" version="2" changeset="92150627" timestamp="2020-10-08T06:55:05Z" user="ObRiver" uid="10529631" lat="24.5382451" lon="118.1215178"/>
 <node id="1408157354" visible="true" version="4" changeset="132681457" timestamp="2023-02-17T15:04:55Z" user="Rudi_Z" uid="18335662" lat="24.5385872" lon="118.1214823"/>
 <node id="1408157362" visible="true" version="4" changeset="132681457" timestamp="2023-02-17T15:04:55Z" user="Rudi_Z" uid="18335662" lat="24.5390655" lon="118.1216956"/>
 <node id="1408157371" visible="true" version="4" changeset="132681457" timestamp="2023-02-17T15:04:55Z" user="Rudi_Z" uid="18335662" lat="24.5393778" lon="118.1218431"/>
 <node id="1408157375" visible="true" version="4" changeset="132681457" timestamp="2023-02-17T15:04:55Z" user="Rudi_Z" uid="18335662" lat="24.5391839" lon="118.1236212"/>
 <node id="1408157385" visible="true" version="5" changeset="132681457" timestamp="2023-02-17T15:04:55Z" user="Rudi_Z" uid="18335662" lat="24.5397914" lon="118.1220925"/>
 <node id="1408157399" visible="true" version="5" changeset="132681457" timestamp="2023-02-17T15:04:55Z" user="Rudi_Z" uid="18335662" lat="24.5402879" lon="118.1249471"/>
 <node id="1408157401" visible="true" version="4" changeset="132681457" timestamp="2023-02-17T15:04:55Z" user="Rudi_Z" uid="18335662" lat="24.5403575" lon="118.1247472"/>
 <node id="1408157409" visible="true" version="4" changeset="132681457" timestamp="2023-02-17T15:04:55Z" user="Rudi_Z" uid="18335662" lat="24.5403318" lon="118.1225083"/>
 <node id="1408157412" visible="true" version="5" changeset="132681457" timestamp="2023-02-17T15:04:55Z" user="Rudi_Z" uid="18335662" lat="24.5403148" lon="118.1252058"/>
 <node id="1408157414" visible="true" version="4" changeset="132681457" timestamp="2023-02-17T15:04:55Z" user="Rudi_Z" uid="18335662" lat="24.5407430" lon="118.1245561"/>
 <node id="1408157437" visible="true" version="5" changeset="132681457" timestamp="2023-02-17T15:04:55Z" user="Rudi_Z" uid="18335662" lat="24.5409045" lon="118.1231249"/>
 <node id="1408157498" visible="true" version="4" changeset="132681457" timestamp="2023-02-17T15:04:55Z" user="Rudi_Z" uid="18335662" lat="24.5415311" lon="118.1248981"/>
 <node id="1408157518" visible="true" version="4" changeset="132681457" timestamp="2023-02-17T15:04:55Z" user="Rudi_Z" uid="18335662" lat="24.5420130" lon="118.1251985"/>
 <node id="1408157546" visible="true" version="4" changeset="132681457" timestamp="2023-02-17T15:04:55Z" user="Rudi_Z" uid="18335662" lat="24.5422326" lon="118.1253554"/>
 <node id="1408157613" visible="true" version="4" changeset="132681457" timestamp="2023-02-17T15:04:55Z" user="Rudi_Z" uid="18335662" lat="24.5426303" lon="118.1256961"/>
 <node id="1408157625" visible="true" version="5" changeset="132681457" timestamp="2023-02-17T15:04:55Z" user="Rudi_Z" uid="18335662" lat="24.5431542" lon="118.1262593"/>
 <node id="1408157740" visible="true" version="5" changeset="132681457" timestamp="2023-02-17T15:04:55Z" user="Rudi_Z" uid="18335662" lat="24.5465183" lon="118.1338730"/>
 <node id="1408157746" visible="true" version="4" changeset="132681457" timestamp="2023-02-17T15:04:55Z" user="Rudi_Z" uid="18335662" lat="24.5463140" lon="118.1306810"/>
 <node id="1408157789" visible="true" version="4" changeset="132681457" timestamp="2023-02-17T15:04:55Z" user="Rudi_Z" uid="18335662" lat="24.5487148" lon="118.1369722"/>
 <node id="1408157791" visible="true" version="5" changeset="132681457" timestamp="2023-02-17T15:04:55Z" user="Rudi_Z" uid="18335662" lat="24.5483239" lon="118.1334910"/>
 <node id="1408157832" visible="true" version="5" changeset="132681457" timestamp="2023-02-17T15:04:55Z" user="Rudi_Z" uid="18335662" lat="24.5531477" lon="118.1402478"/>
 <node id="1422693820" visible="true" version="4" changeset="152152361" timestamp="2024-06-02T10:00:02Z" user="Popolon" uid="27454" lat="24.5329532" lon="118.1283115"/>
 <node id="1422693845" visible="true" version="2" changeset="92154049" timestamp="2020-10-08T07:37:29Z" user="ObRiver" uid="10529631" lat="24.5356776" lon="118.1259938"/>
 <node id="1422693846" visible="true" version="3" changeset="92154049" timestamp="2020-10-08T07:37:29Z" user="ObRiver" uid="10529631" lat="24.5356874" lon="118.1260635"/>
 <node id="1422693848" visible="true" version="2" changeset="92154049" timestamp="2020-10-08T07:37:29Z" user="ObRiver" uid="10529631" lat="24.5357709" lon="118.1259254"/>
 <node id="1422693849" visible="true" version="2" changeset="92154049" timestamp="2020-10-08T07:37:29Z" user="ObRiver" uid="10529631" lat="24.5358313" lon="118.1259676"/>
 <node id="1422693850" visible="true" version="2" changeset="92154049" timestamp="2020-10-08T07:37:29Z" user="ObRiver" uid="10529631" lat="24.5359118" lon="118.1259046"/>
 <node id="1422693852" visible="true" version="2" changeset="92154049" timestamp="2020-10-08T07:37:29Z" user="ObRiver" uid="10529631" lat="24.5359710" lon="118.1259777"/>
 <node id="1422693853" visible="true" version="2" changeset="92154049" timestamp="2020-10-08T07:37:29Z" user="ObRiver" uid="10529631" lat="24.5360326" lon="118.1260018"/>
 <node id="1422693854" visible="true" version="2" changeset="92154049" timestamp="2020-10-08T07:37:29Z" user="ObRiver" uid="10529631" lat="24.5361479" lon="118.1261983"/>
 <node id="1422693870" visible="true" version="3" changeset="92154049" timestamp="2020-10-08T07:37:29Z" user="ObRiver" uid="10529631" lat="24.5369974" lon="118.1291646"/>
 <node id="1422693889" visible="true" version="3" changeset="92154049" timestamp="2020-10-08T07:37:29Z" user="ObRiver" uid="10529631" lat="24.5376302" lon="118.1286290"/>
 <node id="1422693890" visible="true" version="2" changeset="92154049" timestamp="2020-10-08T07:37:29Z" user="ObRiver" uid="10529631" lat="24.5376851" lon="118.1283608"/>
 <node id="1422693893" visible="true" version="2" changeset="92154049" timestamp="2020-10-08T07:37:29Z" user="ObRiver" uid="10529631" lat="24.5376936" lon="118.1284828"/>
 <node id="1422693895" visible="true" version="1" changeset="9205821" timestamp="2011-09-04T07:02:05Z" user="Eugene" uid="26260" lat="24.5377162" lon="118.1283490"/>
 <node id="1422693926" visible="true" version="2" changeset="92154049" timestamp="2020-10-08T07:37:29Z" user="ObRiver" uid="10529631" lat="24.5383055" lon="118.1280805"/>
 <node id="1422693953" visible="true" version="2" changeset="92169710" timestamp="2020-10-08T10:53:27Z" user="ObRiver" uid="10529631" lat="24.5391610" lon="118.1302941"/>
 <node id="1422693965" visible="true" version="2" changeset="92154049" timestamp="2020-10-08T07:37:29Z" user="ObRiver" uid="10529631" lat="24.5394230" lon="118.1293492"/>
 <node id="1422694007" visible="true" version="2" changeset="109451171" timestamp="2021-08-10T09:19:25Z" user="Kirkepladsen" uid="10892567" lat="24.5405116" lon="118.1321580"/>
 <node id="1762871019" visible="true" version="1" changeset="11678151" timestamp="2012-05-23T07:07:23Z" user="Popolon" uid="27454" lat="24.5335771" lon="118.1170821"/>
 <node id="1762871020" visible="true" version="1" changeset="11678151" timestamp="2012-05-23T07:07:23Z" user="Popolon" uid="27454" lat="24.5399418" lon="118.1290872"/>
 <node id="1762871021" visible="true" version="3" changeset="92110395" timestamp="2020-10-07T11:52:46Z" user="ObRiver" uid="10529631" lat="24.5368220" lon="118.1255653"/>
 <node id="1762871022" visible="true" version="1" changeset="11678151" timestamp="2012-05-23T07:07:23Z" user="Popolon" uid="27454" lat="24.5435907" lon="118.1365544"/>
 <node id="1762871023" visible="true" version="1" changeset="11678151" timestamp="2012-05-23T07:07:23Z" user="Popolon" uid="27454" lat="24.5469259" lon="118.1353297"/>
 <node id="1762871024" visible="true" version="1" changeset="11678151" timestamp="2012-05-23T07:07:23Z" user="Popolon" uid="27454" lat="24.5325816" lon="118.1178439"/>
 <node id="1762871025" visible="true" version="1" changeset="11678151" timestamp="2012-05-23T07:07:23Z" user="Popolon" uid="27454" lat="24.5338382" lon="118.1174662"/>
 <node id="1762871026" visible="true" version="1" changeset="11678151" timestamp="2012-05-23T07:07:23Z" user="Popolon" uid="27454" lat="24.5356951" lon="118.1231541"/>
 <node id="1762871028" visible="true" version="3" changeset="132681457" timestamp="2023-02-17T15:04:55Z" user="Rudi_Z" uid="18335662" lat="24.5377253" lon="118.1220020"/>
 <node id="1762871029" visible="true" version="1" changeset="11678151" timestamp="2012-05-23T07:07:23Z" user="Popolon" uid="27454" lat="24.5360342" lon="118.1223586"/>
 <node id="1762871036" visible="true" version="4" changeset="132681457" timestamp="2023-02-17T15:04:55Z" user="Rudi_Z" uid="18335662" lat="24.5380622" lon="118.1220618"/>
 <node id="1762871037" visible="true" version="2" changeset="92148246" timestamp="2020-10-08T06:27:13Z" user="ObRiver" uid="10529631" lat="24.5339822" lon="118.1173128"/>
 <node id="1762871038" visible="true" version="1" changeset="11678151" timestamp="2012-05-23T07:07:24Z" user="Popolon" uid="27454" lat="24.5424000" lon="118.1386787"/>
 <node id="1762871039" visible="true" version="1" changeset="11678151" timestamp="2012-05-23T07:07:24Z" user="Popolon" uid="27454" lat="24.5411313" lon="118.1336469"/>
 <node id="1762871040" visible="true" version="2" changeset="92148246" timestamp="2020-10-08T06:27:13Z" user="ObRiver" uid="10529631" lat="24.5374170" lon="118.1222459"/>
 <node id="1762871041" visible="true" version="1" changeset="11678151" timestamp="2012-05-23T07:07:24Z" user="Popolon" uid="27454" lat="24.5396966" lon="118.1316835"/>
 <node id="1762871043" visible="true" version="1" changeset="11678151" timestamp="2012-05-23T07:07:24Z" user="Popolon" uid="27454" lat="24.5432589" lon="118.1366510"/>
 <node id="1762871045" visible="true" version="1" changeset="11678151" timestamp="2012-05-23T07:07:24Z" user="Popolon" uid="27454" lat="24.5386914" lon="118.1325848"/>
 <node id="1762871046" visible="true" version="2" changeset="109067178" timestamp="2021-08-03T06:12:47Z" user="Kirkepladsen" uid="10892567" lat="24.5427440" lon="118.1330578"/>
 <node id="1762871047" visible="true" version="2" changeset="92110395" timestamp="2020-10-07T11:52:46Z" user="ObRiver" uid="10529631" lat="24.5362272" lon="118.1260816"/>
 <node id="1762871048" visible="true" version="3" changeset="132681457" timestamp="2023-02-17T15:04:55Z" user="Rudi_Z" uid="18335662" lat="24.5376466" lon="118.1220288"/>
 <node id="1762871049" visible="true" version="2" changeset="92110395" timestamp="2020-10-07T11:52:46Z" user="ObRiver" uid="10529631" lat="24.5374625" lon="118.1277895"/>
 <node id="1762871050" visible="true" version="3" changeset="132681457" timestamp="2023-02-17T15:04:55Z" user="Rudi_Z" uid="18335662" lat="24.5378284" lon="118.1219886"/>
 <node id="1762871051" visible="true" version="3" changeset="92110395" timestamp="2020-10-07T11:52:46Z" user="ObRiver" uid="10529631" lat="24.5382283" lon="118.1275373"/>
 <node id="1762871052" visible="true" version="3" changeset="92148246" timestamp="2020-10-08T06:27:13Z" user="ObRiver" uid="10529631" lat="24.5369751" lon="118.1226202"/>
 <node id="1762871054" visible="true" version="1" changeset="11678151" timestamp="2012-05-23T07:07:24Z" user="Popolon" uid="27454" lat="24.5426806" lon="118.1371751"/>
 <node id="1762871055" visible="true" version="1" changeset="11678151" timestamp="2012-05-23T07:07:25Z" user="Popolon" uid="27454" lat="24.5418677" lon="118.1370045"/>
 <node id="1762871057" visible="true" version="2" changeset="49027159" timestamp="2017-05-27T15:21:47Z" user="samsung galaxy s6" uid="3691120" lat="24.5452497" lon="118.1368333"/>
 <node id="1762871058" visible="true" version="1" changeset="11678151" timestamp="2012-05-23T07:07:25Z" user="Popolon" uid="27454" lat="24.5415900" lon="118.1338722"/>
 <node id="1762871059" visible="true" version="3" changeset="121065438" timestamp="2022-05-16T18:54:22Z" user="Airbus 350-900" uid="15443585" lat="24.5360470" lon="118.1203903"/>
 <node id="1762871060" visible="true" version="1" changeset="11678151" timestamp="2012-05-23T07:07:25Z" user="Popolon" uid="27454" lat="24.5433052" lon="118.1379046"/>
 <node id="1762871061" visible="true" version="1" changeset="11678151" timestamp="2012-05-23T07:07:25Z" user="Popolon" uid="27454" lat="24.5414631" lon="118.1373376"/>
 <node id="1762871154" visible="true" version="3" changeset="92110395" timestamp="2020-10-07T11:52:46Z" user="ObRiver" uid="10529631" lat="24.5354373" lon="118.1232411"/>
 <node id="1762871155" visible="true" version="3" changeset="92110395" timestamp="2020-10-07T11:52:46Z" user="ObRiver" uid="10529631" lat="24.5352658" lon="118.1233987"/>
 <node id="1762871156" visible="true" version="3" changeset="158722240" timestamp="2024-11-04T00:36:03Z" user="user_18306654" uid="18306654" lat="24.5397148" lon="118.1291766"/>
 <node id="1762871157" visible="true" version="3" changeset="158722240" timestamp="2024-11-04T00:36:03Z" user="user_18306654" uid="18306654" lat="24.5394979" lon="118.1293220"/>
 <node id="1878910555" visible="true" version="2" changeset="92154049" timestamp="2020-10-08T07:37:29Z" user="ObRiver" uid="10529631" lat="24.5379691" lon="118.1283474"/>
 <node id="1881181459" visible="true" version="2" changeset="92154049" timestamp="2020-10-08T07:37:29Z" user="ObRiver" uid="10529631" lat="24.5351260" lon="118.1265454"/>
 <node id="2135981461" visible="true" version="3" changeset="152152361" timestamp="2024-06-02T10:00:02Z" user="Popolon" uid="27454" lat="24.5329985" lon="118.1282772"/>
 <node id="2135981463" visible="true" version="3" changeset="152152361" timestamp="2024-06-02T10:00:02Z" user="Popolon" uid="27454" lat="24.5339931" lon="118.1297488">
  <tag k="crossing" v="uncontrolled"/>
  <tag k="crossing:markings" v="yes"/>
  <tag k="highway" v="crossing"/>
 </node>
 <node id="2135981464" visible="true" version="2" changeset="152046958" timestamp="2024-05-30T17:21:46Z" user="Popolon" uid="27454" lat="24.5346863" lon="118.1307370"/>
 <node id="2135981465" visible="true" version="1" changeset="14859487" timestamp="2013-01-31T13:24:11Z" user="gerg1" uid="697073" lat="24.5348563" lon="118.1308184"/>
 <node id="2135981466" visible="true" version="2" changeset="152046958" timestamp="2024-05-30T17:21:46Z" user="Popolon" uid="27454" lat="24.5349841" lon="118.1309692"/>
 <node id="2135981467" visible="true" version="2" changeset="152046958" timestamp="2024-05-30T17:21:46Z" user="Popolon" uid="27454" lat="24.5350047" lon="118.1308028"/>
 <node id="2135981468" visible="true" version="2" changeset="152046958" timestamp="2024-05-30T17:21:46Z" user="Popolon" uid="27454" lat="24.5349848" lon="118.1310953"/>
 <node id="2135981469" visible="true" version="1" changeset="14859487" timestamp="2013-01-31T13:24:11Z" user="gerg1" uid="697073" lat="24.5350258" lon="118.1312418"/>
 <node id="2135981470" visible="true" version="2" changeset="152046958" timestamp="2024-05-30T17:21:46Z" user="Popolon" uid="27454" lat="24.5351481" lon="118.1307008"/>
 <node id="2135981471" visible="true" version="2" changeset="99025308" timestamp="2021-02-10T08:25:47Z" user="HualinXMN" uid="11858592" lat="24.5355708" lon="118.1319702">
  <tag k="bus" v="yes"/>
  <tag k="highway" v="bus_stop"/>
  <tag k="name" v="埭辽路口"/>
  <tag k="public_transport" v="platform"/>
 </node>
 <node id="2135981472" visible="true" version="2" changeset="152046958" timestamp="2024-05-30T17:21:46Z" user="Popolon" uid="27454" lat="24.5355914" lon="118.1319438"/>
 <node id="2135981473" visible="true" version="1" changeset="14859487" timestamp="2013-01-31T13:24:11Z" user="gerg1" uid="697073" lat="24.5358610" lon="118.1322317"/>
 <node id="2135981474" visible="true" version="2" changeset="99025308" timestamp="2021-02-10T08:25:47Z" user="HualinXMN" uid="11858592" lat="24.5359009" lon="118.1321628">
  <tag k="bus" v="yes"/>
  <tag k="highway" v="bus_stop"/>
  <tag k="name" v="埭辽路口"/>
  <tag k="public_transport" v="platform"/>
 </node>
 <node id="2135981475" visible="true" version="1" changeset="14859487" timestamp="2013-01-31T13:24:11Z" user="gerg1" uid="697073" lat="24.5365386" lon="118.1328248"/>
 <node id="2135981476" visible="true" version="1" changeset="14859487" timestamp="2013-01-31T13:24:11Z" user="gerg1" uid="697073" lat="24.5366211" lon="118.1327540"/>
 <node id="2135981477" visible="true" version="1" changeset="14859487" timestamp="2013-01-31T13:24:11Z" user="gerg1" uid="697073" lat="24.5385543" lon="118.1355030"/>
 <node id="2135981478" visible="true" version="1" changeset="14859487" timestamp="2013-01-31T13:24:11Z" user="gerg1" uid="697073" lat="24.5385892" lon="118.1354536"/>
 <node id="2135981479" visible="true" version="1" changeset="14859487" timestamp="2013-01-31T13:24:11Z" user="gerg1" uid="697073" lat="24.5395490" lon="118.1368594"/>
 <node id="2135981480" visible="true" version="1" changeset="14859487" timestamp="2013-01-31T13:24:11Z" user="gerg1" uid="697073" lat="24.5395917" lon="118.1368069"/>
 <node id="2135981481" visible="true" version="1" changeset="14859487" timestamp="2013-01-31T13:24:11Z" user="gerg1" uid="697073" lat="24.5405112" lon="118.1382289"/>
 <node id="2135981482" visible="true" version="1" changeset="14859487" timestamp="2013-01-31T13:24:11Z" user="gerg1" uid="697073" lat="24.5405892" lon="118.1381779"/>
 <node id="2259585818" visible="true" version="3" changeset="92148246" timestamp="2020-10-08T06:27:13Z" user="ObRiver" uid="10529631" lat="24.5392320" lon="118.1256931"/>
 <node id="2259585819" visible="true" version="4" changeset="132681457" timestamp="2023-02-17T15:04:55Z" user="Rudi_Z" uid="18335662" lat="24.5401191" lon="118.1249317"/>
 <node id="2259585821" visible="true" version="3" changeset="92148246" timestamp="2020-10-08T06:27:13Z" user="ObRiver" uid="10529631" lat="24.5412639" lon="118.1284954"/>
 <node id="2259585823" visible="true" version="2" changeset="92150627" timestamp="2020-10-08T06:55:05Z" user="ObRiver" uid="10529631" lat="24.5421778" lon="118.1277774"/>
 <node id="2259585827" visible="true" version="4" changeset="132681457" timestamp="2023-02-17T15:04:55Z" user="Rudi_Z" uid="18335662" lat="24.5448176" lon="118.1315022"/>
 <node id="2755865319" visible="true" version="2" changeset="92154049" timestamp="2020-10-08T07:37:29Z" user="ObRiver" uid="10529631" lat="24.5339934" lon="118.1274681"/>
 <node id="2755865325" visible="true" version="2" changeset="152046958" timestamp="2024-05-30T17:21:46Z" user="Popolon" uid="27454" lat="24.5358439" lon="118.1301170"/>
 <node id="2755865326" visible="true" version="2" changeset="92169710" timestamp="2020-10-08T10:53:27Z" user="ObRiver" uid="10529631" lat="24.5392931" lon="118.1304723"/>
 <node id="2755865328" visible="true" version="1" changeset="21417235" timestamp="2014-03-31T10:58:39Z" user="gerg1" uid="697073" lat="24.5414337" lon="118.1395418"/>
 <node id="2755865329" visible="true" version="2" changeset="66261098" timestamp="2019-01-12T21:34:51Z" user="lorenzo23622" uid="476483" lat="24.5414837" lon="118.1394731"/>
 <node id="3333949265" visible="true" version="2" changeset="92110395" timestamp="2020-10-07T11:52:46Z" user="ObRiver" uid="10529631" lat="24.5455807" lon="118.1417727"/>
 <node id="3333949285" visible="true" version="2" changeset="92110395" timestamp="2020-10-07T11:52:46Z" user="ObRiver" uid="10529631" lat="24.5477776" lon="118.1448743"/>
 <node id="4078014593" visible="true" version="4" changeset="152046958" timestamp="2024-05-30T17:21:46Z" user="Popolon" uid="27454" lat="24.5354522" lon="118.1286229">
  <tag k="bus" v="yes"/>
  <tag k="highway" v="bus_stop"/>
  <tag k="name" v="高崎T3候机楼站"/>
  <tag k="public_transport" v="platform"/>
 </node>
 <node id="4078025411" visible="true" version="6" changeset="152046958" timestamp="2024-05-30T17:21:46Z" user="Popolon" uid="27454" lat="24.5361462" lon="118.1298587"/>
 <node id="4078025412" visible="true" version="5" changeset="99284717" timestamp="2021-02-15T06:39:26Z" user="HualinXMN" uid="11858592" lat="24.5342816" lon="118.1272127"/>
 <node id="4406352939" visible="true" version="5" changeset="132681457" timestamp="2023-02-17T15:04:55Z" user="Rudi_Z" uid="18335662" lat="24.5442121" lon="118.1277442"/>
 <node id="4406352942" visible="true" version="5" changeset="132681457" timestamp="2023-02-17T15:04:55Z" user="Rudi_Z" uid="18335662" lat="24.5457855" lon="118.1328594"/>
 <node id="4406352947" visible="true" version="3" changeset="92152547" timestamp="2020-10-08T07:18:46Z" user="ObRiver" uid="10529631" lat="24.5384138" lon="118.1313355"/>
 <node id="4406352948" visible="true" version="2" changeset="46703265" timestamp="2017-03-09T08:58:09Z" user="Jason Roy" uid="5147743" lat="24.5389298" lon="118.1320485"/>
 <node id="4406352949" visible="true" version="2" changeset="46703265" timestamp="2017-03-09T08:58:09Z" user="Jason Roy" uid="5147743" lat="24.5396834" lon="118.1313771"/>
 <node id="4406352950" visible="true" version="2" changeset="46703265" timestamp="2017-03-09T08:58:09Z" user="Jason Roy" uid="5147743" lat="24.5414125" lon="118.1337224"/>
 <node id="4406352951" visible="true" version="2" changeset="46703265" timestamp="2017-03-09T08:58:09Z" user="Jason Roy" uid="5147743" lat="24.5424424" lon="118.1328047"/>
 <node id="4406352952" visible="true" version="3" changeset="92152547" timestamp="2020-10-08T07:18:46Z" user="ObRiver" uid="10529631" lat="24.5401802" lon="118.1297117"/>
 <node id="4406352953" visible="true" version="2" changeset="92110395" timestamp="2020-10-07T11:52:46Z" user="ObRiver" uid="10529631" lat="24.5390788" lon="118.1292807"/>
 <node id="4406352954" visible="true" version="2" changeset="92110395" timestamp="2020-10-07T11:52:46Z" user="ObRiver" uid="10529631" lat="24.5387440" lon="118.1295780"/>
 <node id="4406352955" visible="true" version="2" changeset="92110395" timestamp="2020-10-07T11:52:46Z" user="ObRiver" uid="10529631" lat="24.5392012" lon="118.1302221"/>
 <node id="4406352956" visible="true" version="2" changeset="92110395" timestamp="2020-10-07T11:52:46Z" user="ObRiver" uid="10529631" lat="24.5395167" lon="118.1299248"/>
 <node id="4406352957" visible="true" version="2" changeset="92154049" timestamp="2020-10-08T07:37:29Z" user="ObRiver" uid="10529631" lat="24.5382596" lon="118.1292592"/>
 <node id="4406352958" visible="true" version="2" changeset="92154049" timestamp="2020-10-08T07:37:29Z" user="ObRiver" uid="10529631" lat="24.5391275" lon="118.1304718"/>
 <node id="4406352959" visible="true" version="2" changeset="92154049" timestamp="2020-10-08T07:37:29Z" user="ObRiver" uid="10529631" lat="24.5382382" lon="118.1312409"/>
 <node id="4406352960" visible="true" version="2" changeset="92154049" timestamp="2020-10-08T07:37:29Z" user="ObRiver" uid="10529631" lat="24.5373703" lon="118.1300283"/>
 <node id="4663120477" visible="true" version="2" changeset="92169384" timestamp="2020-10-08T10:48:36Z" user="ObRiver" uid="10529631" lat="24.5359606" lon="118.1332760"/>
 <node id="4663166585" visible="true" version="1" changeset="45804020" timestamp="2017-02-04T12:32:30Z" user="jamesks" uid="2500" lat="24.5318140" lon="118.1192911"/>
 <node id="4663169590" visible="true" version="1" changeset="45804020" timestamp="2017-02-04T12:32:30Z" user="jamesks" uid="2500" lat="24.5340356" lon="118.1224999"/>
 <node id="4663169591" visible="true" version="3" changeset="152152094" timestamp="2024-06-02T09:52:43Z" user="Popolon" uid="27454" lat="24.5356851" lon="118.1265269"/>
 <node id="4663169613" visible="true" version="4" changeset="152152094" timestamp="2024-06-02T09:52:43Z" user="Popolon" uid="27454" lat="24.5369269" lon="118.1289880"/>
 <node id="4663169629" visible="true" version="2" changeset="92154049" timestamp="2020-10-08T07:37:29Z" user="ObRiver" uid="10529631" lat="24.5354238" lon="118.1265061"/>
 <node id="4663169632" visible="true" version="3" changeset="152046958" timestamp="2024-05-30T17:21:46Z" user="Popolon" uid="27454" lat="24.5362089" lon="118.1297886"/>
 <node id="4663169639" visible="true" version="2" changeset="152152094" timestamp="2024-06-02T09:52:43Z" user="Popolon" uid="27454" lat="24.5370817" lon="118.1284868"/>
 <node id="4663169646" visible="true" version="1" changeset="45804020" timestamp="2017-02-04T12:32:31Z" user="jamesks" uid="2500" lat="24.5334499" lon="118.1216785"/>
 <node id="4663169672" visible="true" version="1" changeset="45804020" timestamp="2017-02-04T12:32:31Z" user="jamesks" uid="2500" lat="24.5313870" lon="118.1187013"/>
 <node id="4663169673" visible="true" version="2" changeset="99025308" timestamp="2021-02-10T08:25:47Z" user="HualinXMN" uid="11858592" lat="24.5341902" lon="118.1231536"/>
 <node id="4663169689" visible="true" version="3" changeset="152152094" timestamp="2024-06-02T09:52:43Z" user="Popolon" uid="27454" lat="24.5370453" lon="118.1288491"/>
 <node id="4663169692" visible="true" version="2" changeset="152152094" timestamp="2024-06-02T09:52:43Z" user="Popolon" uid="27454" lat="24.5322826" lon="118.1199878"/>
 <node id="4663169696" visible="true" version="3" changeset="152036846" timestamp="2024-05-30T13:46:09Z" user="Popolon" uid="27454" lat="24.5349382" lon="118.1268949"/>
 <node id="4663169708" visible="true" version="1" changeset="45804020" timestamp="2017-02-04T12:32:32Z" user="jamesks" uid="2500" lat="24.5322514" lon="118.1199418"/>
 <node id="4663169712" visible="true" version="2" changeset="99025308" timestamp="2021-02-10T08:25:47Z" user="HualinXMN" uid="11858592" lat="24.5342063" lon="118.1232939"/>
 <node id="4725548117" visible="true" version="1" changeset="46703265" timestamp="2017-03-09T08:58:07Z" user="Jason Roy" uid="5147743" lat="24.5409974" lon="118.1310126"/>
 <node id="4725548118" visible="true" version="1" changeset="46703265" timestamp="2017-03-09T08:58:07Z" user="Jason Roy" uid="5147743" lat="24.5412037" lon="118.1312949"/>
 <node id="4725548119" visible="true" version="1" changeset="46703265" timestamp="2017-03-09T08:58:07Z" user="Jason Roy" uid="5147743" lat="24.5412320" lon="118.1312699"/>
 <node id="4725548120" visible="true" version="1" changeset="46703265" timestamp="2017-03-09T08:58:07Z" user="Jason Roy" uid="5147743" lat="24.5410256" lon="118.1309876"/>
 <node id="4725548121" visible="true" version="1" changeset="46703265" timestamp="2017-03-09T08:58:07Z" user="Jason Roy" uid="5147743" lat="24.5407157" lon="118.1306251"/>
 <node id="4725548122" visible="true" version="1" changeset="46703265" timestamp="2017-03-09T08:58:07Z" user="Jason Roy" uid="5147743" lat="24.5409185" lon="118.1309025"/>
 <node id="4725548123" visible="true" version="1" changeset="46703265" timestamp="2017-03-09T08:58:07Z" user="Jason Roy" uid="5147743" lat="24.5407430" lon="118.1306010"/>
 <node id="4725548124" visible="true" version="1" changeset="46703265" timestamp="2017-03-09T08:58:07Z" user="Jason Roy" uid="5147743" lat="24.5409458" lon="118.1308784"/>
 <node id="4725548125" visible="true" version="1" changeset="46703265" timestamp="2017-03-09T08:58:07Z" user="Jason Roy" uid="5147743" lat="24.5388567" lon="118.1311073"/>
 <node id="4725548126" visible="true" version="1" changeset="46703265" timestamp="2017-03-09T08:58:07Z" user="Jason Roy" uid="5147743" lat="24.5387488" lon="118.1312026"/>
 <node id="4725548127" visible="true" version="1" changeset="46703265" timestamp="2017-03-09T08:58:07Z" user="Jason Roy" uid="5147743" lat="24.5388717" lon="118.1311278"/>
 <node id="4725548128" visible="true" version="1" changeset="46703265" timestamp="2017-03-09T08:58:07Z" user="Jason Roy" uid="5147743" lat="24.5387638" lon="118.1312232"/>
 <node id="4725548129" visible="true" version="1" changeset="46703265" timestamp="2017-03-09T08:58:07Z" user="Jason Roy" uid="5147743" lat="24.5386311" lon="118.1314032"/>
 <node id="4725548130" visible="true" version="1" changeset="46703265" timestamp="2017-03-09T08:58:07Z" user="Jason Roy" uid="5147743" lat="24.5387162" lon="118.1313281"/>
 <node id="4725548131" visible="true" version="1" changeset="46703265" timestamp="2017-03-09T08:58:07Z" user="Jason Roy" uid="5147743" lat="24.5390633" lon="118.1310243"/>
 <node id="4725548132" visible="true" version="1" changeset="46703265" timestamp="2017-03-09T08:58:07Z" user="Jason Roy" uid="5147743" lat="24.5390039" lon="118.1310768"/>
 <node id="4725548133" visible="true" version="1" changeset="46703265" timestamp="2017-03-09T08:58:07Z" user="Jason Roy" uid="5147743" lat="24.5386882" lon="118.1312899"/>
 <node id="4725548134" visible="true" version="1" changeset="46703265" timestamp="2017-03-09T08:58:07Z" user="Jason Roy" uid="5147743" lat="24.5389747" lon="118.1310369"/>
 <node id="4725548135" visible="true" version="1" changeset="46703265" timestamp="2017-03-09T08:58:07Z" user="Jason Roy" uid="5147743" lat="24.5389623" lon="118.1311520"/>
 <node id="4725548136" visible="true" version="1" changeset="46703265" timestamp="2017-03-09T08:58:07Z" user="Jason Roy" uid="5147743" lat="24.5390625" lon="118.1312890"/>
 <node id="4725548137" visible="true" version="1" changeset="46703265" timestamp="2017-03-09T08:58:07Z" user="Jason Roy" uid="5147743" lat="24.5391761" lon="118.1311887"/>
 <node id="4725548138" visible="true" version="1" changeset="46703265" timestamp="2017-03-09T08:58:07Z" user="Jason Roy" uid="5147743" lat="24.5390784" lon="118.1310450"/>
 <node id="4725548139" visible="true" version="1" changeset="46703265" timestamp="2017-03-09T08:58:07Z" user="Jason Roy" uid="5147743" lat="24.5386470" lon="118.1314325"/>
 <node id="4725548140" visible="true" version="1" changeset="46703265" timestamp="2017-03-09T08:58:07Z" user="Jason Roy" uid="5147743" lat="24.5387392" lon="118.1315586"/>
 <node id="4725548141" visible="true" version="1" changeset="46703265" timestamp="2017-03-09T08:58:07Z" user="Jason Roy" uid="5147743" lat="24.5388424" lon="118.1314674"/>
 <node id="4725548142" visible="true" version="1" changeset="46703265" timestamp="2017-03-09T08:58:07Z" user="Jason Roy" uid="5147743" lat="24.5387502" lon="118.1313413"/>
 <node id="4725548143" visible="true" version="1" changeset="46703265" timestamp="2017-03-09T08:58:07Z" user="Jason Roy" uid="5147743" lat="24.5391067" lon="118.1313704"/>
 <node id="4725548144" visible="true" version="1" changeset="46703265" timestamp="2017-03-09T08:58:07Z" user="Jason Roy" uid="5147743" lat="24.5392168" lon="118.1315210"/>
 <node id="4725548145" visible="true" version="1" changeset="46703265" timestamp="2017-03-09T08:58:07Z" user="Jason Roy" uid="5147743" lat="24.5396368" lon="118.1311500"/>
 <node id="4725548146" visible="true" version="1" changeset="46703265" timestamp="2017-03-09T08:58:07Z" user="Jason Roy" uid="5147743" lat="24.5395267" lon="118.1309993"/>
 <node id="4725548147" visible="true" version="1" changeset="46703265" timestamp="2017-03-09T08:58:07Z" user="Jason Roy" uid="5147743" lat="24.5405236" lon="118.1305078"/>
 <node id="4725548148" visible="true" version="1" changeset="46703265" timestamp="2017-03-09T08:58:07Z" user="Jason Roy" uid="5147743" lat="24.5400202" lon="118.1298192"/>
 <node id="4725548149" visible="true" version="1" changeset="46703265" timestamp="2017-03-09T08:58:08Z" user="Jason Roy" uid="5147743" lat="24.5400938" lon="118.1297541"/>
 <node id="4725548150" visible="true" version="1" changeset="46703265" timestamp="2017-03-09T08:58:08Z" user="Jason Roy" uid="5147743" lat="24.5405972" lon="118.1304428"/>
 <node id="4725548151" visible="true" version="1" changeset="46703265" timestamp="2017-03-09T08:58:08Z" user="Jason Roy" uid="5147743" lat="24.5405985" lon="118.1307018"/>
 <node id="4725548152" visible="true" version="1" changeset="46703265" timestamp="2017-03-09T08:58:08Z" user="Jason Roy" uid="5147743" lat="24.5411111" lon="118.1314030"/>
 <node id="4725548153" visible="true" version="1" changeset="46703265" timestamp="2017-03-09T08:58:08Z" user="Jason Roy" uid="5147743" lat="24.5411736" lon="118.1313479"/>
 <node id="4725548154" visible="true" version="1" changeset="46703265" timestamp="2017-03-09T08:58:08Z" user="Jason Roy" uid="5147743" lat="24.5406610" lon="118.1306466"/>
 <node id="4725548159" visible="true" version="1" changeset="46703265" timestamp="2017-03-09T08:58:08Z" user="Jason Roy" uid="5147743" lat="24.5407022" lon="118.1305452"/>
 <node id="4725548160" visible="true" version="1" changeset="46703265" timestamp="2017-03-09T08:58:08Z" user="Jason Roy" uid="5147743" lat="24.5412822" lon="118.1313386"/>
 <node id="4725548161" visible="true" version="1" changeset="46703265" timestamp="2017-03-09T08:58:08Z" user="Jason Roy" uid="5147743" lat="24.5413511" lon="118.1312778"/>
 <node id="4725548162" visible="true" version="1" changeset="46703265" timestamp="2017-03-09T08:58:08Z" user="Jason Roy" uid="5147743" lat="24.5407711" lon="118.1304844"/>
 <node id="4725548163" visible="true" version="1" changeset="46703265" timestamp="2017-03-09T08:58:08Z" user="Jason Roy" uid="5147743" lat="24.5395279" lon="118.1301613"/>
 <node id="4725548164" visible="true" version="1" changeset="46703265" timestamp="2017-03-09T08:58:08Z" user="Jason Roy" uid="5147743" lat="24.5400925" lon="118.1309336"/>
 <node id="4725548165" visible="true" version="1" changeset="46703265" timestamp="2017-03-09T08:58:08Z" user="Jason Roy" uid="5147743" lat="24.5401959" lon="118.1308423"/>
 <node id="4725548166" visible="true" version="1" changeset="46703265" timestamp="2017-03-09T08:58:08Z" user="Jason Roy" uid="5147743" lat="24.5396313" lon="118.1300700"/>
 <node id="4725548167" visible="true" version="1" changeset="46703265" timestamp="2017-03-09T08:58:08Z" user="Jason Roy" uid="5147743" lat="24.5396709" lon="118.1300460"/>
 <node id="4725548168" visible="true" version="1" changeset="46703265" timestamp="2017-03-09T08:58:08Z" user="Jason Roy" uid="5147743" lat="24.5402315" lon="118.1308129"/>
 <node id="4725548169" visible="true" version="1" changeset="46703265" timestamp="2017-03-09T08:58:08Z" user="Jason Roy" uid="5147743" lat="24.5405384" lon="118.1305418"/>
 <node id="4725548170" visible="true" version="1" changeset="46703265" timestamp="2017-03-09T08:58:08Z" user="Jason Roy" uid="5147743" lat="24.5399778" lon="118.1297749"/>
 <node id="4880302247" visible="true" version="1" changeset="49027159" timestamp="2017-05-27T15:21:43Z" user="samsung galaxy s6" uid="3691120" lat="24.5439037" lon="118.1276467"/>
 <node id="4880302248" visible="true" version="1" changeset="49027159" timestamp="2017-05-27T15:21:43Z" user="samsung galaxy s6" uid="3691120" lat="24.5441965" lon="118.1281188"/>
 <node id="4880302249" visible="true" version="1" changeset="49027159" timestamp="2017-05-27T15:21:43Z" user="samsung galaxy s6" uid="3691120" lat="24.5444697" lon="118.1286338"/>
 <node id="4880302250" visible="true" version="1" changeset="49027159" timestamp="2017-05-27T15:21:43Z" user="samsung galaxy s6" uid="3691120" lat="24.5447723" lon="118.1294492"/>
 <node id="4880302251" visible="true" version="1" changeset="49027159" timestamp="2017-05-27T15:21:43Z" user="samsung galaxy s6" uid="3691120" lat="24.5449674" lon="118.1302538"/>
 <node id="4880302252" visible="true" version="1" changeset="49027159" timestamp="2017-05-27T15:21:43Z" user="samsung galaxy s6" uid="3691120" lat="24.5450455" lon="118.1309727"/>
 <node id="4880302253" visible="true" version="1" changeset="49027159" timestamp="2017-05-27T15:21:43Z" user="samsung galaxy s6" uid="3691120" lat="24.5449479" lon="118.1311658"/>
 <node id="4880302254" visible="true" version="1" changeset="49027159" timestamp="2017-05-27T15:21:43Z" user="samsung galaxy s6" uid="3691120" lat="24.5447820" lon="118.1311336"/>
 <node id="4880302255" visible="true" version="1" changeset="49027159" timestamp="2017-05-27T15:21:43Z" user="samsung galaxy s6" uid="3691120" lat="24.5407025" lon="118.1253937"/>
 <node id="4880302256" visible="true" version="1" changeset="49027159" timestamp="2017-05-27T15:21:43Z" user="samsung galaxy s6" uid="3691120" lat="24.5405659" lon="118.1251147"/>
 <node id="4880302257" visible="true" version="1" changeset="49027159" timestamp="2017-05-27T15:21:43Z" user="samsung galaxy s6" uid="3691120" lat="24.5405659" lon="118.1249645"/>
 <node id="4880302258" visible="true" version="1" changeset="49027159" timestamp="2017-05-27T15:21:44Z" user="samsung galaxy s6" uid="3691120" lat="24.5406538" lon="118.1248679"/>
 <node id="4880302259" visible="true" version="1" changeset="49027159" timestamp="2017-05-27T15:21:44Z" user="samsung galaxy s6" uid="3691120" lat="24.5408197" lon="118.1248787"/>
 <node id="4880302260" visible="true" version="1" changeset="49027159" timestamp="2017-05-27T15:21:44Z" user="samsung galaxy s6" uid="3691120" lat="24.5415907" lon="118.1252649"/>
 <node id="4880302261" visible="true" version="1" changeset="49027159" timestamp="2017-05-27T15:21:44Z" user="samsung galaxy s6" uid="3691120" lat="24.5423324" lon="118.1258228"/>
 <node id="4880302262" visible="true" version="1" changeset="49027159" timestamp="2017-05-27T15:21:44Z" user="samsung galaxy s6" uid="3691120" lat="24.5430351" lon="118.1264665"/>
 <node id="4880302263" visible="true" version="1" changeset="49027159" timestamp="2017-05-27T15:21:44Z" user="samsung galaxy s6" uid="3691120" lat="24.5409270" lon="118.1235698"/>
 <node id="4880302264" visible="true" version="1" changeset="49027159" timestamp="2017-05-27T15:21:44Z" user="samsung galaxy s6" uid="3691120" lat="24.5417663" lon="118.1247928"/>
 <node id="4880302265" visible="true" version="1" changeset="49027159" timestamp="2017-05-27T15:21:44Z" user="samsung galaxy s6" uid="3691120" lat="24.5401170" lon="118.1241169"/>
 <node id="4880302266" visible="true" version="1" changeset="49027159" timestamp="2017-05-27T15:21:44Z" user="samsung galaxy s6" uid="3691120" lat="24.5397851" lon="118.1239238"/>
 <node id="4880302267" visible="true" version="1" changeset="49027159" timestamp="2017-05-27T15:21:44Z" user="samsung galaxy s6" uid="3691120" lat="24.5394631" lon="118.1235805"/>
 <node id="4880302268" visible="true" version="1" changeset="49027159" timestamp="2017-05-27T15:21:44Z" user="samsung galaxy s6" uid="3691120" lat="24.5389946" lon="118.1230226"/>
 <node id="4880302269" visible="true" version="1" changeset="49027159" timestamp="2017-05-27T15:21:44Z" user="samsung galaxy s6" uid="3691120" lat="24.5383992" lon="118.1221106"/>
 <node id="4880302270" visible="true" version="1" changeset="49027159" timestamp="2017-05-27T15:21:44Z" user="samsung galaxy s6" uid="3691120" lat="24.5383114" lon="118.1218746"/>
 <node id="4880302271" visible="true" version="1" changeset="49027159" timestamp="2017-05-27T15:21:44Z" user="samsung galaxy s6" uid="3691120" lat="24.5384529" lon="118.1217298"/>
 <node id="4880302272" visible="true" version="1" changeset="49027159" timestamp="2017-05-27T15:21:44Z" user="samsung galaxy s6" uid="3691120" lat="24.5385652" lon="118.1217566"/>
 <node id="4880302273" visible="true" version="1" changeset="49027159" timestamp="2017-05-27T15:21:44Z" user="samsung galaxy s6" uid="3691120" lat="24.5396583" lon="118.1223038"/>
 <node id="4880302274" visible="true" version="1" changeset="49027159" timestamp="2017-05-27T15:21:44Z" user="samsung galaxy s6" uid="3691120" lat="24.5402731" lon="118.1227329"/>
 <node id="4880302275" visible="true" version="1" changeset="49027159" timestamp="2017-05-27T15:21:44Z" user="samsung galaxy s6" uid="3691120" lat="24.5406245" lon="118.1231299"/>
 <node id="4880302295" visible="true" version="1" changeset="49027159" timestamp="2017-05-27T15:21:44Z" user="samsung galaxy s6" uid="3691120" lat="24.5395411" lon="118.1216654"/>
 <node id="4880302296" visible="true" version="1" changeset="49027159" timestamp="2017-05-27T15:21:44Z" user="samsung galaxy s6" uid="3691120" lat="24.5378478" lon="118.1209305"/>
 <node id="4880302297" visible="true" version="1" changeset="49027159" timestamp="2017-05-27T15:21:44Z" user="samsung galaxy s6" uid="3691120" lat="24.5376429" lon="118.1208017"/>
 <node id="4880302298" visible="true" version="1" changeset="49027159" timestamp="2017-05-27T15:21:44Z" user="samsung galaxy s6" uid="3691120" lat="24.5373598" lon="118.1205818"/>
 <node id="4880302299" visible="true" version="1" changeset="49027159" timestamp="2017-05-27T15:21:44Z" user="samsung galaxy s6" uid="3691120" lat="24.5371158" lon="118.1202814"/>
 <node id="4880302300" visible="true" version="1" changeset="49027159" timestamp="2017-05-27T15:21:44Z" user="samsung galaxy s6" uid="3691120" lat="24.5369792" lon="118.1200453"/>
 <node id="4880302301" visible="true" version="1" changeset="49027159" timestamp="2017-05-27T15:21:44Z" user="samsung galaxy s6" uid="3691120" lat="24.5369401" lon="118.1198951"/>
 <node id="4880302302" visible="true" version="1" changeset="49027159" timestamp="2017-05-27T15:21:44Z" user="samsung galaxy s6" uid="3691120" lat="24.5369694" lon="118.1197557"/>
 <node id="4880302303" visible="true" version="1" changeset="49027159" timestamp="2017-05-27T15:21:44Z" user="samsung galaxy s6" uid="3691120" lat="24.5370231" lon="118.1196484"/>
 <node id="4880302304" visible="true" version="1" changeset="49027159" timestamp="2017-05-27T15:21:44Z" user="samsung galaxy s6" uid="3691120" lat="24.5374916" lon="118.1192568"/>
 <node id="4880302305" visible="true" version="1" changeset="49027159" timestamp="2017-05-27T15:21:44Z" user="samsung galaxy s6" uid="3691120" lat="24.5376136" lon="118.1192460"/>
 <node id="4880302306" visible="true" version="1" changeset="49027159" timestamp="2017-05-27T15:21:44Z" user="samsung galaxy s6" uid="3691120" lat="24.5377209" lon="118.1192460"/>
 <node id="4880302307" visible="true" version="1" changeset="49027159" timestamp="2017-05-27T15:21:44Z" user="samsung galaxy s6" uid="3691120" lat="24.5378381" lon="118.1193050"/>
 <node id="4880302308" visible="true" version="1" changeset="49027159" timestamp="2017-05-27T15:21:44Z" user="samsung galaxy s6" uid="3691120" lat="24.5378917" lon="118.1193694"/>
 <node id="4880302309" visible="true" version="1" changeset="49027159" timestamp="2017-05-27T15:21:44Z" user="samsung galaxy s6" uid="3691120" lat="24.5383675" lon="118.1217915"/>
 <node id="4880302310" visible="true" version="1" changeset="49027159" timestamp="2017-05-27T15:21:44Z" user="samsung galaxy s6" uid="3691120" lat="24.5383407" lon="118.1219980"/>
 <node id="4880302313" visible="true" version="4" changeset="132681457" timestamp="2023-02-17T15:04:55Z" user="Rudi_Z" uid="18335662" lat="24.5497603" lon="118.1383824"/>
 <node id="4880302318" visible="true" version="1" changeset="49027159" timestamp="2017-05-27T15:21:45Z" user="samsung galaxy s6" uid="3691120" lat="24.5492066" lon="118.1386984"/>
 <node id="4880302319" visible="true" version="1" changeset="49027159" timestamp="2017-05-27T15:21:45Z" user="samsung galaxy s6" uid="3691120" lat="24.5467233" lon="118.1408229"/>
 <node id="4880302320" visible="true" version="1" changeset="49027159" timestamp="2017-05-27T15:21:45Z" user="samsung galaxy s6" uid="3691120" lat="24.5444627" lon="118.1375638"/>
 <node id="4880302621" visible="true" version="1" changeset="49027159" timestamp="2017-05-27T15:21:45Z" user="samsung galaxy s6" uid="3691120" lat="24.5457802" lon="118.1394617"/>
 <node id="4880302622" visible="true" version="2" changeset="92110395" timestamp="2020-10-07T11:52:46Z" user="ObRiver" uid="10529631" lat="24.5462280" lon="118.1401868"/>
 <node id="4880302623" visible="true" version="2" changeset="92110395" timestamp="2020-10-07T11:52:46Z" user="ObRiver" uid="10529631" lat="24.5450579" lon="118.1411529"/>
 <node id="4880302624" visible="true" version="1" changeset="49027159" timestamp="2017-05-27T15:21:45Z" user="samsung galaxy s6" uid="3691120" lat="24.5445936" lon="118.1405459"/>
 <node id="4880302630" visible="true" version="3" changeset="132681457" timestamp="2023-02-17T15:04:55Z" user="Rudi_Z" uid="18335662" lat="24.5521247" lon="118.1388057"/>
 <node id="4880302635" visible="true" version="3" changeset="132681457" timestamp="2023-02-17T15:04:55Z" user="Rudi_Z" uid="18335662" lat="24.5513215" lon="118.1406020"/>
 <node id="5449574386" visible="true" version="1" changeset="56837985" timestamp="2018-03-03T04:43:30Z" user="WZTENG" uid="7583988" lat="24.5338704" lon="118.1247231"/>
 <node id="5449574387" visible="true" version="1" changeset="56837985" timestamp="2018-03-03T04:43:30Z" user="WZTENG" uid="7583988" lat="24.5338078" lon="118.1247727"/>
 <node id="5449574388" visible="true" version="1" changeset="56837985" timestamp="2018-03-03T04:43:30Z" user="WZTENG" uid="7583988" lat="24.5339876" lon="118.1250467"/>
 <node id="5449574389" visible="true" version="1" changeset="56837985" timestamp="2018-03-03T04:43:31Z" user="WZTENG" uid="7583988" lat="24.5340502" lon="118.1249971"/>
 <node id="5449574390" visible="true" version="2" changeset="154059819" timestamp="2024-07-17T13:56:55Z" user="samsung galaxy s6" uid="3691120" lat="24.5341126" lon="118.1256343"/>
 <node id="5449574391" visible="true" version="2" changeset="154059819" timestamp="2024-07-17T13:56:55Z" user="samsung galaxy s6" uid="3691120" lat="24.5339393" lon="118.1257795"/>
 <node id="5449574392" visible="true" version="2" changeset="154059819" timestamp="2024-07-17T13:56:55Z" user="samsung galaxy s6" uid="3691120" lat="24.5341855" lon="118.1261344"/>
 <node id="5449574393" visible="true" version="2" changeset="154059819" timestamp="2024-07-17T13:56:55Z" user="samsung galaxy s6" uid="3691120" lat="24.5344100" lon="118.1259676"/>
 <node id="5449574527" visible="true" version="2" changeset="92154703" timestamp="2020-10-08T07:46:10Z" user="ObRiver" uid="10529631" lat="24.5347480" lon="118.1259056"/>
 <node id="5449574528" visible="true" version="2" changeset="92154703" timestamp="2020-10-08T07:46:10Z" user="ObRiver" uid="10529631" lat="24.5346114" lon="118.1260123"/>
 <node id="5449574529" visible="true" version="2" changeset="92154703" timestamp="2020-10-08T07:46:10Z" user="ObRiver" uid="10529631" lat="24.5347519" lon="118.1262295"/>
 <node id="5449574530" visible="true" version="2" changeset="92154703" timestamp="2020-10-08T07:46:10Z" user="ObRiver" uid="10529631" lat="24.5346721" lon="118.1262919"/>
 <node id="5449574531" visible="true" version="2" changeset="92154703" timestamp="2020-10-08T07:46:10Z" user="ObRiver" uid="10529631" lat="24.5347717" lon="118.1264458"/>
 <node id="5449574532" visible="true" version="2" changeset="92154703" timestamp="2020-10-08T07:46:10Z" user="ObRiver" uid="10529631" lat="24.5349093" lon="118.1263382"/>
 <node id="5449574533" visible="true" version="2" changeset="92154703" timestamp="2020-10-08T07:46:10Z" user="ObRiver" uid="10529631" lat="24.5349327" lon="118.1261911"/>
 <node id="5449662445" visible="true" version="1" changeset="56838198" timestamp="2018-03-03T05:12:33Z" user="WZTENG" uid="7583988" lat="24.5346230" lon="118.1209537"/>
 <node id="5449662446" visible="true" version="1" changeset="56838198" timestamp="2018-03-03T05:12:33Z" user="WZTENG" uid="7583988" lat="24.5344751" lon="118.1210811"/>
 <node id="5449662447" visible="true" version="1" changeset="56838198" timestamp="2018-03-03T05:12:33Z" user="WZTENG" uid="7583988" lat="24.5345862" lon="118.1212370"/>
 <node id="5449662448" visible="true" version="1" changeset="56838198" timestamp="2018-03-03T05:12:33Z" user="WZTENG" uid="7583988" lat="24.5347341" lon="118.1211096"/>
 <node id="5449662449" visible="true" version="1" changeset="56838198" timestamp="2018-03-03T05:12:33Z" user="WZTENG" uid="7583988" lat="24.5348111" lon="118.1209682"/>
 <node id="5449662450" visible="true" version="1" changeset="56838198" timestamp="2018-03-03T05:12:33Z" user="WZTENG" uid="7583988" lat="24.5347532" lon="118.1208886"/>
 <node id="5449662451" visible="true" version="1" changeset="56838198" timestamp="2018-03-03T05:12:33Z" user="WZTENG" uid="7583988" lat="24.5347741" lon="118.1208620"/>
 <node id="5449662452" visible="true" version="1" changeset="56838198" timestamp="2018-03-03T05:12:33Z" user="WZTENG" uid="7583988" lat="24.5347757" lon="118.1208231"/>
 <node id="5449662453" visible="true" version="1" changeset="56838198" timestamp="2018-03-03T05:12:33Z" user="WZTENG" uid="7583988" lat="24.5348160" lon="118.1207842"/>
 <node id="5449662454" visible="true" version="1" changeset="56838198" timestamp="2018-03-03T05:12:33Z" user="WZTENG" uid="7583988" lat="24.5347789" lon="118.1207346"/>
 <node id="5449662455" visible="true" version="1" changeset="56838198" timestamp="2018-03-03T05:12:33Z" user="WZTENG" uid="7583988" lat="24.5347339" lon="118.1207735"/>
 <node id="5449662456" visible="true" version="1" changeset="56838198" timestamp="2018-03-03T05:12:33Z" user="WZTENG" uid="7583988" lat="24.5347145" lon="118.1207718"/>
 <node id="5449662457" visible="true" version="1" changeset="56838198" timestamp="2018-03-03T05:12:33Z" user="WZTENG" uid="7583988" lat="24.5346920" lon="118.1207824"/>
 <node id="5449662458" visible="true" version="1" changeset="56838198" timestamp="2018-03-03T05:12:33Z" user="WZTENG" uid="7583988" lat="24.5346759" lon="118.1207966"/>
 <node id="5449662459" visible="true" version="1" changeset="56838198" timestamp="2018-03-03T05:12:33Z" user="WZTENG" uid="7583988" lat="24.5346679" lon="118.1208196"/>
 <node id="5449662460" visible="true" version="1" changeset="56838198" timestamp="2018-03-03T05:12:33Z" user="WZTENG" uid="7583988" lat="24.5346711" lon="118.1208461"/>
 <node id="5449662461" visible="true" version="1" changeset="56838198" timestamp="2018-03-03T05:12:33Z" user="WZTENG" uid="7583988" lat="24.5346292" lon="118.1207930"/>
 <node id="5449662462" visible="true" version="1" changeset="56838198" timestamp="2018-03-03T05:12:33Z" user="WZTENG" uid="7583988" lat="24.5344441" lon="118.1209487"/>
 <node id="5449662463" visible="true" version="1" changeset="56838198" timestamp="2018-03-03T05:12:33Z" user="WZTENG" uid="7583988" lat="24.5344827" lon="118.1210089"/>
 <node id="5449662464" visible="true" version="1" changeset="56838198" timestamp="2018-03-03T05:12:33Z" user="WZTENG" uid="7583988" lat="24.5346212" lon="118.1208868"/>
 <node id="5449662465" visible="true" version="1" changeset="56838198" timestamp="2018-03-03T05:12:33Z" user="WZTENG" uid="7583988" lat="24.5346357" lon="118.1209063"/>
 <node id="5449662466" visible="true" version="1" changeset="56838198" timestamp="2018-03-03T05:12:33Z" user="WZTENG" uid="7583988" lat="24.5346196" lon="118.1209187"/>
 <node id="5449662467" visible="true" version="1" changeset="56838198" timestamp="2018-03-03T05:12:33Z" user="WZTENG" uid="7583988" lat="24.5347387" lon="118.1210903"/>
 <node id="5449662468" visible="true" version="1" changeset="56838198" timestamp="2018-03-03T05:12:33Z" user="WZTENG" uid="7583988" lat="24.5347918" lon="118.1210408"/>
 <node id="5449662469" visible="true" version="1" changeset="56838198" timestamp="2018-03-03T05:12:33Z" user="WZTENG" uid="7583988" lat="24.5347693" lon="118.1210071"/>
 <node id="5449662476" visible="true" version="2" changeset="92110395" timestamp="2020-10-07T11:52:46Z" user="ObRiver" uid="10529631" lat="24.5349612" lon="118.1229751"/>
 <node id="5449662477" visible="true" version="1" changeset="56838198" timestamp="2018-03-03T05:12:33Z" user="WZTENG" uid="7583988" lat="24.5354882" lon="118.1225750"/>
 <node id="5449662478" visible="true" version="1" changeset="56838198" timestamp="2018-03-03T05:12:33Z" user="WZTENG" uid="7583988" lat="24.5353513" lon="118.1223785"/>
 <node id="5449662479" visible="true" version="1" changeset="56838198" timestamp="2018-03-03T05:12:33Z" user="WZTENG" uid="7583988" lat="24.5355896" lon="118.1221786"/>
 <node id="5449662480" visible="true" version="1" changeset="56838198" timestamp="2018-03-03T05:12:34Z" user="WZTENG" uid="7583988" lat="24.5357763" lon="118.1224582"/>
 <node id="5449662481" visible="true" version="1" changeset="56838198" timestamp="2018-03-03T05:12:34Z" user="WZTENG" uid="7583988" lat="24.5377729" lon="118.1287534"/>
 <node id="5449662482" visible="true" version="1" changeset="56838198" timestamp="2018-03-03T05:12:34Z" user="WZTENG" uid="7583988" lat="24.5373810" lon="118.1290849"/>
 <node id="5449662483" visible="true" version="1" changeset="56838198" timestamp="2018-03-03T05:12:34Z" user="WZTENG" uid="7583988" lat="24.5375686" lon="118.1293530"/>
 <node id="5449662484" visible="true" version="1" changeset="56838198" timestamp="2018-03-03T05:12:34Z" user="WZTENG" uid="7583988" lat="24.5378615" lon="118.1291054"/>
 <node id="5449662485" visible="true" version="1" changeset="56838198" timestamp="2018-03-03T05:12:34Z" user="WZTENG" uid="7583988" lat="24.5378941" lon="118.1291520"/>
 <node id="5449662486" visible="true" version="1" changeset="56838198" timestamp="2018-03-03T05:12:34Z" user="WZTENG" uid="7583988" lat="24.5378386" lon="118.1291990"/>
 <node id="5449662487" visible="true" version="1" changeset="56838198" timestamp="2018-03-03T05:12:34Z" user="WZTENG" uid="7583988" lat="24.5378971" lon="118.1292825"/>
 <node id="5449662488" visible="true" version="1" changeset="56838198" timestamp="2018-03-03T05:12:34Z" user="WZTENG" uid="7583988" lat="24.5380517" lon="118.1291518"/>
 <node id="5449662489" visible="true" version="1" changeset="56838198" timestamp="2018-03-03T05:12:34Z" user="WZTENG" uid="7583988" lat="24.5373085" lon="118.1291356"/>
 <node id="5449662490" visible="true" version="1" changeset="56838198" timestamp="2018-03-03T05:12:34Z" user="WZTENG" uid="7583988" lat="24.5371975" lon="118.1292264"/>
 <node id="5449662491" visible="true" version="1" changeset="56838198" timestamp="2018-03-03T05:12:34Z" user="WZTENG" uid="7583988" lat="24.5373916" lon="118.1295131"/>
 <node id="5449662492" visible="true" version="1" changeset="56838198" timestamp="2018-03-03T05:12:34Z" user="WZTENG" uid="7583988" lat="24.5375027" lon="118.1294222"/>
 <node id="5449662493" visible="true" version="1" changeset="56838198" timestamp="2018-03-03T05:12:34Z" user="WZTENG" uid="7583988" lat="24.5374190" lon="118.1306055"/>
 <node id="5449662494" visible="true" version="1" changeset="56838198" timestamp="2018-03-03T05:12:34Z" user="WZTENG" uid="7583988" lat="24.5372750" lon="118.1304043"/>
 <node id="5449662495" visible="true" version="1" changeset="56838198" timestamp="2018-03-03T05:12:34Z" user="WZTENG" uid="7583988" lat="24.5373067" lon="118.1303722"/>
 <node id="5449662496" visible="true" version="1" changeset="56838198" timestamp="2018-03-03T05:12:34Z" user="WZTENG" uid="7583988" lat="24.5370505" lon="118.1300074"/>
 <node id="5449662497" visible="true" version="1" changeset="56838198" timestamp="2018-03-03T05:12:34Z" user="WZTENG" uid="7583988" lat="24.5370188" lon="118.1299779"/>
 <node id="5449662498" visible="true" version="1" changeset="56838198" timestamp="2018-03-03T05:12:34Z" user="WZTENG" uid="7583988" lat="24.5369773" lon="118.1299591"/>
 <node id="5449662499" visible="true" version="1" changeset="56838198" timestamp="2018-03-03T05:12:34Z" user="WZTENG" uid="7583988" lat="24.5369310" lon="118.1299510"/>
 <node id="5449662500" visible="true" version="1" changeset="56838198" timestamp="2018-03-03T05:12:34Z" user="WZTENG" uid="7583988" lat="24.5368895" lon="118.1299645"/>
 <node id="5449662501" visible="true" version="1" changeset="56838198" timestamp="2018-03-03T05:12:34Z" user="WZTENG" uid="7583988" lat="24.5368212" lon="118.1300208"/>
 <node id="5449662502" visible="true" version="1" changeset="56838198" timestamp="2018-03-03T05:12:34Z" user="WZTENG" uid="7583988" lat="24.5373092" lon="118.1307047"/>
 <node id="5449662503" visible="true" version="1" changeset="56838198" timestamp="2018-03-03T05:12:34Z" user="WZTENG" uid="7583988" lat="24.5368944" lon="118.1310668"/>
 <node id="5449662504" visible="true" version="1" changeset="56838198" timestamp="2018-03-03T05:12:34Z" user="WZTENG" uid="7583988" lat="24.5370237" lon="118.1312653"/>
 <node id="5449662505" visible="true" version="1" changeset="56838198" timestamp="2018-03-03T05:12:34Z" user="WZTENG" uid="7583988" lat="24.5370652" lon="118.1313029"/>
 <node id="5449662506" visible="true" version="1" changeset="56838198" timestamp="2018-03-03T05:12:34Z" user="WZTENG" uid="7583988" lat="24.5371164" lon="118.1313217"/>
 <node id="5449662507" visible="true" version="1" changeset="56838198" timestamp="2018-03-03T05:12:34Z" user="WZTENG" uid="7583988" lat="24.5371725" lon="118.1313324"/>
 <node id="5449662508" visible="true" version="1" changeset="56838198" timestamp="2018-03-03T05:12:34Z" user="WZTENG" uid="7583988" lat="24.5372238" lon="118.1313243"/>
 <node id="5449662509" visible="true" version="1" changeset="56838198" timestamp="2018-03-03T05:12:34Z" user="WZTENG" uid="7583988" lat="24.5372945" lon="118.1312653"/>
 <node id="5449662510" visible="true" version="1" changeset="56838198" timestamp="2018-03-03T05:12:34Z" user="WZTENG" uid="7583988" lat="24.5372750" lon="118.1312439"/>
 <node id="5449662511" visible="true" version="1" changeset="56838198" timestamp="2018-03-03T05:12:34Z" user="WZTENG" uid="7583988" lat="24.5376264" lon="118.1309408"/>
 <node id="5449662512" visible="true" version="1" changeset="56838198" timestamp="2018-03-03T05:12:34Z" user="WZTENG" uid="7583988" lat="24.5375800" lon="118.1308925"/>
 <node id="5449662513" visible="true" version="1" changeset="56838198" timestamp="2018-03-03T05:12:34Z" user="WZTENG" uid="7583988" lat="24.5376093" lon="118.1308925"/>
 <node id="5449662514" visible="true" version="1" changeset="56838198" timestamp="2018-03-03T05:12:34Z" user="WZTENG" uid="7583988" lat="24.5376288" lon="118.1308791"/>
 <node id="5449662515" visible="true" version="1" changeset="56838198" timestamp="2018-03-03T05:12:34Z" user="WZTENG" uid="7583988" lat="24.5376239" lon="118.1308415"/>
 <node id="5449662516" visible="true" version="1" changeset="56838198" timestamp="2018-03-03T05:12:34Z" user="WZTENG" uid="7583988" lat="24.5376117" lon="118.1308201"/>
 <node id="5449662517" visible="true" version="1" changeset="56838198" timestamp="2018-03-03T05:12:34Z" user="WZTENG" uid="7583988" lat="24.5375873" lon="118.1308120"/>
 <node id="5449662518" visible="true" version="1" changeset="56838198" timestamp="2018-03-03T05:12:34Z" user="WZTENG" uid="7583988" lat="24.5376166" lon="118.1307852"/>
 <node id="5449662519" visible="true" version="1" changeset="56838198" timestamp="2018-03-03T05:12:34Z" user="WZTENG" uid="7583988" lat="24.5374629" lon="118.1305733"/>
 <node id="5449662520" visible="true" version="1" changeset="56838198" timestamp="2018-03-03T05:12:34Z" user="WZTENG" uid="7583988" lat="24.5378050" lon="118.1310362"/>
 <node id="5449662521" visible="true" version="1" changeset="56838198" timestamp="2018-03-03T05:12:34Z" user="WZTENG" uid="7583988" lat="24.5376730" lon="118.1311423"/>
 <node id="5449662522" visible="true" version="1" changeset="56838198" timestamp="2018-03-03T05:12:34Z" user="WZTENG" uid="7583988" lat="24.5377825" lon="118.1313087"/>
 <node id="5449662523" visible="true" version="1" changeset="56838198" timestamp="2018-03-03T05:12:34Z" user="WZTENG" uid="7583988" lat="24.5374026" lon="118.1316272"/>
 <node id="5449662524" visible="true" version="1" changeset="56838198" timestamp="2018-03-03T05:12:34Z" user="WZTENG" uid="7583988" lat="24.5373848" lon="118.1316077"/>
 <node id="5449662525" visible="true" version="1" changeset="56838198" timestamp="2018-03-03T05:12:34Z" user="WZTENG" uid="7583988" lat="24.5373237" lon="118.1316626"/>
 <node id="5449662526" visible="true" version="1" changeset="56838198" timestamp="2018-03-03T05:12:34Z" user="WZTENG" uid="7583988" lat="24.5373414" lon="118.1316821"/>
 <node id="5449662527" visible="true" version="1" changeset="56838198" timestamp="2018-03-03T05:12:34Z" user="WZTENG" uid="7583988" lat="24.5373430" lon="118.1317051"/>
 <node id="5449662528" visible="true" version="1" changeset="56838198" timestamp="2018-03-03T05:12:34Z" user="WZTENG" uid="7583988" lat="24.5373494" lon="118.1317298"/>
 <node id="5449662529" visible="true" version="1" changeset="56838198" timestamp="2018-03-03T05:12:34Z" user="WZTENG" uid="7583988" lat="24.5373639" lon="118.1317493"/>
 <node id="5449662530" visible="true" version="1" changeset="56838198" timestamp="2018-03-03T05:12:34Z" user="WZTENG" uid="7583988" lat="24.5373897" lon="118.1317582"/>
 <node id="5449662531" visible="true" version="1" changeset="56838198" timestamp="2018-03-03T05:12:34Z" user="WZTENG" uid="7583988" lat="24.5374058" lon="118.1317723"/>
 <node id="5449662532" visible="true" version="1" changeset="56838198" timestamp="2018-03-03T05:12:34Z" user="WZTENG" uid="7583988" lat="24.5374203" lon="118.1317953"/>
 <node id="5449662533" visible="true" version="1" changeset="56838198" timestamp="2018-03-03T05:12:34Z" user="WZTENG" uid="7583988" lat="24.5374235" lon="118.1318219"/>
 <node id="5449662534" visible="true" version="1" changeset="56838198" timestamp="2018-03-03T05:12:34Z" user="WZTENG" uid="7583988" lat="24.5374814" lon="118.1317741"/>
 <node id="5449662535" visible="true" version="1" changeset="56838198" timestamp="2018-03-03T05:12:34Z" user="WZTENG" uid="7583988" lat="24.5374927" lon="118.1317900"/>
 <node id="5449662536" visible="true" version="1" changeset="56838198" timestamp="2018-03-03T05:12:34Z" user="WZTENG" uid="7583988" lat="24.5378742" lon="118.1314609"/>
 <node id="5449662537" visible="true" version="1" changeset="56838198" timestamp="2018-03-03T05:12:34Z" user="WZTENG" uid="7583988" lat="24.5378694" lon="118.1314219"/>
 <node id="5449662538" visible="true" version="1" changeset="56838198" timestamp="2018-03-03T05:12:34Z" user="WZTENG" uid="7583988" lat="24.5378951" lon="118.1314308"/>
 <node id="5449662539" visible="true" version="1" changeset="56838198" timestamp="2018-03-03T05:12:34Z" user="WZTENG" uid="7583988" lat="24.5379193" lon="118.1314290"/>
 <node id="5449662540" visible="true" version="1" changeset="56838198" timestamp="2018-03-03T05:12:34Z" user="WZTENG" uid="7583988" lat="24.5379402" lon="118.1314255"/>
 <node id="5449662541" visible="true" version="1" changeset="56838198" timestamp="2018-03-03T05:12:34Z" user="WZTENG" uid="7583988" lat="24.5379595" lon="118.1314078"/>
 <node id="5449662542" visible="true" version="1" changeset="56838198" timestamp="2018-03-03T05:12:34Z" user="WZTENG" uid="7583988" lat="24.5379708" lon="118.1313848"/>
 <node id="5449662543" visible="true" version="1" changeset="56838198" timestamp="2018-03-03T05:12:34Z" user="WZTENG" uid="7583988" lat="24.5379708" lon="118.1313441"/>
 <node id="5449662544" visible="true" version="1" changeset="56838198" timestamp="2018-03-03T05:12:35Z" user="WZTENG" uid="7583988" lat="24.5379579" lon="118.1313158"/>
 <node id="5449662545" visible="true" version="1" changeset="56838198" timestamp="2018-03-03T05:12:35Z" user="WZTENG" uid="7583988" lat="24.5379354" lon="118.1313051"/>
 <node id="5449662546" visible="true" version="1" changeset="56838198" timestamp="2018-03-03T05:12:35Z" user="WZTENG" uid="7583988" lat="24.5379161" lon="118.1313051"/>
 <node id="5449662547" visible="true" version="1" changeset="56838198" timestamp="2018-03-03T05:12:35Z" user="WZTENG" uid="7583988" lat="24.5379016" lon="118.1312768"/>
 <node id="5449662548" visible="true" version="1" changeset="56838198" timestamp="2018-03-03T05:12:35Z" user="WZTENG" uid="7583988" lat="24.5379434" lon="118.1312379"/>
 <node id="5449662549" visible="true" version="1" changeset="56838198" timestamp="2018-03-03T05:12:35Z" user="WZTENG" uid="7583988" lat="24.5370055" lon="118.1315137"/>
 <node id="5449662550" visible="true" version="1" changeset="56838198" timestamp="2018-03-03T05:12:35Z" user="WZTENG" uid="7583988" lat="24.5367439" lon="118.1318501"/>
 <node id="5449662551" visible="true" version="1" changeset="56838198" timestamp="2018-03-03T05:12:35Z" user="WZTENG" uid="7583988" lat="24.5366926" lon="118.1317760"/>
 <node id="5449662552" visible="true" version="1" changeset="56838198" timestamp="2018-03-03T05:12:35Z" user="WZTENG" uid="7583988" lat="24.5366212" lon="118.1318357"/>
 <node id="5449662553" visible="true" version="1" changeset="56838198" timestamp="2018-03-03T05:12:35Z" user="WZTENG" uid="7583988" lat="24.5368453" lon="118.1321595"/>
 <node id="5449662554" visible="true" version="1" changeset="56838198" timestamp="2018-03-03T05:12:35Z" user="WZTENG" uid="7583988" lat="24.5369374" lon="118.1320825"/>
 <node id="5449662555" visible="true" version="1" changeset="56838198" timestamp="2018-03-03T05:12:35Z" user="WZTENG" uid="7583988" lat="24.5368516" lon="118.1319586"/>
 <node id="5449662556" visible="true" version="1" changeset="56838198" timestamp="2018-03-03T05:12:35Z" user="WZTENG" uid="7583988" lat="24.5370437" lon="118.1317980"/>
 <node id="5449662557" visible="true" version="1" changeset="56838198" timestamp="2018-03-03T05:12:35Z" user="WZTENG" uid="7583988" lat="24.5371241" lon="118.1319142"/>
 <node id="5449662558" visible="true" version="1" changeset="56838198" timestamp="2018-03-03T05:12:35Z" user="WZTENG" uid="7583988" lat="24.5372246" lon="118.1318301"/>
 <node id="5449662559" visible="true" version="1" changeset="56838198" timestamp="2018-03-03T05:12:35Z" user="WZTENG" uid="7583988" lat="24.5369233" lon="118.1315824"/>
 <node id="5449662560" visible="true" version="1" changeset="56838198" timestamp="2018-03-03T05:12:35Z" user="WZTENG" uid="7583988" lat="24.5369749" lon="118.1316569"/>
 <node id="5449662561" visible="true" version="1" changeset="56838198" timestamp="2018-03-03T05:12:35Z" user="WZTENG" uid="7583988" lat="24.5364196" lon="118.1319243"/>
 <node id="5449662562" visible="true" version="1" changeset="56838198" timestamp="2018-03-03T05:12:35Z" user="WZTENG" uid="7583988" lat="24.5363401" lon="118.1319952"/>
 <node id="5449662563" visible="true" version="1" changeset="56838198" timestamp="2018-03-03T05:12:35Z" user="WZTENG" uid="7583988" lat="24.5366354" lon="118.1323953"/>
 <node id="5449662564" visible="true" version="1" changeset="56838198" timestamp="2018-03-03T05:12:35Z" user="WZTENG" uid="7583988" lat="24.5367149" lon="118.1323245"/>
 <node id="5449662574" visible="true" version="1" changeset="56838198" timestamp="2018-03-03T05:12:35Z" user="WZTENG" uid="7583988" lat="24.5361171" lon="118.1319244"/>
 <node id="5449662575" visible="true" version="1" changeset="56838198" timestamp="2018-03-03T05:12:35Z" user="WZTENG" uid="7583988" lat="24.5360348" lon="118.1319952"/>
 <node id="5449662576" visible="true" version="1" changeset="56838198" timestamp="2018-03-03T05:12:35Z" user="WZTENG" uid="7583988" lat="24.5362199" lon="118.1322551"/>
 <node id="5449662577" visible="true" version="1" changeset="56838198" timestamp="2018-03-03T05:12:35Z" user="WZTENG" uid="7583988" lat="24.5363022" lon="118.1321843"/>
 <node id="5449662578" visible="true" version="1" changeset="56838198" timestamp="2018-03-03T05:12:35Z" user="WZTENG" uid="7583988" lat="24.5381681" lon="118.1316488"/>
 <node id="5449662579" visible="true" version="1" changeset="56838198" timestamp="2018-03-03T05:12:35Z" user="WZTENG" uid="7583988" lat="24.5371217" lon="118.1325398"/>
 <node id="5449662580" visible="true" version="1" changeset="56838198" timestamp="2018-03-03T05:12:35Z" user="WZTENG" uid="7583988" lat="24.5373970" lon="118.1329306"/>
 <node id="5449662581" visible="true" version="1" changeset="56838198" timestamp="2018-03-03T05:12:35Z" user="WZTENG" uid="7583988" lat="24.5382640" lon="118.1321924"/>
 <node id="5449662582" visible="true" version="1" changeset="56838198" timestamp="2018-03-03T05:12:35Z" user="WZTENG" uid="7583988" lat="24.5382212" lon="118.1321317"/>
 <node id="5449662583" visible="true" version="1" changeset="56838198" timestamp="2018-03-03T05:12:35Z" user="WZTENG" uid="7583988" lat="24.5382954" lon="118.1320685"/>
 <node id="5449662584" visible="true" version="1" changeset="56838198" timestamp="2018-03-03T05:12:35Z" user="WZTENG" uid="7583988" lat="24.5382258" lon="118.1319697"/>
 <node id="5449662585" visible="true" version="1" changeset="56838198" timestamp="2018-03-03T05:12:35Z" user="WZTENG" uid="7583988" lat="24.5383310" lon="118.1318801"/>
 <node id="5449662666" visible="true" version="1" changeset="56838198" timestamp="2018-03-03T05:12:36Z" user="WZTENG" uid="7583988" lat="24.5342623" lon="118.1304343"/>
 <node id="5449662667" visible="true" version="1" changeset="56838198" timestamp="2018-03-03T05:12:36Z" user="WZTENG" uid="7583988" lat="24.5341656" lon="118.1305088"/>
 <node id="5449662668" visible="true" version="1" changeset="56838198" timestamp="2018-03-03T05:12:36Z" user="WZTENG" uid="7583988" lat="24.5342410" lon="118.1306271"/>
 <node id="5449662669" visible="true" version="1" changeset="56838198" timestamp="2018-03-03T05:12:36Z" user="WZTENG" uid="7583988" lat="24.5343378" lon="118.1305525"/>
 <node id="5449662670" visible="true" version="1" changeset="56838198" timestamp="2018-03-03T05:12:36Z" user="WZTENG" uid="7583988" lat="24.5347407" lon="118.1308951"/>
 <node id="5449662671" visible="true" version="1" changeset="56838198" timestamp="2018-03-03T05:12:36Z" user="WZTENG" uid="7583988" lat="24.5347111" lon="118.1308646"/>
 <node id="5449662672" visible="true" version="1" changeset="56838198" timestamp="2018-03-03T05:12:36Z" user="WZTENG" uid="7583988" lat="24.5344153" lon="118.1311126"/>
 <node id="5449662673" visible="true" version="1" changeset="56838198" timestamp="2018-03-03T05:12:36Z" user="WZTENG" uid="7583988" lat="24.5341139" lon="118.1307507"/>
 <node id="5449662674" visible="true" version="1" changeset="56838198" timestamp="2018-03-03T05:12:36Z" user="WZTENG" uid="7583988" lat="24.5339289" lon="118.1309154"/>
 <node id="5449662675" visible="true" version="1" changeset="56838198" timestamp="2018-03-03T05:12:36Z" user="WZTENG" uid="7583988" lat="24.5341157" lon="118.1311614"/>
 <node id="5449662676" visible="true" version="1" changeset="56838198" timestamp="2018-03-03T05:12:37Z" user="WZTENG" uid="7583988" lat="24.5341841" lon="118.1310983"/>
 <node id="5449662677" visible="true" version="1" changeset="56838198" timestamp="2018-03-03T05:12:37Z" user="WZTENG" uid="7583988" lat="24.5342082" lon="118.1311227"/>
 <node id="5449662678" visible="true" version="1" changeset="56838198" timestamp="2018-03-03T05:12:37Z" user="WZTENG" uid="7583988" lat="24.5341471" lon="118.1311878"/>
 <node id="5449662679" visible="true" version="1" changeset="56838198" timestamp="2018-03-03T05:12:37Z" user="WZTENG" uid="7583988" lat="24.5343912" lon="118.1314968"/>
 <node id="5449662680" visible="true" version="1" changeset="56838198" timestamp="2018-03-03T05:12:37Z" user="WZTENG" uid="7583988" lat="24.5344190" lon="118.1315232"/>
 <node id="5449662681" visible="true" version="1" changeset="56838198" timestamp="2018-03-03T05:12:37Z" user="WZTENG" uid="7583988" lat="24.5344467" lon="118.1315212"/>
 <node id="5449662682" visible="true" version="1" changeset="56838198" timestamp="2018-03-03T05:12:37Z" user="WZTENG" uid="7583988" lat="24.5344837" lon="118.1315029"/>
 <node id="5449662683" visible="true" version="1" changeset="56838198" timestamp="2018-03-03T05:12:37Z" user="WZTENG" uid="7583988" lat="24.5348332" lon="118.1311919"/>
 <node id="5449662684" visible="true" version="1" changeset="56838198" timestamp="2018-03-03T05:12:37Z" user="WZTENG" uid="7583988" lat="24.5347158" lon="118.1314185"/>
 <node id="5449662685" visible="true" version="1" changeset="56838198" timestamp="2018-03-03T05:12:37Z" user="WZTENG" uid="7583988" lat="24.5346534" lon="118.1313428"/>
 <node id="5449662686" visible="true" version="1" changeset="56838198" timestamp="2018-03-03T05:12:37Z" user="WZTENG" uid="7583988" lat="24.5348485" lon="118.1313357"/>
 <node id="5449662687" visible="true" version="1" changeset="56838198" timestamp="2018-03-03T05:12:37Z" user="WZTENG" uid="7583988" lat="24.5348188" lon="118.1314126"/>
 <node id="5449662688" visible="true" version="1" changeset="56838198" timestamp="2018-03-03T05:12:37Z" user="WZTENG" uid="7583988" lat="24.5346736" lon="118.1315514"/>
 <node id="5449662689" visible="true" version="1" changeset="56838198" timestamp="2018-03-03T05:12:37Z" user="WZTENG" uid="7583988" lat="24.5347014" lon="118.1315865"/>
 <node id="5449662690" visible="true" version="1" changeset="56838198" timestamp="2018-03-03T05:12:37Z" user="WZTENG" uid="7583988" lat="24.5345702" lon="118.1317118"/>
 <node id="5449662691" visible="true" version="1" changeset="56838198" timestamp="2018-03-03T05:12:37Z" user="WZTENG" uid="7583988" lat="24.5347151" lon="118.1318951"/>
 <node id="5449662692" visible="true" version="1" changeset="56838198" timestamp="2018-03-03T05:12:37Z" user="WZTENG" uid="7583988" lat="24.5348445" lon="118.1317715"/>
 <node id="5449662693" visible="true" version="1" changeset="56838198" timestamp="2018-03-03T05:12:37Z" user="WZTENG" uid="7583988" lat="24.5350289" lon="118.1320048"/>
 <node id="5449662694" visible="true" version="1" changeset="56838198" timestamp="2018-03-03T05:12:37Z" user="WZTENG" uid="7583988" lat="24.5351760" lon="118.1318643"/>
 <node id="5449662695" visible="true" version="1" changeset="56838198" timestamp="2018-03-03T05:12:37Z" user="WZTENG" uid="7583988" lat="24.5351646" lon="118.1319782"/>
 <node id="5449662696" visible="true" version="1" changeset="56838198" timestamp="2018-03-03T05:12:37Z" user="WZTENG" uid="7583988" lat="24.5349143" lon="118.1322248"/>
 <node id="5449662697" visible="true" version="1" changeset="56838198" timestamp="2018-03-03T05:12:37Z" user="WZTENG" uid="7583988" lat="24.5353007" lon="118.1327415"/>
 <node id="5449662698" visible="true" version="1" changeset="56838198" timestamp="2018-03-03T05:12:37Z" user="WZTENG" uid="7583988" lat="24.5356062" lon="118.1324016"/>
 <node id="5449662699" visible="true" version="1" changeset="56838198" timestamp="2018-03-03T05:12:37Z" user="WZTENG" uid="7583988" lat="24.5355155" lon="118.1322903"/>
 <node id="5449662700" visible="true" version="1" changeset="56838198" timestamp="2018-03-03T05:12:37Z" user="WZTENG" uid="7583988" lat="24.5354621" lon="118.1323430"/>
 <node id="5449733060" visible="true" version="2" changeset="92110395" timestamp="2020-10-07T11:52:46Z" user="ObRiver" uid="10529631" lat="24.5421953" lon="118.1402853"/>
 <node id="5449733061" visible="true" version="2" changeset="92110395" timestamp="2020-10-07T11:52:46Z" user="ObRiver" uid="10529631" lat="24.5421263" lon="118.1403410"/>
 <node id="5700123987" visible="true" version="2" changeset="92110395" timestamp="2020-10-07T11:52:46Z" user="ObRiver" uid="10529631" lat="24.5318711" lon="118.1169319"/>
 <node id="5700123988" visible="true" version="2" changeset="92110395" timestamp="2020-10-07T11:52:46Z" user="ObRiver" uid="10529631" lat="24.5327496" lon="118.1163324"/>
 <node id="5700123989" visible="true" version="2" changeset="92110395" timestamp="2020-10-07T11:52:46Z" user="ObRiver" uid="10529631" lat="24.5329484" lon="118.1161889"/>
 <node id="5700123990" visible="true" version="2" changeset="92110395" timestamp="2020-10-07T11:52:46Z" user="ObRiver" uid="10529631" lat="24.5332955" lon="118.1157712"/>
 <node id="5700123991" visible="true" version="2" changeset="92110395" timestamp="2020-10-07T11:52:46Z" user="ObRiver" uid="10529631" lat="24.5338781" lon="118.1148512"/>
 <node id="5700123992" visible="true" version="2" changeset="92110395" timestamp="2020-10-07T11:52:46Z" user="ObRiver" uid="10529631" lat="24.5340879" lon="118.1137729"/>
 <node id="5700123993" visible="true" version="2" changeset="92110395" timestamp="2020-10-07T11:52:46Z" user="ObRiver" uid="10529631" lat="24.5342978" lon="118.1135885"/>
 <node id="5700123994" visible="true" version="2" changeset="92110395" timestamp="2020-10-07T11:52:46Z" user="ObRiver" uid="10529631" lat="24.5346906" lon="118.1137622"/>
 <node id="5700123995" visible="true" version="2" changeset="92110395" timestamp="2020-10-07T11:52:46Z" user="ObRiver" uid="10529631" lat="24.5351847" lon="118.1137830"/>
 <node id="5700123996" visible="true" version="2" changeset="92110395" timestamp="2020-10-07T11:52:46Z" user="ObRiver" uid="10529631" lat="24.5356739" lon="118.1140713"/>
 <node id="5700123997" visible="true" version="2" changeset="92110395" timestamp="2020-10-07T11:52:46Z" user="ObRiver" uid="10529631" lat="24.5377424" lon="118.1153065"/>
 <node id="5700123998" visible="true" version="2" changeset="92110395" timestamp="2020-10-07T11:52:46Z" user="ObRiver" uid="10529631" lat="24.5390460" lon="118.1170928"/>
 <node id="5700123999" visible="true" version="2" changeset="92110395" timestamp="2020-10-07T11:52:46Z" user="ObRiver" uid="10529631" lat="24.5396279" lon="118.1177714"/>
 <node id="5700124000" visible="true" version="2" changeset="92110395" timestamp="2020-10-07T11:52:46Z" user="ObRiver" uid="10529631" lat="24.5414493" lon="118.1203195"/>
 <node id="5700124001" visible="true" version="2" changeset="92110395" timestamp="2020-10-07T11:52:46Z" user="ObRiver" uid="10529631" lat="24.5421984" lon="118.1210048"/>
 <node id="5700124002" visible="true" version="2" changeset="92110395" timestamp="2020-10-07T11:52:46Z" user="ObRiver" uid="10529631" lat="24.5452140" lon="118.1251408"/>
 <node id="5700124003" visible="true" version="2" changeset="92110395" timestamp="2020-10-07T11:52:46Z" user="ObRiver" uid="10529631" lat="24.5455690" lon="118.1256397"/>
 <node id="5700124005" visible="true" version="2" changeset="92110395" timestamp="2020-10-07T11:52:46Z" user="ObRiver" uid="10529631" lat="24.5465559" lon="118.1289348"/>
 <node id="5700124006" visible="true" version="2" changeset="92110395" timestamp="2020-10-07T11:52:46Z" user="ObRiver" uid="10529631" lat="24.5515025" lon="118.1358965"/>
 <node id="5700124007" visible="true" version="2" changeset="92110395" timestamp="2020-10-07T11:52:46Z" user="ObRiver" uid="10529631" lat="24.5523369" lon="118.1351817"/>
 <node id="5700124008" visible="true" version="2" changeset="92110395" timestamp="2020-10-07T11:52:46Z" user="ObRiver" uid="10529631" lat="24.5526565" lon="118.1352219"/>
 <node id="5700124009" visible="true" version="2" changeset="92110395" timestamp="2020-10-07T11:52:46Z" user="ObRiver" uid="10529631" lat="24.5564819" lon="118.1406198"/>
 <node id="5700124010" visible="true" version="2" changeset="92110395" timestamp="2020-10-07T11:52:46Z" user="ObRiver" uid="10529631" lat="24.5565020" lon="118.1410906"/>
 <node id="5700124011" visible="true" version="2" changeset="92110395" timestamp="2020-10-07T11:52:46Z" user="ObRiver" uid="10529631" lat="24.5538715" lon="118.1431639"/>
 <node id="5700124012" visible="true" version="2" changeset="92110395" timestamp="2020-10-07T11:52:46Z" user="ObRiver" uid="10529631" lat="24.5519344" lon="118.1448188"/>
 <node id="5700124013" visible="true" version="2" changeset="92110395" timestamp="2020-10-07T11:52:46Z" user="ObRiver" uid="10529631" lat="24.5506633" lon="118.1446029"/>
 <node id="5700124015" visible="true" version="2" changeset="92110395" timestamp="2020-10-07T11:52:46Z" user="ObRiver" uid="10529631" lat="24.5436867" lon="118.1422104"/>
 <node id="5700124016" visible="true" version="2" changeset="92110395" timestamp="2020-10-07T11:52:46Z" user="ObRiver" uid="10529631" lat="24.5417409" lon="118.1396107"/>
 <node id="5700124017" visible="true" version="2" changeset="92110395" timestamp="2020-10-07T11:52:46Z" user="ObRiver" uid="10529631" lat="24.5368573" lon="118.1328213"/>
 <node id="5700124018" visible="true" version="3" changeset="158722240" timestamp="2024-11-04T00:36:03Z" user="user_18306654" uid="18306654" lat="24.5393083" lon="118.1294953"/>
 <node id="6204270114" visible="true" version="2" changeset="92148246" timestamp="2020-10-08T06:27:13Z" user="ObRiver" uid="10529631" lat="24.5355239" lon="118.1210699"/>
 <node id="6204270115" visible="true" version="2" changeset="92148246" timestamp="2020-10-08T06:27:13Z" user="ObRiver" uid="10529631" lat="24.5358069" lon="118.1214541"/>
 <node id="6204270125" visible="true" version="3" changeset="132681457" timestamp="2023-02-17T15:04:55Z" user="Rudi_Z" uid="18335662" lat="24.5362627" lon="118.1195419"/>
 <node id="6204270136" visible="true" version="3" changeset="132681457" timestamp="2023-02-17T15:04:55Z" user="Rudi_Z" uid="18335662" lat="24.5367432" lon="118.1202174"/>
 <node id="6204270143" visible="true" version="3" changeset="132681457" timestamp="2023-02-17T15:04:55Z" user="Rudi_Z" uid="18335662" lat="24.5362858" lon="118.1195735"/>
 <node id="6204270152" visible="true" version="2" changeset="92148246" timestamp="2020-10-08T06:27:13Z" user="ObRiver" uid="10529631" lat="24.5369769" lon="118.1230541"/>
 <node id="6204270153" visible="true" version="2" changeset="92148246" timestamp="2020-10-08T06:27:13Z" user="ObRiver" uid="10529631" lat="24.5373844" lon="118.1236146"/>
 <node id="6204270154" visible="true" version="1" changeset="66261389" timestamp="2019-01-12T21:50:08Z" user="lorenzo23622" uid="476483" lat="24.5366462" lon="118.1226319"/>
 <node id="6204270155" visible="true" version="2" changeset="92148246" timestamp="2020-10-08T06:27:13Z" user="ObRiver" uid="10529631" lat="24.5367073" lon="118.1226537"/>
 <node id="6204270156" visible="true" version="2" changeset="92148246" timestamp="2020-10-08T06:27:13Z" user="ObRiver" uid="10529631" lat="24.5368061" lon="118.1226604"/>
 <node id="6204270157" visible="true" version="2" changeset="92148246" timestamp="2020-10-08T06:27:13Z" user="ObRiver" uid="10529631" lat="24.5368726" lon="118.1226504"/>
 <node id="6204270158" visible="true" version="2" changeset="92148246" timestamp="2020-10-08T06:27:13Z" user="ObRiver" uid="10529631" lat="24.5369482" lon="118.1226799"/>
 <node id="6204270159" visible="true" version="2" changeset="92148246" timestamp="2020-10-08T06:27:13Z" user="ObRiver" uid="10529631" lat="24.5369330" lon="118.1227744"/>
 <node id="6204270160" visible="true" version="2" changeset="92148246" timestamp="2020-10-08T06:27:13Z" user="ObRiver" uid="10529631" lat="24.5369385" lon="118.1228844"/>
 <node id="6204270161" visible="true" version="1" changeset="66261389" timestamp="2019-01-12T21:50:08Z" user="lorenzo23622" uid="476483" lat="24.5393067" lon="118.1263162"/>
 <node id="6204270162" visible="true" version="1" changeset="66261389" timestamp="2019-01-12T21:50:08Z" user="lorenzo23622" uid="476483" lat="24.5391404" lon="118.1260848"/>
 <node id="6204270163" visible="true" version="2" changeset="92148246" timestamp="2020-10-08T06:27:13Z" user="ObRiver" uid="10529631" lat="24.5391582" lon="118.1258811"/>
 <node id="6204270164" visible="true" version="2" changeset="92148246" timestamp="2020-10-08T06:27:13Z" user="ObRiver" uid="10529631" lat="24.5391778" lon="118.1258248"/>
 <node id="6204270165" visible="true" version="2" changeset="92148246" timestamp="2020-10-08T06:27:13Z" user="ObRiver" uid="10529631" lat="24.5391765" lon="118.1257121"/>
 <node id="6204270166" visible="true" version="2" changeset="92148246" timestamp="2020-10-08T06:27:13Z" user="ObRiver" uid="10529631" lat="24.5391180" lon="118.1257282"/>
 <node id="6204270167" visible="true" version="2" changeset="92148246" timestamp="2020-10-08T06:27:13Z" user="ObRiver" uid="10529631" lat="24.5390131" lon="118.1257403"/>
 <node id="6204270168" visible="true" version="2" changeset="92148246" timestamp="2020-10-08T06:27:13Z" user="ObRiver" uid="10529631" lat="24.5389071" lon="118.1257452"/>
 <node id="6204270170" visible="true" version="4" changeset="132681457" timestamp="2023-02-17T15:04:55Z" user="Rudi_Z" uid="18335662" lat="24.5408116" lon="118.1284301"/>
 <node id="6204270171" visible="true" version="2" changeset="92148246" timestamp="2020-10-08T06:27:13Z" user="ObRiver" uid="10529631" lat="24.5410309" lon="118.1285325"/>
 <node id="6204270172" visible="true" version="2" changeset="92148246" timestamp="2020-10-08T06:27:13Z" user="ObRiver" uid="10529631" lat="24.5410687" lon="118.1285372"/>
 <node id="6204270173" visible="true" version="2" changeset="92148246" timestamp="2020-10-08T06:27:13Z" user="ObRiver" uid="10529631" lat="24.5411828" lon="118.1285204"/>
 <node id="6204270174" visible="true" version="2" changeset="92148246" timestamp="2020-10-08T06:27:13Z" user="ObRiver" uid="10529631" lat="24.5411529" lon="118.1286263"/>
 <node id="6204270175" visible="true" version="2" changeset="92148246" timestamp="2020-10-08T06:27:13Z" user="ObRiver" uid="10529631" lat="24.5411358" lon="118.1286854"/>
 <node id="6204270176" visible="true" version="2" changeset="92148246" timestamp="2020-10-08T06:27:13Z" user="ObRiver" uid="10529631" lat="24.5411285" lon="118.1287893"/>
 <node id="6204270177" visible="true" version="2" changeset="92145071" timestamp="2020-10-08T05:38:46Z" user="ObRiver" uid="10529631" lat="24.5411368" lon="118.1289390"/>
 <node id="6204270178" visible="true" version="1" changeset="66261389" timestamp="2019-01-12T21:50:08Z" user="lorenzo23622" uid="476483" lat="24.5427961" lon="118.1313506"/>
 <node id="6204270179" visible="true" version="4" changeset="132681457" timestamp="2023-02-17T15:04:55Z" user="Rudi_Z" uid="18335662" lat="24.5439618" lon="118.1328683"/>
 <node id="6204270180" visible="true" version="2" changeset="92145071" timestamp="2020-10-08T05:38:46Z" user="ObRiver" uid="10529631" lat="24.5434124" lon="118.1321501"/>
 <node id="6204270288" visible="true" version="3" changeset="132681457" timestamp="2023-02-17T15:04:55Z" user="Rudi_Z" uid="18335662" lat="24.5435679" lon="118.1323325"/>
 <node id="6204270296" visible="true" version="3" changeset="132681457" timestamp="2023-02-17T15:04:55Z" user="Rudi_Z" uid="18335662" lat="24.5467182" lon="118.1341645"/>
 <node id="6204270301" visible="true" version="3" changeset="132681457" timestamp="2023-02-17T15:04:55Z" user="Rudi_Z" uid="18335662" lat="24.5476806" lon="118.1355466"/>
 <node id="6204270320" visible="true" version="2" changeset="132681457" timestamp="2023-02-17T15:04:55Z" user="Rudi_Z" uid="18335662" lat="24.5468932" lon="118.1344215"/>
 <node id="6204270321" visible="true" version="3" changeset="132681457" timestamp="2023-02-17T15:04:55Z" user="Rudi_Z" uid="18335662" lat="24.5472455" lon="118.1349484"/>
 <node id="6204270329" visible="true" version="3" changeset="132681457" timestamp="2023-02-17T15:04:55Z" user="Rudi_Z" uid="18335662" lat="24.5475355" lon="118.1353654"/>
 <node id="6204270333" visible="true" version="3" changeset="132681457" timestamp="2023-02-17T15:04:55Z" user="Rudi_Z" uid="18335662" lat="24.5489042" lon="118.1372338"/>
 <node id="6204270353" visible="true" version="2" changeset="92150627" timestamp="2020-10-08T06:55:05Z" user="ObRiver" uid="10529631" lat="24.5419515" lon="118.1274552"/>
 <node id="6204270364" visible="true" version="2" changeset="92150627" timestamp="2020-10-08T06:55:05Z" user="ObRiver" uid="10529631" lat="24.5423399" lon="118.1280074"/>
 <node id="6204270369" visible="true" version="3" changeset="132681457" timestamp="2023-02-17T15:04:55Z" user="Rudi_Z" uid="18335662" lat="24.5445466" lon="118.1311169"/>
 <node id="6204270377" visible="true" version="3" changeset="132681457" timestamp="2023-02-17T15:04:55Z" user="Rudi_Z" uid="18335662" lat="24.5449151" lon="118.1316409"/>
 <node id="6204270439" visible="true" version="3" changeset="132681457" timestamp="2023-02-17T15:04:55Z" user="Rudi_Z" uid="18335662" lat="24.5490744" lon="118.1374770"/>
 <node id="6204270442" visible="true" version="3" changeset="132681457" timestamp="2023-02-17T15:04:55Z" user="Rudi_Z" uid="18335662" lat="24.5505039" lon="118.1394605"/>
 <node id="6204270476" visible="true" version="3" changeset="132681457" timestamp="2023-02-17T15:04:55Z" user="Rudi_Z" uid="18335662" lat="24.5514755" lon="118.1408219"/>
 <node id="6204270498" visible="true" version="3" changeset="132681457" timestamp="2023-02-17T15:04:55Z" user="Rudi_Z" uid="18335662" lat="24.5512659" lon="118.1405300"/>
 <node id="6204270585" visible="true" version="4" changeset="132681457" timestamp="2023-02-17T15:04:55Z" user="Rudi_Z" uid="18335662" lat="24.5361716" lon="118.1165127"/>
 <node id="6204270593" visible="true" version="3" changeset="132681457" timestamp="2023-02-17T15:04:55Z" user="Rudi_Z" uid="18335662" lat="24.5345860" lon="118.1171989"/>
 <node id="6204270595" visible="true" version="2" changeset="109440996" timestamp="2021-08-10T06:15:17Z" user="Kirkepladsen" uid="10892567" lat="24.5375375" lon="118.1183441"/>
 <node id="6204270602" visible="true" version="2" changeset="109440996" timestamp="2021-08-10T06:15:17Z" user="Kirkepladsen" uid="10892567" lat="24.5380028" lon="118.1189960"/>
 <node id="6204270603" visible="true" version="3" changeset="132681457" timestamp="2023-02-17T15:04:55Z" user="Rudi_Z" uid="18335662" lat="24.5377543" lon="118.1219401"/>
 <node id="6204270604" visible="true" version="3" changeset="132681457" timestamp="2023-02-17T15:04:55Z" user="Rudi_Z" uid="18335662" lat="24.5378879" lon="118.1218246"/>
 <node id="6204270605" visible="true" version="3" changeset="132681457" timestamp="2023-02-17T15:04:55Z" user="Rudi_Z" uid="18335662" lat="24.5380511" lon="118.1216894"/>
 <node id="6204270606" visible="true" version="3" changeset="132681457" timestamp="2023-02-17T15:04:55Z" user="Rudi_Z" uid="18335662" lat="24.5380474" lon="118.1219256"/>
 <node id="6204270607" visible="true" version="3" changeset="132681457" timestamp="2023-02-17T15:04:55Z" user="Rudi_Z" uid="18335662" lat="24.5373148" lon="118.1208641"/>
 <node id="6204270608" visible="true" version="2" changeset="92150627" timestamp="2020-10-08T06:55:05Z" user="ObRiver" uid="10529631" lat="24.5384421" lon="118.1214441"/>
 <node id="6204270609" visible="true" version="2" changeset="92150627" timestamp="2020-10-08T06:55:05Z" user="ObRiver" uid="10529631" lat="24.5383695" lon="118.1214568"/>
 <node id="6204270610" visible="true" version="3" changeset="132681457" timestamp="2023-02-17T15:04:55Z" user="Rudi_Z" uid="18335662" lat="24.5406014" lon="118.1227765"/>
 <node id="6204270611" visible="true" version="2" changeset="92150627" timestamp="2020-10-08T06:55:05Z" user="ObRiver" uid="10529631" lat="24.5406637" lon="118.1245474"/>
 <node id="6204270612" visible="true" version="2" changeset="92150627" timestamp="2020-10-08T06:55:05Z" user="ObRiver" uid="10529631" lat="24.5404642" lon="118.1246359"/>
 <node id="6204270613" visible="true" version="3" changeset="132681457" timestamp="2023-02-17T15:04:55Z" user="Rudi_Z" uid="18335662" lat="24.5402842" lon="118.1250228"/>
 <node id="6204270614" visible="true" version="3" changeset="132681457" timestamp="2023-02-17T15:04:55Z" user="Rudi_Z" uid="18335662" lat="24.5403037" lon="118.1248732"/>
 <node id="6204270615" visible="true" version="2" changeset="92150627" timestamp="2020-10-08T06:55:05Z" user="ObRiver" uid="10529631" lat="24.5404130" lon="118.1246822"/>
 <node id="6204270616" visible="true" version="3" changeset="132681457" timestamp="2023-02-17T15:04:55Z" user="Rudi_Z" uid="18335662" lat="24.5399607" lon="118.1247118"/>
 <node id="6204270617" visible="true" version="2" changeset="132681457" timestamp="2023-02-17T15:04:55Z" user="Rudi_Z" uid="18335662" lat="24.5399752" lon="118.1248377"/>
 <node id="6204270618" visible="true" version="2" changeset="132681457" timestamp="2023-02-17T15:04:55Z" user="Rudi_Z" uid="18335662" lat="24.5399641" lon="118.1249431"/>
 <node id="6204270619" visible="true" version="1" changeset="66261389" timestamp="2019-01-12T21:50:12Z" user="lorenzo23622" uid="476483" lat="24.5399468" lon="118.1250124"/>
 <node id="6204270620" visible="true" version="1" changeset="66261389" timestamp="2019-01-12T21:50:12Z" user="lorenzo23622" uid="476483" lat="24.5399171" lon="118.1250778"/>
 <node id="6204270621" visible="true" version="2" changeset="121065438" timestamp="2022-05-16T18:54:22Z" user="Airbus 350-900" uid="15443585" lat="24.5398903" lon="118.1251297"/>
 <node id="6204270622" visible="true" version="2" changeset="92150627" timestamp="2020-10-08T06:55:05Z" user="ObRiver" uid="10529631" lat="24.5400000" lon="118.1250959"/>
 <node id="6204270623" visible="true" version="1" changeset="66261389" timestamp="2019-01-12T21:50:13Z" user="lorenzo23622" uid="476483" lat="24.5400657" lon="118.1250918"/>
 <node id="6204270624" visible="true" version="1" changeset="66261389" timestamp="2019-01-12T21:50:13Z" user="lorenzo23622" uid="476483" lat="24.5401273" lon="118.1251011"/>
 <node id="6204270625" visible="true" version="1" changeset="66261389" timestamp="2019-01-12T21:50:13Z" user="lorenzo23622" uid="476483" lat="24.5401847" lon="118.1251198"/>
 <node id="6204270626" visible="true" version="1" changeset="66261389" timestamp="2019-01-12T21:50:13Z" user="lorenzo23622" uid="476483" lat="24.5402378" lon="118.1251408"/>
 <node id="7099867807" visible="true" version="3" changeset="109067178" timestamp="2021-08-03T06:12:47Z" user="Kirkepladsen" uid="10892567" lat="24.5428144" lon="118.1332114"/>
 <node id="7221329573" visible="true" version="2" changeset="152046958" timestamp="2024-05-30T17:21:46Z" user="Popolon" uid="27454" lat="24.5345129" lon="118.1272911"/>
 <node id="7221329574" visible="true" version="3" changeset="99284717" timestamp="2021-02-15T06:39:26Z" user="HualinXMN" uid="11858592" lat="24.5344705" lon="118.1272050"/>
 <node id="7221329575" visible="true" version="4" changeset="152152094" timestamp="2024-06-02T09:52:43Z" user="Popolon" uid="27454" lat="24.5360886" lon="118.1294951"/>
 <node id="7221329576" visible="true" version="3" changeset="152046958" timestamp="2024-05-30T17:21:46Z" user="Popolon" uid="27454" lat="24.5361812" lon="118.1296764"/>
 <node id="7221329599" visible="true" version="2" changeset="92154049" timestamp="2020-10-08T07:37:29Z" user="ObRiver" uid="10529631" lat="24.5347699" lon="118.1267434"/>
 <node id="7221329600" visible="true" version="2" changeset="92154049" timestamp="2020-10-08T07:37:29Z" user="ObRiver" uid="10529631" lat="24.5345646" lon="118.1269803"/>
 <node id="7221329601" visible="true" version="3" changeset="152046958" timestamp="2024-05-30T17:21:46Z" user="Popolon" uid="27454" lat="24.5368849" lon="118.1295717"/>
 <node id="7221329602" visible="true" version="3" changeset="152046958" timestamp="2024-05-30T17:21:46Z" user="Popolon" uid="27454" lat="24.5367290" lon="118.1294707"/>
 <node id="7933344092" visible="true" version="2" changeset="92110395" timestamp="2020-10-07T11:52:46Z" user="ObRiver" uid="10529631" lat="24.5450774" lon="118.1249517"/>
 <node id="7936929505" visible="true" version="1" changeset="91418685" timestamp="2020-09-24T08:34:49Z" user="HualinXMN" uid="11858592" lat="24.5328157" lon="118.1207596">
  <tag k="bus" v="yes"/>
  <tag k="highway" v="bus_stop"/>
  <tag k="name" v="空港酒店"/>
  <tag k="public_transport" v="platform"/>
 </node>
 <node id="7936929506" visible="true" version="1" changeset="91418685" timestamp="2020-09-24T08:34:49Z" user="HualinXMN" uid="11858592" lat="24.5340950" lon="118.1246261">
  <tag k="bus" v="yes"/>
  <tag k="highway" v="bus_stop"/>
  <tag k="name" v="航油酒店"/>
  <tag k="public_transport" v="platform"/>
 </node>
 <node id="7984833698" visible="true" version="1" changeset="92110395" timestamp="2020-10-07T11:52:46Z" user="ObRiver" uid="10529631" lat="24.5346101" lon="118.1137622"/>
 <node id="7984833699" visible="true" version="1" changeset="92110395" timestamp="2020-10-07T11:52:46Z" user="ObRiver" uid="10529631" lat="24.5344783" lon="118.1135859"/>
 <node id="7984833700" visible="true" version="1" changeset="92110395" timestamp="2020-10-07T11:52:46Z" user="ObRiver" uid="10529631" lat="24.5341203" lon="118.1140613"/>
 <node id="7984833701" visible="true" version="1" changeset="92110395" timestamp="2020-10-07T11:52:46Z" user="ObRiver" uid="10529631" lat="24.5342221" lon="118.1141907"/>
 <node id="7984833702" visible="true" version="1" changeset="92110395" timestamp="2020-10-07T11:52:46Z" user="ObRiver" uid="10529631" lat="24.5339336" lon="118.1147218"/>
 <node id="7984833703" visible="true" version="1" changeset="92110395" timestamp="2020-10-07T11:52:46Z" user="ObRiver" uid="10529631" lat="24.5339372" lon="118.1147540"/>
 <node id="7984833704" visible="true" version="1" changeset="92110395" timestamp="2020-10-07T11:52:46Z" user="ObRiver" uid="10529631" lat="24.5333169" lon="118.1157893"/>
 <node id="7984833705" visible="true" version="1" changeset="92110395" timestamp="2020-10-07T11:52:46Z" user="ObRiver" uid="10529631" lat="24.5333730" lon="118.1156941"/>
 <node id="7984833706" visible="true" version="1" changeset="92110395" timestamp="2020-10-07T11:52:46Z" user="ObRiver" uid="10529631" lat="24.5337341" lon="118.1150919"/>
 <node id="7984833707" visible="true" version="1" changeset="92110395" timestamp="2020-10-07T11:52:46Z" user="ObRiver" uid="10529631" lat="24.5331400" lon="118.1159931"/>
 <node id="7984833708" visible="true" version="1" changeset="92110395" timestamp="2020-10-07T11:52:46Z" user="ObRiver" uid="10529631" lat="24.5332022" lon="118.1159033"/>
 <node id="7984833709" visible="true" version="1" changeset="92110395" timestamp="2020-10-07T11:52:46Z" user="ObRiver" uid="10529631" lat="24.5330802" lon="118.1160629"/>
 <node id="7984833710" visible="true" version="1" changeset="92110395" timestamp="2020-10-07T11:52:46Z" user="ObRiver" uid="10529631" lat="24.5330338" lon="118.1161219"/>
 <node id="7984833711" visible="true" version="1" changeset="92110395" timestamp="2020-10-07T11:52:46Z" user="ObRiver" uid="10529631" lat="24.5312843" lon="118.1173450"/>
 <node id="7984833712" visible="true" version="1" changeset="92110395" timestamp="2020-10-07T11:52:46Z" user="ObRiver" uid="10529631" lat="24.5322884" lon="118.1166463"/>
 <node id="7984833713" visible="true" version="1" changeset="92110395" timestamp="2020-10-07T11:52:46Z" user="ObRiver" uid="10529631" lat="24.5324506" lon="118.1165363"/>
 <node id="7984833714" visible="true" version="1" changeset="92110395" timestamp="2020-10-07T11:52:46Z" user="ObRiver" uid="10529631" lat="24.5321871" lon="118.1167133"/>
 <node id="7984833715" visible="true" version="1" changeset="92110395" timestamp="2020-10-07T11:52:46Z" user="ObRiver" uid="10529631" lat="24.5312025" lon="118.1174093"/>
 <node id="7984833716" visible="true" version="1" changeset="92110395" timestamp="2020-10-07T11:52:46Z" user="ObRiver" uid="10529631" lat="24.5311196" lon="118.1174965"/>
 <node id="7984833717" visible="true" version="1" changeset="92110395" timestamp="2020-10-07T11:52:46Z" user="ObRiver" uid="10529631" lat="24.5310464" lon="118.1175756"/>
 <node id="7984833718" visible="true" version="1" changeset="92110395" timestamp="2020-10-07T11:52:46Z" user="ObRiver" uid="10529631" lat="24.5310110" lon="118.1176320"/>
 <node id="7984833719" visible="true" version="1" changeset="92110395" timestamp="2020-10-07T11:52:46Z" user="ObRiver" uid="10529631" lat="24.5310000" lon="118.1176829"/>
 <node id="7984833720" visible="true" version="1" changeset="92110395" timestamp="2020-10-07T11:52:46Z" user="ObRiver" uid="10529631" lat="24.5309878" lon="118.1177701"/>
 <node id="7984833721" visible="true" version="1" changeset="92110395" timestamp="2020-10-07T11:52:46Z" user="ObRiver" uid="10529631" lat="24.5309878" lon="118.1178452"/>
 <node id="7984833722" visible="true" version="1" changeset="92110395" timestamp="2020-10-07T11:52:46Z" user="ObRiver" uid="10529631" lat="24.5310037" lon="118.1179552"/>
 <node id="7984833723" visible="true" version="1" changeset="92110395" timestamp="2020-10-07T11:52:46Z" user="ObRiver" uid="10529631" lat="24.5310244" lon="118.1180088"/>
 <node id="7984833724" visible="true" version="1" changeset="92110395" timestamp="2020-10-07T11:52:46Z" user="ObRiver" uid="10529631" lat="24.5310696" lon="118.1179994"/>
 <node id="7984833725" visible="true" version="1" changeset="92110395" timestamp="2020-10-07T11:52:46Z" user="ObRiver" uid="10529631" lat="24.5310927" lon="118.1180611"/>
 <node id="7984833726" visible="true" version="1" changeset="92110395" timestamp="2020-10-07T11:52:46Z" user="ObRiver" uid="10529631" lat="24.5311452" lon="118.1181349"/>
 <node id="7984833727" visible="true" version="1" changeset="92110395" timestamp="2020-10-07T11:52:46Z" user="ObRiver" uid="10529631" lat="24.5312721" lon="118.1183052"/>
 <node id="7984833728" visible="true" version="1" changeset="92110395" timestamp="2020-10-07T11:52:46Z" user="ObRiver" uid="10529631" lat="24.5314075" lon="118.1184916"/>
 <node id="7984833729" visible="true" version="1" changeset="92110395" timestamp="2020-10-07T11:52:46Z" user="ObRiver" uid="10529631" lat="24.5314453" lon="118.1184675"/>
 <node id="7984833730" visible="true" version="1" changeset="92110395" timestamp="2020-10-07T11:52:46Z" user="ObRiver" uid="10529631" lat="24.5317052" lon="118.1188363"/>
 <node id="7984833731" visible="true" version="1" changeset="92110395" timestamp="2020-10-07T11:52:46Z" user="ObRiver" uid="10529631" lat="24.5333461" lon="118.1212194"/>
 <node id="7984833732" visible="true" version="1" changeset="92110395" timestamp="2020-10-07T11:52:46Z" user="ObRiver" uid="10529631" lat="24.5321676" lon="118.1194760"/>
 <node id="7984833733" visible="true" version="1" changeset="92110395" timestamp="2020-10-07T11:52:46Z" user="ObRiver" uid="10529631" lat="24.5324848" lon="118.1199481"/>
 <node id="7984833734" visible="true" version="1" changeset="92110395" timestamp="2020-10-07T11:52:46Z" user="ObRiver" uid="10529631" lat="24.5331448" lon="118.1209351"/>
 <node id="7984833735" visible="true" version="1" changeset="92110395" timestamp="2020-10-07T11:52:46Z" user="ObRiver" uid="10529631" lat="24.5335676" lon="118.1215386"/>
 <node id="7984833736" visible="true" version="1" changeset="92110395" timestamp="2020-10-07T11:52:46Z" user="ObRiver" uid="10529631" lat="24.5335889" lon="118.1215587"/>
 <node id="7984833737" visible="true" version="1" changeset="92110395" timestamp="2020-10-07T11:52:46Z" user="ObRiver" uid="10529631" lat="24.5336109" lon="118.1215641"/>
 <node id="7984833738" visible="true" version="1" changeset="92110395" timestamp="2020-10-07T11:52:46Z" user="ObRiver" uid="10529631" lat="24.5336304" lon="118.1215567"/>
 <node id="7984833739" visible="true" version="1" changeset="92110395" timestamp="2020-10-07T11:52:46Z" user="ObRiver" uid="10529631" lat="24.5336548" lon="118.1215413"/>
 <node id="7984833740" visible="true" version="1" changeset="92110395" timestamp="2020-10-07T11:52:46Z" user="ObRiver" uid="10529631" lat="24.5338952" lon="118.1213374"/>
 <node id="7984833741" visible="true" version="1" changeset="92110395" timestamp="2020-10-07T11:52:46Z" user="ObRiver" uid="10529631" lat="24.5340550" lon="118.1215842"/>
 <node id="7984833742" visible="true" version="1" changeset="92110395" timestamp="2020-10-07T11:52:46Z" user="ObRiver" uid="10529631" lat="24.5347809" lon="118.1226008"/>
 <node id="7984833743" visible="true" version="1" changeset="92110395" timestamp="2020-10-07T11:52:46Z" user="ObRiver" uid="10529631" lat="24.5347223" lon="118.1226517"/>
 <node id="7984833744" visible="true" version="2" changeset="158722240" timestamp="2024-11-04T00:36:03Z" user="user_18306654" uid="18306654" lat="24.5395215" lon="118.1293532"/>
 <node id="7984833745" visible="true" version="2" changeset="99244504" timestamp="2021-02-14T10:49:01Z" user="Hervé TUC" uid="922338" lat="24.5383988" lon="118.1273637">
  <tag k="aeroway" v="gate"/>
  <tag k="level" v="1"/>
  <tag k="ref" v="10"/>
 </node>
 <node id="7984833746" visible="true" version="1" changeset="92110395" timestamp="2020-10-07T11:52:46Z" user="ObRiver" uid="10529631" lat="24.5378034" lon="118.1265409"/>
 <node id="7984833747" visible="true" version="2" changeset="99244504" timestamp="2021-02-14T10:49:01Z" user="Hervé TUC" uid="922338" lat="24.5363078" lon="118.1244500">
  <tag k="aeroway" v="gate"/>
  <tag k="level" v="1"/>
  <tag k="ref" v="3"/>
 </node>
 <node id="7984833748" visible="true" version="1" changeset="92110395" timestamp="2020-10-07T11:52:46Z" user="ObRiver" uid="10529631" lat="24.5366475" lon="118.1257014"/>
 <node id="7984833749" visible="true" version="1" changeset="92110395" timestamp="2020-10-07T11:52:46Z" user="ObRiver" uid="10529631" lat="24.5366085" lon="118.1257457"/>
 <node id="7984833750" visible="true" version="1" changeset="92110395" timestamp="2020-10-07T11:52:46Z" user="ObRiver" uid="10529631" lat="24.5365328" lon="118.1258221"/>
 <node id="7984833751" visible="true" version="1" changeset="92110395" timestamp="2020-10-07T11:52:46Z" user="ObRiver" uid="10529631" lat="24.5364352" lon="118.1259120"/>
 <node id="7984833752" visible="true" version="1" changeset="92110395" timestamp="2020-10-07T11:52:46Z" user="ObRiver" uid="10529631" lat="24.5364999" lon="118.1258576"/>
 <node id="7984833753" visible="true" version="1" changeset="92110395" timestamp="2020-10-07T11:52:46Z" user="ObRiver" uid="10529631" lat="24.5364310" lon="118.1263605"/>
 <node id="7984833754" visible="true" version="1" changeset="92110395" timestamp="2020-10-07T11:52:46Z" user="ObRiver" uid="10529631" lat="24.5363657" lon="118.1264155"/>
 <node id="7984833755" visible="true" version="2" changeset="152036846" timestamp="2024-05-30T13:46:09Z" user="Popolon" uid="27454" lat="24.5365908" lon="118.1267314">
  <tag k="entrance" v="yes"/>
 </node>
 <node id="7984833756" visible="true" version="1" changeset="92110395" timestamp="2020-10-07T11:52:46Z" user="ObRiver" uid="10529631" lat="24.5373667" lon="118.1278203"/>
 <node id="7984833757" visible="true" version="1" changeset="92110395" timestamp="2020-10-07T11:52:46Z" user="ObRiver" uid="10529631" lat="24.5376220" lon="118.1280366"/>
 <node id="7984833758" visible="true" version="1" changeset="92110395" timestamp="2020-10-07T11:52:46Z" user="ObRiver" uid="10529631" lat="24.5376076" lon="118.1280141"/>
 <node id="7984833759" visible="true" version="1" changeset="92110395" timestamp="2020-10-07T11:52:46Z" user="ObRiver" uid="10529631" lat="24.5376229" lon="118.1280537"/>
 <node id="7984833760" visible="true" version="1" changeset="92110395" timestamp="2020-10-07T11:52:46Z" user="ObRiver" uid="10529631" lat="24.5376577" lon="118.1280617"/>
 <node id="7984833761" visible="true" version="1" changeset="92110395" timestamp="2020-10-07T11:52:46Z" user="ObRiver" uid="10529631" lat="24.5378004" lon="118.1279424"/>
 <node id="7984833762" visible="true" version="1" changeset="92110395" timestamp="2020-10-07T11:52:46Z" user="ObRiver" uid="10529631" lat="24.5379858" lon="118.1277680"/>
 <node id="7984833763" visible="true" version="1" changeset="92110395" timestamp="2020-10-07T11:52:46Z" user="ObRiver" uid="10529631" lat="24.5380773" lon="118.1276728"/>
 <node id="7984833764" visible="true" version="2" changeset="158722240" timestamp="2024-11-04T00:36:03Z" user="user_18306654" uid="18306654" lat="24.5395974" lon="118.1298775"/>
 <node id="7984833765" visible="true" version="1" changeset="92110395" timestamp="2020-10-07T11:52:46Z" user="ObRiver" uid="10529631" lat="24.5391948" lon="118.1302679"/>
 <node id="7984833766" visible="true" version="1" changeset="92110395" timestamp="2020-10-07T11:52:46Z" user="ObRiver" uid="10529631" lat="24.5393473" lon="118.1304650"/>
 <node id="7984833767" visible="true" version="1" changeset="92110395" timestamp="2020-10-07T11:52:46Z" user="ObRiver" uid="10529631" lat="24.5391717" lon="118.1306232"/>
 <node id="7984833768" visible="true" version="1" changeset="92110395" timestamp="2020-10-07T11:52:46Z" user="ObRiver" uid="10529631" lat="24.5386251" lon="118.1311181"/>
 <node id="7984833769" visible="true" version="1" changeset="92110395" timestamp="2020-10-07T11:52:46Z" user="ObRiver" uid="10529631" lat="24.5381078" lon="118.1315821"/>
 <node id="7984833770" visible="true" version="1" changeset="92110395" timestamp="2020-10-07T11:52:46Z" user="ObRiver" uid="10529631" lat="24.5372185" lon="118.1323385"/>
 <node id="7984833771" visible="true" version="1" changeset="92110395" timestamp="2020-10-07T11:52:46Z" user="ObRiver" uid="10529631" lat="24.5368647" lon="118.1326349"/>
 <node id="7984833772" visible="true" version="1" changeset="92110395" timestamp="2020-10-07T11:52:46Z" user="ObRiver" uid="10529631" lat="24.5368439" lon="118.1326738"/>
 <node id="7984833773" visible="true" version="1" changeset="92110395" timestamp="2020-10-07T11:52:46Z" user="ObRiver" uid="10529631" lat="24.5368439" lon="118.1327288"/>
 <node id="7984833774" visible="true" version="1" changeset="92110395" timestamp="2020-10-07T11:52:46Z" user="ObRiver" uid="10529631" lat="24.5368451" lon="118.1327744"/>
 <node id="7984833775" visible="true" version="1" changeset="92110395" timestamp="2020-10-07T11:52:46Z" user="ObRiver" uid="10529631" lat="24.5384689" lon="118.1350744"/>
 <node id="7984833776" visible="true" version="1" changeset="92110395" timestamp="2020-10-07T11:52:46Z" user="ObRiver" uid="10529631" lat="24.5395718" lon="118.1366113"/>
 <node id="7984833777" visible="true" version="1" changeset="92110395" timestamp="2020-10-07T11:52:46Z" user="ObRiver" uid="10529631" lat="24.5405502" lon="118.1379564"/>
 <node id="7984833778" visible="true" version="1" changeset="92110395" timestamp="2020-10-07T11:52:46Z" user="ObRiver" uid="10529631" lat="24.5413066" lon="118.1390052"/>
 <node id="7984833779" visible="true" version="1" changeset="92110395" timestamp="2020-10-07T11:52:46Z" user="ObRiver" uid="10529631" lat="24.5420007" lon="118.1399721"/>
 <node id="7984833780" visible="true" version="1" changeset="92110395" timestamp="2020-10-07T11:52:46Z" user="ObRiver" uid="10529631" lat="24.5422038" lon="118.1402980"/>
 <node id="7984833781" visible="true" version="1" changeset="92110395" timestamp="2020-10-07T11:52:46Z" user="ObRiver" uid="10529631" lat="24.5421339" lon="118.1403524"/>
 <node id="7984833782" visible="true" version="1" changeset="92110395" timestamp="2020-10-07T11:52:46Z" user="ObRiver" uid="10529631" lat="24.5422252" lon="118.1402795"/>
 <node id="7984833783" visible="true" version="1" changeset="92110395" timestamp="2020-10-07T11:52:46Z" user="ObRiver" uid="10529631" lat="24.5420245" lon="118.1404408"/>
 <node id="7984833784" visible="true" version="1" changeset="92110395" timestamp="2020-10-07T11:52:46Z" user="ObRiver" uid="10529631" lat="24.5418287" lon="118.1402041"/>
 <node id="7984859185" visible="true" version="1" changeset="92110395" timestamp="2020-10-07T11:52:46Z" user="ObRiver" uid="10529631" lat="24.5421233" lon="118.1401411"/>
 <node id="7984859186" visible="true" version="1" changeset="92110395" timestamp="2020-10-07T11:52:46Z" user="ObRiver" uid="10529631" lat="24.5418507" lon="118.1401840"/>
 <node id="7984859187" visible="true" version="1" changeset="92110395" timestamp="2020-10-07T11:52:46Z" user="ObRiver" uid="10529631" lat="24.5417860" lon="118.1400968"/>
 <node id="7984859188" visible="true" version="1" changeset="92110395" timestamp="2020-10-07T11:52:46Z" user="ObRiver" uid="10529631" lat="24.5416348" lon="118.1398836"/>
 <node id="7984859189" visible="true" version="1" changeset="92110395" timestamp="2020-10-07T11:52:46Z" user="ObRiver" uid="10529631" lat="24.5415811" lon="118.1398165"/>
 <node id="7984859190" visible="true" version="1" changeset="92110395" timestamp="2020-10-07T11:52:46Z" user="ObRiver" uid="10529631" lat="24.5415262" lon="118.1397910"/>
 <node id="7984859191" visible="true" version="1" changeset="92110395" timestamp="2020-10-07T11:52:46Z" user="ObRiver" uid="10529631" lat="24.5414579" lon="118.1397897"/>
 <node id="7984859192" visible="true" version="1" changeset="92110395" timestamp="2020-10-07T11:52:46Z" user="ObRiver" uid="10529631" lat="24.5414164" lon="118.1398031"/>
 <node id="7984859193" visible="true" version="1" changeset="92110395" timestamp="2020-10-07T11:52:46Z" user="ObRiver" uid="10529631" lat="24.5408894" lon="118.1402430"/>
 <node id="7984859194" visible="true" version="1" changeset="92110395" timestamp="2020-10-07T11:52:46Z" user="ObRiver" uid="10529631" lat="24.5403544" lon="118.1407057"/>
 <node id="7984859195" visible="true" version="1" changeset="92110395" timestamp="2020-10-07T11:52:46Z" user="ObRiver" uid="10529631" lat="24.5403184" lon="118.1407452"/>
 <node id="7984859196" visible="true" version="1" changeset="92110395" timestamp="2020-10-07T11:52:46Z" user="ObRiver" uid="10529631" lat="24.5402977" lon="118.1407808"/>
 <node id="7984859197" visible="true" version="1" changeset="92110395" timestamp="2020-10-07T11:52:46Z" user="ObRiver" uid="10529631" lat="24.5402782" lon="118.1408324"/>
 <node id="7984859198" visible="true" version="1" changeset="92110395" timestamp="2020-10-07T11:52:46Z" user="ObRiver" uid="10529631" lat="24.5402708" lon="118.1408787"/>
 <node id="7984859199" visible="true" version="1" changeset="92110395" timestamp="2020-10-07T11:52:46Z" user="ObRiver" uid="10529631" lat="24.5402690" lon="118.1409256"/>
 <node id="7984859200" visible="true" version="1" changeset="92110395" timestamp="2020-10-07T11:52:46Z" user="ObRiver" uid="10529631" lat="24.5402794" lon="118.1409846"/>
 <node id="7984859201" visible="true" version="1" changeset="92110395" timestamp="2020-10-07T11:52:46Z" user="ObRiver" uid="10529631" lat="24.5403099" lon="118.1410443"/>
 <node id="7984859202" visible="true" version="1" changeset="92110395" timestamp="2020-10-07T11:52:46Z" user="ObRiver" uid="10529631" lat="24.5403904" lon="118.1411456"/>
 <node id="7984859203" visible="true" version="1" changeset="92110395" timestamp="2020-10-07T11:52:46Z" user="ObRiver" uid="10529631" lat="24.5405771" lon="118.1414057"/>
 <node id="7984859204" visible="true" version="2" changeset="92152547" timestamp="2020-10-08T07:18:46Z" user="ObRiver" uid="10529631" lat="24.5410175" lon="118.1420200">
  <tag k="access" v="private"/>
  <tag k="barrier" v="gate"/>
 </node>
 <node id="7984859205" visible="true" version="1" changeset="92110395" timestamp="2020-10-07T11:52:46Z" user="ObRiver" uid="10529631" lat="24.5407930" lon="118.1417021"/>
 <node id="7984859206" visible="true" version="1" changeset="92110395" timestamp="2020-10-07T11:52:46Z" user="ObRiver" uid="10529631" lat="24.5411065" lon="118.1421567"/>
 <node id="7984859207" visible="true" version="1" changeset="92110395" timestamp="2020-10-07T11:52:46Z" user="ObRiver" uid="10529631" lat="24.5414249" lon="118.1425926"/>
 <node id="7984859208" visible="true" version="1" changeset="92110395" timestamp="2020-10-07T11:52:46Z" user="ObRiver" uid="10529631" lat="24.5418068" lon="118.1431210"/>
 <node id="7984859209" visible="true" version="1" changeset="92110395" timestamp="2020-10-07T11:52:46Z" user="ObRiver" uid="10529631" lat="24.5421191" lon="118.1435381"/>
 <node id="7984859210" visible="true" version="1" changeset="92110395" timestamp="2020-10-07T11:52:46Z" user="ObRiver" uid="10529631" lat="24.5422862" lon="118.1433946"/>
 <node id="7984859211" visible="true" version="1" changeset="92110395" timestamp="2020-10-07T11:52:46Z" user="ObRiver" uid="10529631" lat="24.5427595" lon="118.1429936"/>
 <node id="7984859212" visible="true" version="1" changeset="92110395" timestamp="2020-10-07T11:52:46Z" user="ObRiver" uid="10529631" lat="24.5432121" lon="118.1426060"/>
 <node id="7984859213" visible="true" version="2" changeset="92152547" timestamp="2020-10-08T07:18:46Z" user="ObRiver" uid="10529631" lat="24.5448017" lon="118.1412784"/>
 <node id="7984859214" visible="true" version="1" changeset="92110395" timestamp="2020-10-07T11:52:46Z" user="ObRiver" uid="10529631" lat="24.5449664" lon="118.1411482"/>
 <node id="7984859215" visible="true" version="1" changeset="92110395" timestamp="2020-10-07T11:52:46Z" user="ObRiver" uid="10529631" lat="24.5444296" lon="118.1415881"/>
 <node id="7984859216" visible="true" version="1" changeset="92110395" timestamp="2020-10-07T11:52:46Z" user="ObRiver" uid="10529631" lat="24.5450262" lon="118.1412381"/>
 <node id="7984859217" visible="true" version="1" changeset="92110395" timestamp="2020-10-07T11:52:46Z" user="ObRiver" uid="10529631" lat="24.5451030" lon="118.1411777"/>
 <node id="7984859218" visible="true" version="1" changeset="92110395" timestamp="2020-10-07T11:52:46Z" user="ObRiver" uid="10529631" lat="24.5452897" lon="118.1414393"/>
 <node id="7984859219" visible="true" version="1" changeset="92110395" timestamp="2020-10-07T11:52:46Z" user="ObRiver" uid="10529631" lat="24.5455519" lon="118.1417953"/>
 <node id="7984859220" visible="true" version="1" changeset="92110395" timestamp="2020-10-07T11:52:46Z" user="ObRiver" uid="10529631" lat="24.5459387" lon="118.1423418"/>
 <node id="7984859221" visible="true" version="1" changeset="92110395" timestamp="2020-10-07T11:52:46Z" user="ObRiver" uid="10529631" lat="24.5458325" lon="118.1421769"/>
 <node id="7984859222" visible="true" version="1" changeset="92110395" timestamp="2020-10-07T11:52:46Z" user="ObRiver" uid="10529631" lat="24.5455861" lon="118.1418288"/>
 <node id="7984859223" visible="true" version="1" changeset="92110395" timestamp="2020-10-07T11:52:46Z" user="ObRiver" uid="10529631" lat="24.5456032" lon="118.1418107"/>
 <node id="7984859224" visible="true" version="1" changeset="92110395" timestamp="2020-10-07T11:52:46Z" user="ObRiver" uid="10529631" lat="24.5468438" lon="118.1437433"/>
 <node id="7984859225" visible="true" version="1" changeset="92110395" timestamp="2020-10-07T11:52:46Z" user="ObRiver" uid="10529631" lat="24.5457044" lon="118.1419958"/>
 <node id="7984859226" visible="true" version="1" changeset="92110395" timestamp="2020-10-07T11:52:46Z" user="ObRiver" uid="10529631" lat="24.5461619" lon="118.1426959"/>
 <node id="7984859227" visible="true" version="1" changeset="92110395" timestamp="2020-10-07T11:52:46Z" user="ObRiver" uid="10529631" lat="24.5466096" lon="118.1434000"/>
 <node id="7984859228" visible="true" version="1" changeset="92110395" timestamp="2020-10-07T11:52:46Z" user="ObRiver" uid="10529631" lat="24.5469646" lon="118.1439096"/>
 <node id="7984859229" visible="true" version="1" changeset="92110395" timestamp="2020-10-07T11:52:46Z" user="ObRiver" uid="10529631" lat="24.5471720" lon="118.1441697"/>
 <node id="7984859230" visible="true" version="1" changeset="92110395" timestamp="2020-10-07T11:52:46Z" user="ObRiver" uid="10529631" lat="24.5474916" lon="118.1445225"/>
 <node id="7984859234" visible="true" version="1" changeset="92110395" timestamp="2020-10-07T11:52:46Z" user="ObRiver" uid="10529631" lat="24.5484394" lon="118.1457724"/>
 <node id="7984859235" visible="true" version="1" changeset="92110395" timestamp="2020-10-07T11:52:46Z" user="ObRiver" uid="10529631" lat="24.5486724" lon="118.1456383"/>
 <node id="7984859236" visible="true" version="1" changeset="92110395" timestamp="2020-10-07T11:52:46Z" user="ObRiver" uid="10529631" lat="24.5487273" lon="118.1456141"/>
 <node id="7984859237" visible="true" version="1" changeset="92110395" timestamp="2020-10-07T11:52:46Z" user="ObRiver" uid="10529631" lat="24.5492787" lon="118.1453794"/>
 <node id="7984859238" visible="true" version="1" changeset="92110395" timestamp="2020-10-07T11:52:46Z" user="ObRiver" uid="10529631" lat="24.5487895" lon="118.1455953"/>
 <node id="7984859239" visible="true" version="1" changeset="92110395" timestamp="2020-10-07T11:52:46Z" user="ObRiver" uid="10529631" lat="24.5488725" lon="118.1455900"/>
 <node id="7984859240" visible="true" version="1" changeset="92110395" timestamp="2020-10-07T11:52:46Z" user="ObRiver" uid="10529631" lat="24.5489555" lon="118.1455699"/>
 <node id="7984859241" visible="true" version="1" changeset="92110395" timestamp="2020-10-07T11:52:46Z" user="ObRiver" uid="10529631" lat="24.5490445" lon="118.1455310"/>
 <node id="7984859242" visible="true" version="1" changeset="92110395" timestamp="2020-10-07T11:52:46Z" user="ObRiver" uid="10529631" lat="24.5491506" lon="118.1454746"/>
 <node id="7984859243" visible="true" version="1" changeset="92110395" timestamp="2020-10-07T11:52:46Z" user="ObRiver" uid="10529631" lat="24.5492202" lon="118.1454230"/>
 <node id="7984859244" visible="true" version="1" changeset="92110395" timestamp="2020-10-07T11:52:46Z" user="ObRiver" uid="10529631" lat="24.5493428" lon="118.1453298"/>
 <node id="7984859245" visible="true" version="1" changeset="92110395" timestamp="2020-10-07T11:52:46Z" user="ObRiver" uid="10529631" lat="24.5493300" lon="118.1453144"/>
 <node id="7984859246" visible="true" version="1" changeset="92110395" timestamp="2020-10-07T11:52:46Z" user="ObRiver" uid="10529631" lat="24.5497313" lon="118.1450991"/>
 <node id="7984859247" visible="true" version="1" changeset="92110395" timestamp="2020-10-07T11:52:46Z" user="ObRiver" uid="10529631" lat="24.5507279" lon="118.1446083"/>
 <node id="7984859248" visible="true" version="2" changeset="123496001" timestamp="2022-07-12T02:34:39Z" user="Lancelotance" uid="14251311" lat="24.5509170" lon="118.1445037">
  <tag k="barrier" v="gate"/>
 </node>
 <node id="7984859249" visible="true" version="1" changeset="92110395" timestamp="2020-10-07T11:52:46Z" user="ObRiver" uid="10529631" lat="24.5509621" lon="118.1444447"/>
 <node id="7984859250" visible="true" version="1" changeset="92110395" timestamp="2020-10-07T11:52:46Z" user="ObRiver" uid="10529631" lat="24.5512366" lon="118.1445077"/>
 <node id="7984859251" visible="true" version="1" changeset="92110395" timestamp="2020-10-07T11:52:46Z" user="ObRiver" uid="10529631" lat="24.5515769" lon="118.1449597"/>
 <node id="7984859252" visible="true" version="1" changeset="92110395" timestamp="2020-10-07T11:52:46Z" user="ObRiver" uid="10529631" lat="24.5517807" lon="118.1449556"/>
 <node id="7984859253" visible="true" version="1" changeset="92110395" timestamp="2020-10-07T11:52:46Z" user="ObRiver" uid="10529631" lat="24.5523418" lon="118.1444688"/>
 <node id="7984859254" visible="true" version="1" changeset="92110395" timestamp="2020-10-07T11:52:46Z" user="ObRiver" uid="10529631" lat="24.5531969" lon="118.1437393"/>
 <node id="7984859255" visible="true" version="1" changeset="92110395" timestamp="2020-10-07T11:52:46Z" user="ObRiver" uid="10529631" lat="24.5528639" lon="118.1440303"/>
 <node id="7984859256" visible="true" version="1" changeset="92110395" timestamp="2020-10-07T11:52:46Z" user="ObRiver" uid="10529631" lat="24.5535384" lon="118.1434536"/>
 <node id="7984859257" visible="true" version="1" changeset="92110395" timestamp="2020-10-07T11:52:46Z" user="ObRiver" uid="10529631" lat="24.5542094" lon="118.1428863"/>
 <node id="7984859258" visible="true" version="1" changeset="92110395" timestamp="2020-10-07T11:52:46Z" user="ObRiver" uid="10529631" lat="24.5542472" lon="118.1429279"/>
 <node id="7984859259" visible="true" version="1" changeset="92110395" timestamp="2020-10-07T11:52:46Z" user="ObRiver" uid="10529631" lat="24.5544155" lon="118.1427871"/>
 <node id="7984859260" visible="true" version="1" changeset="92110395" timestamp="2020-10-07T11:52:46Z" user="ObRiver" uid="10529631" lat="24.5545192" lon="118.1426972"/>
 <node id="7984859261" visible="true" version="1" changeset="92110395" timestamp="2020-10-07T11:52:46Z" user="ObRiver" uid="10529631" lat="24.5546973" lon="118.1425939"/>
 <node id="7984859262" visible="true" version="1" changeset="92110395" timestamp="2020-10-07T11:52:46Z" user="ObRiver" uid="10529631" lat="24.5547595" lon="118.1425537"/>
 <node id="7984859263" visible="true" version="1" changeset="92110395" timestamp="2020-10-07T11:52:46Z" user="ObRiver" uid="10529631" lat="24.5548034" lon="118.1425269"/>
 <node id="7984859264" visible="true" version="1" changeset="92110395" timestamp="2020-10-07T11:52:46Z" user="ObRiver" uid="10529631" lat="24.5549900" lon="118.1423579"/>
 <node id="7984859265" visible="true" version="1" changeset="92110395" timestamp="2020-10-07T11:52:46Z" user="ObRiver" uid="10529631" lat="24.5550193" lon="118.1423955"/>
 <node id="7984859266" visible="true" version="1" changeset="92110395" timestamp="2020-10-07T11:52:46Z" user="ObRiver" uid="10529631" lat="24.5550388" lon="118.1423981"/>
 <node id="7984859267" visible="true" version="1" changeset="92110395" timestamp="2020-10-07T11:52:46Z" user="ObRiver" uid="10529631" lat="24.5550657" lon="118.1423874"/>
 <node id="7984859268" visible="true" version="1" changeset="92110395" timestamp="2020-10-07T11:52:46Z" user="ObRiver" uid="10529631" lat="24.5550888" lon="118.1423700"/>
 <node id="7984859269" visible="true" version="1" changeset="92110395" timestamp="2020-10-07T11:52:46Z" user="ObRiver" uid="10529631" lat="24.5551828" lon="118.1422842"/>
 <node id="7984859270" visible="true" version="1" changeset="92110395" timestamp="2020-10-07T11:52:46Z" user="ObRiver" uid="10529631" lat="24.5558159" lon="118.1417075"/>
 <node id="7984859271" visible="true" version="1" changeset="92110395" timestamp="2020-10-07T11:52:46Z" user="ObRiver" uid="10529631" lat="24.5562306" lon="118.1413293"/>
 <node id="7984859272" visible="true" version="1" changeset="92110395" timestamp="2020-10-07T11:52:46Z" user="ObRiver" uid="10529631" lat="24.5567057" lon="118.1409062"/>
 <node id="7984859273" visible="true" version="1" changeset="92110395" timestamp="2020-10-07T11:52:46Z" user="ObRiver" uid="10529631" lat="24.5566099" lon="118.1407607"/>
 <node id="7984859274" visible="true" version="1" changeset="92110395" timestamp="2020-10-07T11:52:46Z" user="ObRiver" uid="10529631" lat="24.5565868" lon="118.1407835"/>
 <node id="7984859275" visible="true" version="1" changeset="92110395" timestamp="2020-10-07T11:52:46Z" user="ObRiver" uid="10529631" lat="24.5562806" lon="118.1403369"/>
 <node id="7984859276" visible="true" version="1" changeset="92110395" timestamp="2020-10-07T11:52:46Z" user="ObRiver" uid="10529631" lat="24.5557866" lon="118.1395966"/>
 <node id="7984859277" visible="true" version="1" changeset="92110395" timestamp="2020-10-07T11:52:46Z" user="ObRiver" uid="10529631" lat="24.5551254" lon="118.1386752"/>
 <node id="7984859278" visible="true" version="1" changeset="92110395" timestamp="2020-10-07T11:52:46Z" user="ObRiver" uid="10529631" lat="24.5546241" lon="118.1379551"/>
 <node id="7984859279" visible="true" version="1" changeset="92110395" timestamp="2020-10-07T11:52:46Z" user="ObRiver" uid="10529631" lat="24.5544314" lon="118.1376687"/>
 <node id="7984859280" visible="true" version="1" changeset="92110395" timestamp="2020-10-07T11:52:46Z" user="ObRiver" uid="10529631" lat="24.5544118" lon="118.1376855"/>
 <node id="7984859281" visible="true" version="1" changeset="92110395" timestamp="2020-10-07T11:52:46Z" user="ObRiver" uid="10529631" lat="24.5540191" lon="118.1371343"/>
 <node id="7984859282" visible="true" version="1" changeset="92110395" timestamp="2020-10-07T11:52:46Z" user="ObRiver" uid="10529631" lat="24.5533274" lon="118.1361634"/>
 <node id="7984859283" visible="true" version="1" changeset="92110395" timestamp="2020-10-07T11:52:46Z" user="ObRiver" uid="10529631" lat="24.5519771" lon="118.1354834"/>
 <node id="7984859284" visible="true" version="1" changeset="92110395" timestamp="2020-10-07T11:52:46Z" user="ObRiver" uid="10529631" lat="24.5509926" lon="118.1351280"/>
 <node id="7984859285" visible="true" version="1" changeset="92110395" timestamp="2020-10-07T11:52:46Z" user="ObRiver" uid="10529631" lat="24.5504791" lon="118.1344132"/>
 <node id="7984859286" visible="true" version="1" changeset="92110395" timestamp="2020-10-07T11:52:46Z" user="ObRiver" uid="10529631" lat="24.5498618" lon="118.1335442"/>
 <node id="7984859287" visible="true" version="1" changeset="92110395" timestamp="2020-10-07T11:52:46Z" user="ObRiver" uid="10529631" lat="24.5493068" lon="118.1327690"/>
 <node id="7984859288" visible="true" version="1" changeset="92110395" timestamp="2020-10-07T11:52:46Z" user="ObRiver" uid="10529631" lat="24.5486676" lon="118.1318718"/>
 <node id="7984859289" visible="true" version="1" changeset="92110395" timestamp="2020-10-07T11:52:46Z" user="ObRiver" uid="10529631" lat="24.5481589" lon="118.1311584"/>
 <node id="7984859290" visible="true" version="1" changeset="92110395" timestamp="2020-10-07T11:52:46Z" user="ObRiver" uid="10529631" lat="24.5476904" lon="118.1305186"/>
 <node id="7984859291" visible="true" version="1" changeset="92110395" timestamp="2020-10-07T11:52:46Z" user="ObRiver" uid="10529631" lat="24.5469878" lon="118.1295477"/>
 <node id="7984859292" visible="true" version="1" changeset="92110395" timestamp="2020-10-07T11:52:46Z" user="ObRiver" uid="10529631" lat="24.5463254" lon="118.1284225"/>
 <node id="7984859293" visible="true" version="1" changeset="92110395" timestamp="2020-10-07T11:52:46Z" user="ObRiver" uid="10529631" lat="24.5457301" lon="118.1269754"/>
 <node id="7984859294" visible="true" version="1" changeset="92110395" timestamp="2020-10-07T11:52:46Z" user="ObRiver" uid="10529631" lat="24.5456020" lon="118.1266871"/>
 <node id="7984859295" visible="true" version="1" changeset="92110395" timestamp="2020-10-07T11:52:46Z" user="ObRiver" uid="10529631" lat="24.5455288" lon="118.1262754"/>
 <node id="7984859296" visible="true" version="1" changeset="92110395" timestamp="2020-10-07T11:52:46Z" user="ObRiver" uid="10529631" lat="24.5448017" lon="118.1245682"/>
 <node id="7984859297" visible="true" version="1" changeset="92110395" timestamp="2020-10-07T11:52:46Z" user="ObRiver" uid="10529631" lat="24.5439734" lon="118.1234135"/>
 <node id="7984859298" visible="true" version="1" changeset="92110395" timestamp="2020-10-07T11:52:46Z" user="ObRiver" uid="10529631" lat="24.5431292" lon="118.1222306"/>
 <node id="7984859299" visible="true" version="1" changeset="92110395" timestamp="2020-10-07T11:52:46Z" user="ObRiver" uid="10529631" lat="24.5453653" lon="118.1253514"/>
 <node id="7984859300" visible="true" version="1" changeset="92110395" timestamp="2020-10-07T11:52:46Z" user="ObRiver" uid="10529631" lat="24.5443857" lon="118.1239875"/>
 <node id="7984859301" visible="true" version="1" changeset="92110395" timestamp="2020-10-07T11:52:46Z" user="ObRiver" uid="10529631" lat="24.5435562" lon="118.1228288"/>
 <node id="7984859302" visible="true" version="1" changeset="92110395" timestamp="2020-10-07T11:52:46Z" user="ObRiver" uid="10529631" lat="24.5426583" lon="118.1215695"/>
 <node id="7984859303" visible="true" version="1" changeset="92110395" timestamp="2020-10-07T11:52:46Z" user="ObRiver" uid="10529631" lat="24.5429999" lon="118.1212697"/>
 <node id="7984859304" visible="true" version="1" changeset="92110395" timestamp="2020-10-07T11:52:46Z" user="ObRiver" uid="10529631" lat="24.5430108" lon="118.1212570"/>
 <node id="7984859305" visible="true" version="1" changeset="92110395" timestamp="2020-10-07T11:52:46Z" user="ObRiver" uid="10529631" lat="24.5430169" lon="118.1212395"/>
 <node id="7984859306" visible="true" version="1" changeset="92110395" timestamp="2020-10-07T11:52:46Z" user="ObRiver" uid="10529631" lat="24.5430139" lon="118.1212194"/>
 <node id="7984859307" visible="true" version="1" changeset="92110395" timestamp="2020-10-07T11:52:46Z" user="ObRiver" uid="10529631" lat="24.5430035" lon="118.1211933"/>
 <node id="7984859308" visible="true" version="1" changeset="92110395" timestamp="2020-10-07T11:52:46Z" user="ObRiver" uid="10529631" lat="24.5426427" lon="118.1206719"/>
 <node id="7984859309" visible="true" version="1" changeset="92110395" timestamp="2020-10-07T11:52:46Z" user="ObRiver" uid="10529631" lat="24.5426324" lon="118.1206609"/>
 <node id="7984859310" visible="true" version="1" changeset="92110395" timestamp="2020-10-07T11:52:46Z" user="ObRiver" uid="10529631" lat="24.5426192" lon="118.1206545"/>
 <node id="7984859311" visible="true" version="1" changeset="92110395" timestamp="2020-10-07T11:52:46Z" user="ObRiver" uid="10529631" lat="24.5426043" lon="118.1206555"/>
 <node id="7984859312" visible="true" version="1" changeset="92110395" timestamp="2020-10-07T11:52:46Z" user="ObRiver" uid="10529631" lat="24.5425948" lon="118.1206588"/>
 <node id="7984859313" visible="true" version="1" changeset="92110395" timestamp="2020-10-07T11:52:46Z" user="ObRiver" uid="10529631" lat="24.5419227" lon="118.1207849"/>
 <node id="7984859314" visible="true" version="1" changeset="92110395" timestamp="2020-10-07T11:52:46Z" user="ObRiver" uid="10529631" lat="24.5416323" lon="118.1205636"/>
 <node id="7984859315" visible="true" version="1" changeset="92110395" timestamp="2020-10-07T11:52:46Z" user="ObRiver" uid="10529631" lat="24.5410894" lon="118.1198046"/>
 <node id="7984859316" visible="true" version="1" changeset="92110395" timestamp="2020-10-07T11:52:46Z" user="ObRiver" uid="10529631" lat="24.5405075" lon="118.1189959"/>
 <node id="7984859317" visible="true" version="1" changeset="92110395" timestamp="2020-10-07T11:52:46Z" user="ObRiver" uid="10529631" lat="24.5401269" lon="118.1184688"/>
 <node id="7984859318" visible="true" version="1" changeset="92110395" timestamp="2020-10-07T11:52:46Z" user="ObRiver" uid="10529631" lat="24.5393803" lon="118.1174295"/>
 <node id="7984859319" visible="true" version="1" changeset="92110395" timestamp="2020-10-07T11:52:46Z" user="ObRiver" uid="10529631" lat="24.5392936" lon="118.1173423"/>
 <node id="7984859320" visible="true" version="1" changeset="92110395" timestamp="2020-10-07T11:52:46Z" user="ObRiver" uid="10529631" lat="24.5386556" lon="118.1166945"/>
 <node id="7984859321" visible="true" version="1" changeset="92110395" timestamp="2020-10-07T11:52:46Z" user="ObRiver" uid="10529631" lat="24.5382725" lon="118.1162976"/>
 <node id="7984859322" visible="true" version="1" changeset="92110395" timestamp="2020-10-07T11:52:46Z" user="ObRiver" uid="10529631" lat="24.5378931" lon="118.1159154"/>
 <node id="7984859323" visible="true" version="1" changeset="92110395" timestamp="2020-10-07T11:52:46Z" user="ObRiver" uid="10529631" lat="24.5377894" lon="118.1158161"/>
 <node id="7984859324" visible="true" version="1" changeset="92110395" timestamp="2020-10-07T11:52:46Z" user="ObRiver" uid="10529631" lat="24.5376333" lon="118.1156968"/>
 <node id="7984859325" visible="true" version="1" changeset="92110395" timestamp="2020-10-07T11:52:46Z" user="ObRiver" uid="10529631" lat="24.5376564" lon="118.1156579"/>
 <node id="7984859326" visible="true" version="1" changeset="92110395" timestamp="2020-10-07T11:52:46Z" user="ObRiver" uid="10529631" lat="24.5377858" lon="118.1157303"/>
 <node id="7984859327" visible="true" version="1" changeset="92110395" timestamp="2020-10-07T11:52:46Z" user="ObRiver" uid="10529631" lat="24.5378907" lon="118.1154004"/>
 <node id="7984859328" visible="true" version="1" changeset="92110395" timestamp="2020-10-07T11:52:46Z" user="ObRiver" uid="10529631" lat="24.5378065" lon="118.1153575"/>
 <node id="7984859329" visible="true" version="1" changeset="92110395" timestamp="2020-10-07T11:52:46Z" user="ObRiver" uid="10529631" lat="24.5378156" lon="118.1153434"/>
 <node id="7984859330" visible="true" version="1" changeset="92110395" timestamp="2020-10-07T11:52:46Z" user="ObRiver" uid="10529631" lat="24.5377681" lon="118.1153085"/>
 <node id="7984859331" visible="true" version="1" changeset="92110395" timestamp="2020-10-07T11:52:46Z" user="ObRiver" uid="10529631" lat="24.5377223" lon="118.1153253"/>
 <node id="7984859332" visible="true" version="1" changeset="92110395" timestamp="2020-10-07T11:52:46Z" user="ObRiver" uid="10529631" lat="24.5376406" lon="118.1152743"/>
 <node id="7984859333" visible="true" version="1" changeset="92110395" timestamp="2020-10-07T11:52:46Z" user="ObRiver" uid="10529631" lat="24.5375167" lon="118.1152267"/>
 <node id="7984859334" visible="true" version="1" changeset="92110395" timestamp="2020-10-07T11:52:46Z" user="ObRiver" uid="10529631" lat="24.5375167" lon="118.1151831"/>
 <node id="7984859335" visible="true" version="1" changeset="92110395" timestamp="2020-10-07T11:52:46Z" user="ObRiver" uid="10529631" lat="24.5374710" lon="118.1151596"/>
 <node id="7984859336" visible="true" version="1" changeset="92110395" timestamp="2020-10-07T11:52:46Z" user="ObRiver" uid="10529631" lat="24.5374466" lon="118.1151603"/>
 <node id="7984859337" visible="true" version="1" changeset="92110395" timestamp="2020-10-07T11:52:46Z" user="ObRiver" uid="10529631" lat="24.5372819" lon="118.1150503"/>
 <node id="7984859338" visible="true" version="1" changeset="92110395" timestamp="2020-10-07T11:52:46Z" user="ObRiver" uid="10529631" lat="24.5360680" lon="118.1143235"/>
 <node id="7984859339" visible="true" version="1" changeset="92110395" timestamp="2020-10-07T11:52:46Z" user="ObRiver" uid="10529631" lat="24.5364706" lon="118.1145582"/>
 <node id="7984859340" visible="true" version="1" changeset="92110395" timestamp="2020-10-07T11:52:46Z" user="ObRiver" uid="10529631" lat="24.5355922" lon="118.1140740"/>
 <node id="7986834963" visible="true" version="1" changeset="92145071" timestamp="2020-10-08T05:38:46Z" user="ObRiver" uid="10529631" lat="24.5431241" lon="118.1317761"/>
 <node id="7986834979" visible="true" version="1" changeset="92145071" timestamp="2020-10-08T05:38:46Z" user="ObRiver" uid="10529631" lat="24.5428495" lon="118.1314199"/>
 <node id="7986834995" visible="true" version="1" changeset="92145071" timestamp="2020-10-08T05:38:46Z" user="ObRiver" uid="10529631" lat="24.5425838" lon="118.1310327"/>
 <node id="7986834997" visible="true" version="1" changeset="92145071" timestamp="2020-10-08T05:38:46Z" user="ObRiver" uid="10529631" lat="24.5425673" lon="118.1310080"/>
 <node id="7986835009" visible="true" version="1" changeset="92145071" timestamp="2020-10-08T05:38:46Z" user="ObRiver" uid="10529631" lat="24.5423742" lon="118.1307187"/>
 <node id="7986835010" visible="true" version="1" changeset="92145071" timestamp="2020-10-08T05:38:46Z" user="ObRiver" uid="10529631" lat="24.5423508" lon="118.1306837"/>
 <node id="7986835025" visible="true" version="1" changeset="92145071" timestamp="2020-10-08T05:38:46Z" user="ObRiver" uid="10529631" lat="24.5421590" lon="118.1303989"/>
 <node id="7986835026" visible="true" version="1" changeset="92145071" timestamp="2020-10-08T05:38:46Z" user="ObRiver" uid="10529631" lat="24.5421502" lon="118.1303866"/>
 <node id="7986835039" visible="true" version="1" changeset="92145071" timestamp="2020-10-08T05:38:46Z" user="ObRiver" uid="10529631" lat="24.5418626" lon="118.1299862"/>
 <node id="7986835040" visible="true" version="1" changeset="92145071" timestamp="2020-10-08T05:38:46Z" user="ObRiver" uid="10529631" lat="24.5419379" lon="118.1300921"/>
 <node id="7986835054" visible="true" version="1" changeset="92145071" timestamp="2020-10-08T05:38:46Z" user="ObRiver" uid="10529631" lat="24.5416134" lon="118.1296294"/>
 <node id="7986835055" visible="true" version="1" changeset="92145071" timestamp="2020-10-08T05:38:46Z" user="ObRiver" uid="10529631" lat="24.5416587" lon="118.1296943"/>
 <node id="7986835069" visible="true" version="1" changeset="92145071" timestamp="2020-10-08T05:38:46Z" user="ObRiver" uid="10529631" lat="24.5414428" lon="118.1293851"/>
 <node id="7986835070" visible="true" version="2" changeset="132681457" timestamp="2023-02-17T15:04:55Z" user="Rudi_Z" uid="18335662" lat="24.5413928" lon="118.1293173"/>
 <node id="7986835083" visible="true" version="2" changeset="132681457" timestamp="2023-02-17T15:04:55Z" user="Rudi_Z" uid="18335662" lat="24.5412580" lon="118.1291140"/>
 <node id="7986835084" visible="true" version="1" changeset="92145071" timestamp="2020-10-08T05:38:46Z" user="ObRiver" uid="10529631" lat="24.5421807" lon="118.1304290"/>
 <node id="7986835096" visible="true" version="1" changeset="92145071" timestamp="2020-10-08T05:38:46Z" user="ObRiver" uid="10529631" lat="24.5418953" lon="118.1300330"/>
 <node id="7986835098" visible="true" version="1" changeset="92145071" timestamp="2020-10-08T05:38:46Z" user="ObRiver" uid="10529631" lat="24.5424839" lon="118.1308830"/>
 <node id="7986835110" visible="true" version="1" changeset="92145071" timestamp="2020-10-08T05:38:46Z" user="ObRiver" uid="10529631" lat="24.5422497" lon="118.1305323"/>
 <node id="7986835111" visible="true" version="1" changeset="92145071" timestamp="2020-10-08T05:38:46Z" user="ObRiver" uid="10529631" lat="24.5426789" lon="118.1311751"/>
 <node id="7986835123" visible="true" version="1" changeset="92145071" timestamp="2020-10-08T05:38:46Z" user="ObRiver" uid="10529631" lat="24.5424693" lon="118.1308612"/>
 <node id="7986835124" visible="true" version="1" changeset="92145071" timestamp="2020-10-08T05:38:46Z" user="ObRiver" uid="10529631" lat="24.5428180" lon="118.1313790"/>
 <node id="7986835137" visible="true" version="1" changeset="92145071" timestamp="2020-10-08T05:38:46Z" user="ObRiver" uid="10529631" lat="24.5425926" lon="118.1310459"/>
 <node id="7986835138" visible="true" version="1" changeset="92145071" timestamp="2020-10-08T05:38:46Z" user="ObRiver" uid="10529631" lat="24.5431597" lon="118.1318223"/>
 <node id="7986835151" visible="true" version="1" changeset="92145071" timestamp="2020-10-08T05:38:46Z" user="ObRiver" uid="10529631" lat="24.5429245" lon="118.1315171"/>
 <node id="7986835152" visible="true" version="1" changeset="92145071" timestamp="2020-10-08T05:38:46Z" user="ObRiver" uid="10529631" lat="24.5434863" lon="118.1322450"/>
 <node id="7986835163" visible="true" version="1" changeset="92145071" timestamp="2020-10-08T05:38:46Z" user="ObRiver" uid="10529631" lat="24.5432563" lon="118.1319476"/>
 <node id="7986835176" visible="true" version="1" changeset="92145071" timestamp="2020-10-08T05:38:46Z" user="ObRiver" uid="10529631" lat="24.5433071" lon="118.1320135"/>
 <node id="7986835188" visible="true" version="1" changeset="92145071" timestamp="2020-10-08T05:38:46Z" user="ObRiver" uid="10529631" lat="24.5430831" lon="118.1317229"/>
 <node id="7986936657" visible="true" version="1" changeset="92148246" timestamp="2020-10-08T06:27:13Z" user="ObRiver" uid="10529631" lat="24.5354543" lon="118.1209747"/>
 <node id="7986936660" visible="true" version="2" changeset="121065438" timestamp="2022-05-16T18:54:22Z" user="Airbus 350-900" uid="15443585" lat="24.5397072" lon="118.1254211"/>
 <node id="7986936661" visible="true" version="2" changeset="121065438" timestamp="2022-05-16T18:54:22Z" user="Airbus 350-900" uid="15443585" lat="24.5396956" lon="118.1253610"/>
 <node id="7986936662" visible="true" version="2" changeset="121065438" timestamp="2022-05-16T18:54:22Z" user="Airbus 350-900" uid="15443585" lat="24.5397135" lon="118.1253159"/>
 <node id="7986936663" visible="true" version="2" changeset="121065438" timestamp="2022-05-16T18:54:22Z" user="Airbus 350-900" uid="15443585" lat="24.5395954" lon="118.1254300"/>
 <node id="7986936664" visible="true" version="2" changeset="121065438" timestamp="2022-05-16T18:54:22Z" user="Airbus 350-900" uid="15443585" lat="24.5396430" lon="118.1254300"/>
 <node id="7986936665" visible="true" version="2" changeset="121065438" timestamp="2022-05-16T18:54:22Z" user="Airbus 350-900" uid="15443585" lat="24.5396758" lon="118.1254480"/>
 <node id="7986936667" visible="true" version="2" changeset="121065438" timestamp="2022-05-16T18:54:22Z" user="Airbus 350-900" uid="15443585" lat="24.5397646" lon="118.1252373"/>
 <node id="7986936668" visible="true" version="2" changeset="121065438" timestamp="2022-05-16T18:54:22Z" user="Airbus 350-900" uid="15443585" lat="24.5396816" lon="118.1252606"/>
 <node id="7986936669" visible="true" version="2" changeset="121065438" timestamp="2022-05-16T18:54:22Z" user="Airbus 350-900" uid="15443585" lat="24.5396370" lon="118.1252677"/>
 <node id="7986936671" visible="true" version="2" changeset="121065438" timestamp="2022-05-16T18:54:22Z" user="Airbus 350-900" uid="15443585" lat="24.5395420" lon="118.1252035"/>
 <node id="7986936672" visible="true" version="2" changeset="121065438" timestamp="2022-05-16T18:54:22Z" user="Airbus 350-900" uid="15443585" lat="24.5395562" lon="118.1253845"/>
 <node id="7986936674" visible="true" version="2" changeset="121065438" timestamp="2022-05-16T18:54:22Z" user="Airbus 350-900" uid="15443585" lat="24.5395654" lon="118.1253111"/>
 <node id="7986936677" visible="true" version="2" changeset="121065438" timestamp="2022-05-16T18:54:22Z" user="Airbus 350-900" uid="15443585" lat="24.5390102" lon="118.1244855"/>
 <node id="7986936678" visible="true" version="2" changeset="121065438" timestamp="2022-05-16T18:54:22Z" user="Airbus 350-900" uid="15443585" lat="24.5382459" lon="118.1234538"/>
 <node id="7986936679" visible="true" version="2" changeset="121065438" timestamp="2022-05-16T18:54:22Z" user="Airbus 350-900" uid="15443585" lat="24.5379994" lon="118.1231210"/>
 <node id="7986936680" visible="true" version="2" changeset="121065438" timestamp="2022-05-16T18:54:22Z" user="Airbus 350-900" uid="15443585" lat="24.5374999" lon="118.1224467"/>
 <node id="7986936682" visible="true" version="2" changeset="121065438" timestamp="2022-05-16T18:54:22Z" user="Airbus 350-900" uid="15443585" lat="24.5374520" lon="118.1224095"/>
 <node id="7986936684" visible="true" version="2" changeset="121065438" timestamp="2022-05-16T18:54:22Z" user="Airbus 350-900" uid="15443585" lat="24.5373969" lon="118.1223899"/>
 <node id="7986953185" visible="true" version="2" changeset="121065438" timestamp="2022-05-16T18:54:22Z" user="Airbus 350-900" uid="15443585" lat="24.5373415" lon="118.1223804"/>
 <node id="7986953186" visible="true" version="2" changeset="121065438" timestamp="2022-05-16T18:54:22Z" user="Airbus 350-900" uid="15443585" lat="24.5372985" lon="118.1223881"/>
 <node id="7986953187" visible="true" version="2" changeset="121065438" timestamp="2022-05-16T18:54:22Z" user="Airbus 350-900" uid="15443585" lat="24.5372315" lon="118.1224030"/>
 <node id="7986953188" visible="true" version="1" changeset="92148246" timestamp="2020-10-08T06:27:13Z" user="ObRiver" uid="10529631" lat="24.5360676" lon="118.1200925"/>
 <node id="7986953205" visible="true" version="2" changeset="121065438" timestamp="2022-05-16T18:54:22Z" user="Airbus 350-900" uid="15443585" lat="24.5397418" lon="118.1254920"/>
 <node id="7986953206" visible="true" version="2" changeset="121065438" timestamp="2022-05-16T18:54:22Z" user="Airbus 350-900" uid="15443585" lat="24.5400109" lon="118.1258721"/>
 <node id="7986953207" visible="true" version="2" changeset="121065438" timestamp="2022-05-16T18:54:22Z" user="Airbus 350-900" uid="15443585" lat="24.5405122" lon="118.1265802"/>
 <node id="7986953208" visible="true" version="2" changeset="121065438" timestamp="2022-05-16T18:54:22Z" user="Airbus 350-900" uid="15443585" lat="24.5407592" lon="118.1269289"/>
 <node id="7986953209" visible="true" version="2" changeset="121065438" timestamp="2022-05-16T18:54:22Z" user="Airbus 350-900" uid="15443585" lat="24.5410104" lon="118.1272837"/>
 <node id="7986953210" visible="true" version="2" changeset="121065438" timestamp="2022-05-16T18:54:22Z" user="Airbus 350-900" uid="15443585" lat="24.5412696" lon="118.1276498"/>
 <node id="7986953216" visible="true" version="2" changeset="121065438" timestamp="2022-05-16T18:54:22Z" user="Airbus 350-900" uid="15443585" lat="24.5415382" lon="118.1280292"/>
 <node id="7986953217" visible="true" version="1" changeset="92148246" timestamp="2020-10-08T06:27:13Z" user="ObRiver" uid="10529631" lat="24.5372736" lon="118.1234623"/>
 <node id="7986953218" visible="true" version="1" changeset="92148246" timestamp="2020-10-08T06:27:13Z" user="ObRiver" uid="10529631" lat="24.5372715" lon="118.1234101"/>
 <node id="7986953219" visible="true" version="1" changeset="92148246" timestamp="2020-10-08T06:27:13Z" user="ObRiver" uid="10529631" lat="24.5372697" lon="118.1233565"/>
 <node id="7986953220" visible="true" version="1" changeset="92148246" timestamp="2020-10-08T06:27:13Z" user="ObRiver" uid="10529631" lat="24.5372709" lon="118.1233115"/>
 <node id="7986953221" visible="true" version="1" changeset="92148246" timestamp="2020-10-08T06:27:13Z" user="ObRiver" uid="10529631" lat="24.5372734" lon="118.1232713"/>
 <node id="7986953222" visible="true" version="1" changeset="92148246" timestamp="2020-10-08T06:27:13Z" user="ObRiver" uid="10529631" lat="24.5372776" lon="118.1232324"/>
 <node id="7986953223" visible="true" version="2" changeset="121065438" timestamp="2022-05-16T18:54:22Z" user="Airbus 350-900" uid="15443585" lat="24.5377485" lon="118.1227822"/>
 <node id="7986953224" visible="true" version="1" changeset="92148246" timestamp="2020-10-08T06:27:13Z" user="ObRiver" uid="10529631" lat="24.5372880" lon="118.1231761"/>
 <node id="7986953225" visible="true" version="1" changeset="92148246" timestamp="2020-10-08T06:27:13Z" user="ObRiver" uid="10529631" lat="24.5372636" lon="118.1231868"/>
 <node id="7986953226" visible="true" version="1" changeset="92148246" timestamp="2020-10-08T06:27:13Z" user="ObRiver" uid="10529631" lat="24.5372221" lon="118.1231935"/>
 <node id="7986953227" visible="true" version="1" changeset="92148246" timestamp="2020-10-08T06:27:13Z" user="ObRiver" uid="10529631" lat="24.5371831" lon="118.1231949"/>
 <node id="7986953228" visible="true" version="1" changeset="92148246" timestamp="2020-10-08T06:27:13Z" user="ObRiver" uid="10529631" lat="24.5371270" lon="118.1231868"/>
 <node id="7986953229" visible="true" version="1" changeset="92148246" timestamp="2020-10-08T06:27:13Z" user="ObRiver" uid="10529631" lat="24.5370623" lon="118.1231715"/>
 <node id="7986953230" visible="true" version="1" changeset="92148246" timestamp="2020-10-08T06:27:13Z" user="ObRiver" uid="10529631" lat="24.5373581" lon="118.1235234"/>
 <node id="7986953231" visible="true" version="1" changeset="92148246" timestamp="2020-10-08T06:27:13Z" user="ObRiver" uid="10529631" lat="24.5375020" lon="118.1237752"/>
 <node id="7986953232" visible="true" version="1" changeset="92148246" timestamp="2020-10-08T06:27:13Z" user="ObRiver" uid="10529631" lat="24.5374966" lon="118.1237394"/>
 <node id="7986953233" visible="true" version="1" changeset="92148246" timestamp="2020-10-08T06:27:13Z" user="ObRiver" uid="10529631" lat="24.5374954" lon="118.1236964"/>
 <node id="7986953234" visible="true" version="1" changeset="92148246" timestamp="2020-10-08T06:27:13Z" user="ObRiver" uid="10529631" lat="24.5374954" lon="118.1236441"/>
 <node id="7986953235" visible="true" version="1" changeset="92148246" timestamp="2020-10-08T06:27:13Z" user="ObRiver" uid="10529631" lat="24.5375003" lon="118.1236026"/>
 <node id="7986953236" visible="true" version="1" changeset="92148246" timestamp="2020-10-08T06:27:13Z" user="ObRiver" uid="10529631" lat="24.5375113" lon="118.1235583"/>
 <node id="7986953238" visible="true" version="1" changeset="92148246" timestamp="2020-10-08T06:27:13Z" user="ObRiver" uid="10529631" lat="24.5375393" lon="118.1234966"/>
 <node id="7986953239" visible="true" version="1" changeset="92148246" timestamp="2020-10-08T06:27:13Z" user="ObRiver" uid="10529631" lat="24.5375039" lon="118.1235167"/>
 <node id="7986953240" visible="true" version="1" changeset="92148246" timestamp="2020-10-08T06:27:13Z" user="ObRiver" uid="10529631" lat="24.5374734" lon="118.1235261"/>
 <node id="7986953241" visible="true" version="1" changeset="92148246" timestamp="2020-10-08T06:27:13Z" user="ObRiver" uid="10529631" lat="24.5374350" lon="118.1235315"/>
 <node id="7986953242" visible="true" version="1" changeset="92148246" timestamp="2020-10-08T06:27:13Z" user="ObRiver" uid="10529631" lat="24.5373972" lon="118.1235295"/>
 <node id="7986953243" visible="true" version="1" changeset="92148246" timestamp="2020-10-08T06:27:13Z" user="ObRiver" uid="10529631" lat="24.5373068" lon="118.1235080"/>
 <node id="7986953244" visible="true" version="1" changeset="92148246" timestamp="2020-10-08T06:27:13Z" user="ObRiver" uid="10529631" lat="24.5376034" lon="118.1238500"/>
 <node id="7986953245" visible="true" version="1" changeset="92148246" timestamp="2020-10-08T06:27:13Z" user="ObRiver" uid="10529631" lat="24.5377588" lon="118.1241273"/>
 <node id="7986953246" visible="true" version="1" changeset="92148246" timestamp="2020-10-08T06:27:13Z" user="ObRiver" uid="10529631" lat="24.5377449" lon="118.1240699"/>
 <node id="7986953247" visible="true" version="1" changeset="92148246" timestamp="2020-10-08T06:27:13Z" user="ObRiver" uid="10529631" lat="24.5377418" lon="118.1240230"/>
 <node id="7986953248" visible="true" version="1" changeset="92148246" timestamp="2020-10-08T06:27:13Z" user="ObRiver" uid="10529631" lat="24.5377424" lon="118.1239794"/>
 <node id="7986953249" visible="true" version="1" changeset="92148246" timestamp="2020-10-08T06:27:13Z" user="ObRiver" uid="10529631" lat="24.5377449" lon="118.1239419"/>
 <node id="7986953250" visible="true" version="1" changeset="92148246" timestamp="2020-10-08T06:27:13Z" user="ObRiver" uid="10529631" lat="24.5377516" lon="118.1239150"/>
 <node id="7986953251" visible="true" version="1" changeset="92148246" timestamp="2020-10-08T06:27:13Z" user="ObRiver" uid="10529631" lat="24.5377595" lon="118.1238876"/>
 <node id="7986953253" visible="true" version="1" changeset="92148246" timestamp="2020-10-08T06:27:13Z" user="ObRiver" uid="10529631" lat="24.5377784" lon="118.1238520"/>
 <node id="7986953254" visible="true" version="1" changeset="92148246" timestamp="2020-10-08T06:27:13Z" user="ObRiver" uid="10529631" lat="24.5377492" lon="118.1238614"/>
 <node id="7986953255" visible="true" version="1" changeset="92148246" timestamp="2020-10-08T06:27:13Z" user="ObRiver" uid="10529631" lat="24.5377223" lon="118.1238627"/>
 <node id="7986953256" visible="true" version="1" changeset="92148246" timestamp="2020-10-08T06:27:13Z" user="ObRiver" uid="10529631" lat="24.5376845" lon="118.1238627"/>
 <node id="7986953257" visible="true" version="1" changeset="92148246" timestamp="2020-10-08T06:27:13Z" user="ObRiver" uid="10529631" lat="24.5376394" lon="118.1238574"/>
 <node id="7986953258" visible="true" version="1" changeset="92148246" timestamp="2020-10-08T06:27:13Z" user="ObRiver" uid="10529631" lat="24.5375504" lon="118.1238413"/>
 <node id="7986953259" visible="true" version="1" changeset="92148246" timestamp="2020-10-08T06:27:13Z" user="ObRiver" uid="10529631" lat="24.5379925" lon="118.1244568"/>
 <node id="7986953260" visible="true" version="1" changeset="92148246" timestamp="2020-10-08T06:27:13Z" user="ObRiver" uid="10529631" lat="24.5379883" lon="118.1244019"/>
 <node id="7986953261" visible="true" version="1" changeset="92148246" timestamp="2020-10-08T06:27:13Z" user="ObRiver" uid="10529631" lat="24.5379834" lon="118.1243496"/>
 <node id="7986953262" visible="true" version="1" changeset="92148246" timestamp="2020-10-08T06:27:13Z" user="ObRiver" uid="10529631" lat="24.5379883" lon="118.1243026"/>
 <node id="7986953263" visible="true" version="1" changeset="92148246" timestamp="2020-10-08T06:27:13Z" user="ObRiver" uid="10529631" lat="24.5379944" lon="118.1242678"/>
 <node id="7986953264" visible="true" version="1" changeset="92148246" timestamp="2020-10-08T06:27:13Z" user="ObRiver" uid="10529631" lat="24.5380078" lon="118.1242262"/>
 <node id="7986953265" visible="true" version="2" changeset="121065438" timestamp="2022-05-16T18:54:22Z" user="Airbus 350-900" uid="15443585" lat="24.5384976" lon="118.1237935"/>
 <node id="7986953266" visible="true" version="1" changeset="92148246" timestamp="2020-10-08T06:27:13Z" user="ObRiver" uid="10529631" lat="24.5380407" lon="118.1241833"/>
 <node id="7986953267" visible="true" version="1" changeset="92148246" timestamp="2020-10-08T06:27:13Z" user="ObRiver" uid="10529631" lat="24.5379749" lon="118.1241994"/>
 <node id="7986953268" visible="true" version="1" changeset="92148246" timestamp="2020-10-08T06:27:13Z" user="ObRiver" uid="10529631" lat="24.5379309" lon="118.1242020"/>
 <node id="7986953269" visible="true" version="1" changeset="92148246" timestamp="2020-10-08T06:27:13Z" user="ObRiver" uid="10529631" lat="24.5378724" lon="118.1241953"/>
 <node id="7986953270" visible="true" version="1" changeset="92148246" timestamp="2020-10-08T06:27:13Z" user="ObRiver" uid="10529631" lat="24.5378309" lon="118.1241859"/>
 <node id="7986953271" visible="true" version="1" changeset="92148246" timestamp="2020-10-08T06:27:13Z" user="ObRiver" uid="10529631" lat="24.5377861" lon="118.1241658"/>
 <node id="7986953272" visible="true" version="1" changeset="92148246" timestamp="2020-10-08T06:27:13Z" user="ObRiver" uid="10529631" lat="24.5382337" lon="118.1247968"/>
 <node id="7986953273" visible="true" version="1" changeset="92148246" timestamp="2020-10-08T06:27:13Z" user="ObRiver" uid="10529631" lat="24.5382347" lon="118.1247251"/>
 <node id="7986953274" visible="true" version="1" changeset="92148246" timestamp="2020-10-08T06:27:13Z" user="ObRiver" uid="10529631" lat="24.5382396" lon="118.1246701"/>
 <node id="7986953275" visible="true" version="1" changeset="92148246" timestamp="2020-10-08T06:27:13Z" user="ObRiver" uid="10529631" lat="24.5382493" lon="118.1246245"/>
 <node id="7986953276" visible="true" version="1" changeset="92148246" timestamp="2020-10-08T06:27:13Z" user="ObRiver" uid="10529631" lat="24.5382567" lon="118.1245843"/>
 <node id="7986953277" visible="true" version="2" changeset="121065438" timestamp="2022-05-16T18:54:22Z" user="Airbus 350-900" uid="15443585" lat="24.5387653" lon="118.1241549"/>
 <node id="7986953278" visible="true" version="1" changeset="92148246" timestamp="2020-10-08T06:27:13Z" user="ObRiver" uid="10529631" lat="24.5382872" lon="118.1245212"/>
 <node id="7986953279" visible="true" version="1" changeset="92148246" timestamp="2020-10-08T06:27:13Z" user="ObRiver" uid="10529631" lat="24.5382408" lon="118.1245427"/>
 <node id="7986953280" visible="true" version="1" changeset="92148246" timestamp="2020-10-08T06:27:13Z" user="ObRiver" uid="10529631" lat="24.5382018" lon="118.1245494"/>
 <node id="7986953281" visible="true" version="1" changeset="92148246" timestamp="2020-10-08T06:27:13Z" user="ObRiver" uid="10529631" lat="24.5381505" lon="118.1245494"/>
 <node id="7986953282" visible="true" version="1" changeset="92148246" timestamp="2020-10-08T06:27:13Z" user="ObRiver" uid="10529631" lat="24.5380969" lon="118.1245373"/>
 <node id="7986953283" visible="true" version="1" changeset="92148246" timestamp="2020-10-08T06:27:13Z" user="ObRiver" uid="10529631" lat="24.5380319" lon="118.1245123"/>
 <node id="7986953284" visible="true" version="1" changeset="92148246" timestamp="2020-10-08T06:27:13Z" user="ObRiver" uid="10529631" lat="24.5384639" lon="118.1251207"/>
 <node id="7986953285" visible="true" version="1" changeset="92148246" timestamp="2020-10-08T06:27:13Z" user="ObRiver" uid="10529631" lat="24.5384689" lon="118.1250590"/>
 <node id="7986953286" visible="true" version="1" changeset="92148246" timestamp="2020-10-08T06:27:13Z" user="ObRiver" uid="10529631" lat="24.5384738" lon="118.1250121"/>
 <node id="7986953287" visible="true" version="1" changeset="92148246" timestamp="2020-10-08T06:27:13Z" user="ObRiver" uid="10529631" lat="24.5384872" lon="118.1249665"/>
 <node id="7986953288" visible="true" version="1" changeset="92148246" timestamp="2020-10-08T06:27:13Z" user="ObRiver" uid="10529631" lat="24.5385116" lon="118.1249222"/>
 <node id="7986953290" visible="true" version="1" changeset="92148246" timestamp="2020-10-08T06:27:13Z" user="ObRiver" uid="10529631" lat="24.5385397" lon="118.1248847"/>
 <node id="7986953291" visible="true" version="1" changeset="92148246" timestamp="2020-10-08T06:27:13Z" user="ObRiver" uid="10529631" lat="24.5385055" lon="118.1249008"/>
 <node id="7986953292" visible="true" version="1" changeset="92148246" timestamp="2020-10-08T06:27:13Z" user="ObRiver" uid="10529631" lat="24.5384689" lon="118.1249075"/>
 <node id="7986953293" visible="true" version="1" changeset="92148246" timestamp="2020-10-08T06:27:13Z" user="ObRiver" uid="10529631" lat="24.5384250" lon="118.1249075"/>
 <node id="7986953294" visible="true" version="1" changeset="92148246" timestamp="2020-10-08T06:27:13Z" user="ObRiver" uid="10529631" lat="24.5383738" lon="118.1249021"/>
 <node id="7986953295" visible="true" version="1" changeset="92148246" timestamp="2020-10-08T06:27:13Z" user="ObRiver" uid="10529631" lat="24.5382961" lon="118.1248847"/>
 <node id="7986953296" visible="true" version="1" changeset="92148246" timestamp="2020-10-08T06:27:13Z" user="ObRiver" uid="10529631" lat="24.5387250" lon="118.1254877"/>
 <node id="7986953297" visible="true" version="1" changeset="92148246" timestamp="2020-10-08T06:27:13Z" user="ObRiver" uid="10529631" lat="24.5387227" lon="118.1254171"/>
 <node id="7986953298" visible="true" version="1" changeset="92148246" timestamp="2020-10-08T06:27:13Z" user="ObRiver" uid="10529631" lat="24.5387288" lon="118.1253608"/>
 <node id="7986953299" visible="true" version="1" changeset="92148246" timestamp="2020-10-08T06:27:13Z" user="ObRiver" uid="10529631" lat="24.5387349" lon="118.1253111"/>
 <node id="7986953300" visible="true" version="1" changeset="92148246" timestamp="2020-10-08T06:27:13Z" user="ObRiver" uid="10529631" lat="24.5387544" lon="118.1252669"/>
 <node id="7986953301" visible="true" version="2" changeset="121065438" timestamp="2022-05-16T18:54:22Z" user="Airbus 350-900" uid="15443585" lat="24.5392501" lon="118.1248094"/>
 <node id="7986953302" visible="true" version="1" changeset="92148246" timestamp="2020-10-08T06:27:13Z" user="ObRiver" uid="10529631" lat="24.5387776" lon="118.1252240"/>
 <node id="7986953303" visible="true" version="1" changeset="92148246" timestamp="2020-10-08T06:27:13Z" user="ObRiver" uid="10529631" lat="24.5387386" lon="118.1252387"/>
 <node id="7986953304" visible="true" version="1" changeset="92148246" timestamp="2020-10-08T06:27:13Z" user="ObRiver" uid="10529631" lat="24.5386983" lon="118.1252468"/>
 <node id="7986953305" visible="true" version="1" changeset="92148246" timestamp="2020-10-08T06:27:13Z" user="ObRiver" uid="10529631" lat="24.5386458" lon="118.1252414"/>
 <node id="7986953306" visible="true" version="1" changeset="92148246" timestamp="2020-10-08T06:27:13Z" user="ObRiver" uid="10529631" lat="24.5385958" lon="118.1252334"/>
 <node id="7986953307" visible="true" version="1" changeset="92148246" timestamp="2020-10-08T06:27:13Z" user="ObRiver" uid="10529631" lat="24.5385302" lon="118.1252138"/>
 <node id="7986953308" visible="true" version="2" changeset="121065438" timestamp="2022-05-16T18:54:22Z" user="Airbus 350-900" uid="15443585" lat="24.5395085" lon="118.1254564"/>
 <node id="7986953309" visible="true" version="1" changeset="92148246" timestamp="2020-10-08T06:27:13Z" user="ObRiver" uid="10529631" lat="24.5391387" lon="118.1260099"/>
 <node id="7986953310" visible="true" version="1" changeset="92148246" timestamp="2020-10-08T06:27:13Z" user="ObRiver" uid="10529631" lat="24.5391460" lon="118.1259535"/>
 <node id="7986953311" visible="true" version="1" changeset="92148246" timestamp="2020-10-08T06:27:13Z" user="ObRiver" uid="10529631" lat="24.5391973" lon="118.1257698"/>
 <node id="7986953312" visible="true" version="1" changeset="92148246" timestamp="2020-10-08T06:27:13Z" user="ObRiver" uid="10529631" lat="24.5389594" lon="118.1257457"/>
 <node id="7986953313" visible="true" version="1" changeset="92148246" timestamp="2020-10-08T06:27:13Z" user="ObRiver" uid="10529631" lat="24.5390643" lon="118.1257376"/>
 <node id="7986953314" visible="true" version="1" changeset="92148246" timestamp="2020-10-08T06:27:13Z" user="ObRiver" uid="10529631" lat="24.5394969" lon="118.1265781"/>
 <node id="7986953315" visible="true" version="1" changeset="92148246" timestamp="2020-10-08T06:27:13Z" user="ObRiver" uid="10529631" lat="24.5394876" lon="118.1265195"/>
 <node id="7986953316" visible="true" version="1" changeset="92148246" timestamp="2020-10-08T06:27:13Z" user="ObRiver" uid="10529631" lat="24.5394827" lon="118.1264779"/>
 <node id="7986953317" visible="true" version="1" changeset="92148246" timestamp="2020-10-08T06:27:13Z" user="ObRiver" uid="10529631" lat="24.5394827" lon="118.1264175"/>
 <node id="7986953318" visible="true" version="1" changeset="92148246" timestamp="2020-10-08T06:27:13Z" user="ObRiver" uid="10529631" lat="24.5394852" lon="118.1263787"/>
 <node id="7986953319" visible="true" version="1" changeset="92148246" timestamp="2020-10-08T06:27:13Z" user="ObRiver" uid="10529631" lat="24.5394986" lon="118.1263344"/>
 <node id="7986953321" visible="true" version="1" changeset="92148246" timestamp="2020-10-08T06:27:13Z" user="ObRiver" uid="10529631" lat="24.5395230" lon="118.1262888"/>
 <node id="7986953322" visible="true" version="1" changeset="92148246" timestamp="2020-10-08T06:27:13Z" user="ObRiver" uid="10529631" lat="24.5394754" lon="118.1263022"/>
 <node id="7986953323" visible="true" version="1" changeset="92148246" timestamp="2020-10-08T06:27:13Z" user="ObRiver" uid="10529631" lat="24.5394388" lon="118.1263096"/>
 <node id="7986953324" visible="true" version="1" changeset="92148246" timestamp="2020-10-08T06:27:13Z" user="ObRiver" uid="10529631" lat="24.5393943" lon="118.1263076"/>
 <node id="7986953325" visible="true" version="1" changeset="92148246" timestamp="2020-10-08T06:27:13Z" user="ObRiver" uid="10529631" lat="24.5393424" lon="118.1263009"/>
 <node id="7986953326" visible="true" version="1" changeset="92148246" timestamp="2020-10-08T06:27:13Z" user="ObRiver" uid="10529631" lat="24.5392765" lon="118.1262741"/>
 <node id="7986953327" visible="true" version="1" changeset="92148246" timestamp="2020-10-08T06:27:13Z" user="ObRiver" uid="10529631" lat="24.5397312" lon="118.1269010"/>
 <node id="7986953328" visible="true" version="1" changeset="92148246" timestamp="2020-10-08T06:27:13Z" user="ObRiver" uid="10529631" lat="24.5397292" lon="118.1268641"/>
 <node id="7986953329" visible="true" version="1" changeset="92148246" timestamp="2020-10-08T06:27:13Z" user="ObRiver" uid="10529631" lat="24.5397267" lon="118.1268118"/>
 <node id="7986953330" visible="true" version="1" changeset="92148246" timestamp="2020-10-08T06:27:13Z" user="ObRiver" uid="10529631" lat="24.5397292" lon="118.1267609"/>
 <node id="7986953331" visible="true" version="1" changeset="92148246" timestamp="2020-10-08T06:27:13Z" user="ObRiver" uid="10529631" lat="24.5397353" lon="118.1267220"/>
 <node id="7986953332" visible="true" version="1" changeset="92148246" timestamp="2020-10-08T06:27:13Z" user="ObRiver" uid="10529631" lat="24.5397475" lon="118.1266791"/>
 <node id="7986953333" visible="true" version="2" changeset="121065438" timestamp="2022-05-16T18:54:22Z" user="Airbus 350-900" uid="15443585" lat="24.5402662" lon="118.1262327"/>
 <node id="7986953334" visible="true" version="1" changeset="92148246" timestamp="2020-10-08T06:27:13Z" user="ObRiver" uid="10529631" lat="24.5397719" lon="118.1266335"/>
 <node id="7986953335" visible="true" version="1" changeset="92148246" timestamp="2020-10-08T06:27:13Z" user="ObRiver" uid="10529631" lat="24.5397328" lon="118.1266496"/>
 <node id="7986953336" visible="true" version="1" changeset="92148246" timestamp="2020-10-08T06:27:13Z" user="ObRiver" uid="10529631" lat="24.5396938" lon="118.1266536"/>
 <node id="7986953337" visible="true" version="1" changeset="92148246" timestamp="2020-10-08T06:27:13Z" user="ObRiver" uid="10529631" lat="24.5396389" lon="118.1266482"/>
 <node id="7986953338" visible="true" version="1" changeset="92148246" timestamp="2020-10-08T06:27:13Z" user="ObRiver" uid="10529631" lat="24.5395901" lon="118.1266388"/>
 <node id="7986953339" visible="true" version="1" changeset="92148246" timestamp="2020-10-08T06:27:13Z" user="ObRiver" uid="10529631" lat="24.5395302" lon="118.1266241"/>
 <node id="7986953340" visible="true" version="1" changeset="92148246" timestamp="2020-10-08T06:27:13Z" user="ObRiver" uid="10529631" lat="24.5399775" lon="118.1272402"/>
 <node id="7986953341" visible="true" version="1" changeset="92148246" timestamp="2020-10-08T06:27:13Z" user="ObRiver" uid="10529631" lat="24.5399768" lon="118.1271766"/>
 <node id="7986953342" visible="true" version="1" changeset="92148246" timestamp="2020-10-08T06:27:13Z" user="ObRiver" uid="10529631" lat="24.5399768" lon="118.1271297"/>
 <node id="7986953343" visible="true" version="1" changeset="92148246" timestamp="2020-10-08T06:27:13Z" user="ObRiver" uid="10529631" lat="24.5399817" lon="118.1270894"/>
 <node id="7986953344" visible="true" version="1" changeset="92148246" timestamp="2020-10-08T06:27:13Z" user="ObRiver" uid="10529631" lat="24.5399927" lon="118.1270492"/>
 <node id="7986953346" visible="true" version="1" changeset="92148246" timestamp="2020-10-08T06:27:13Z" user="ObRiver" uid="10529631" lat="24.5400183" lon="118.1269889"/>
 <node id="7986953347" visible="true" version="1" changeset="92148246" timestamp="2020-10-08T06:27:13Z" user="ObRiver" uid="10529631" lat="24.5399610" lon="118.1270049"/>
 <node id="7986953348" visible="true" version="1" changeset="92148246" timestamp="2020-10-08T06:27:13Z" user="ObRiver" uid="10529631" lat="24.5399183" lon="118.1270103"/>
 <node id="7986953349" visible="true" version="1" changeset="92148246" timestamp="2020-10-08T06:27:13Z" user="ObRiver" uid="10529631" lat="24.5398646" lon="118.1270090"/>
 <node id="7986953350" visible="true" version="1" changeset="92148246" timestamp="2020-10-08T06:27:13Z" user="ObRiver" uid="10529631" lat="24.5398075" lon="118.1270060"/>
 <node id="7986953351" visible="true" version="1" changeset="92148246" timestamp="2020-10-08T06:27:13Z" user="ObRiver" uid="10529631" lat="24.5402359" lon="118.1275962"/>
 <node id="7986953352" visible="true" version="1" changeset="92148246" timestamp="2020-10-08T06:27:13Z" user="ObRiver" uid="10529631" lat="24.5402367" lon="118.1275454"/>
 <node id="7986953353" visible="true" version="1" changeset="92148246" timestamp="2020-10-08T06:27:13Z" user="ObRiver" uid="10529631" lat="24.5402367" lon="118.1275052"/>
 <node id="7986953354" visible="true" version="1" changeset="92148246" timestamp="2020-10-08T06:27:13Z" user="ObRiver" uid="10529631" lat="24.5402416" lon="118.1274649"/>
 <node id="7986953355" visible="true" version="1" changeset="92148246" timestamp="2020-10-08T06:27:13Z" user="ObRiver" uid="10529631" lat="24.5402538" lon="118.1274220"/>
 <node id="7986953356" visible="true" version="1" changeset="92148246" timestamp="2020-10-08T06:27:13Z" user="ObRiver" uid="10529631" lat="24.5402647" lon="118.1273831"/>
 <node id="7986953358" visible="true" version="1" changeset="92148246" timestamp="2020-10-08T06:27:13Z" user="ObRiver" uid="10529631" lat="24.5402904" lon="118.1273241"/>
 <node id="7986953359" visible="true" version="1" changeset="92148246" timestamp="2020-10-08T06:27:13Z" user="ObRiver" uid="10529631" lat="24.5402416" lon="118.1273375"/>
 <node id="7986953360" visible="true" version="1" changeset="92148246" timestamp="2020-10-08T06:27:13Z" user="ObRiver" uid="10529631" lat="24.5402001" lon="118.1273456"/>
 <node id="7986953361" visible="true" version="1" changeset="92148246" timestamp="2020-10-08T06:27:13Z" user="ObRiver" uid="10529631" lat="24.5401440" lon="118.1273469"/>
 <node id="7986953362" visible="true" version="1" changeset="92148246" timestamp="2020-10-08T06:27:13Z" user="ObRiver" uid="10529631" lat="24.5400481" lon="118.1273374"/>
 <node id="7986953363" visible="true" version="1" changeset="92148246" timestamp="2020-10-08T06:27:13Z" user="ObRiver" uid="10529631" lat="24.5404962" lon="118.1279547"/>
 <node id="7986953364" visible="true" version="1" changeset="92148246" timestamp="2020-10-08T06:27:13Z" user="ObRiver" uid="10529631" lat="24.5404953" lon="118.1279075"/>
 <node id="7986953365" visible="true" version="1" changeset="92148246" timestamp="2020-10-08T06:27:13Z" user="ObRiver" uid="10529631" lat="24.5404953" lon="118.1278686"/>
 <node id="7986953366" visible="true" version="1" changeset="92148246" timestamp="2020-10-08T06:27:13Z" user="ObRiver" uid="10529631" lat="24.5404965" lon="118.1278203"/>
 <node id="7986953367" visible="true" version="1" changeset="92148246" timestamp="2020-10-08T06:27:13Z" user="ObRiver" uid="10529631" lat="24.5405063" lon="118.1277747"/>
 <node id="7986953368" visible="true" version="1" changeset="92148246" timestamp="2020-10-08T06:27:13Z" user="ObRiver" uid="10529631" lat="24.5405136" lon="118.1277345"/>
 <node id="7986953370" visible="true" version="1" changeset="92148246" timestamp="2020-10-08T06:27:13Z" user="ObRiver" uid="10529631" lat="24.5405392" lon="118.1276768"/>
 <node id="7986953371" visible="true" version="1" changeset="92148246" timestamp="2020-10-08T06:27:13Z" user="ObRiver" uid="10529631" lat="24.5404904" lon="118.1276956"/>
 <node id="7986953372" visible="true" version="1" changeset="92148246" timestamp="2020-10-08T06:27:13Z" user="ObRiver" uid="10529631" lat="24.5404477" lon="118.1277037"/>
 <node id="7986953373" visible="true" version="1" changeset="92148246" timestamp="2020-10-08T06:27:13Z" user="ObRiver" uid="10529631" lat="24.5404063" lon="118.1276996"/>
 <node id="7986953374" visible="true" version="1" changeset="92148246" timestamp="2020-10-08T06:27:13Z" user="ObRiver" uid="10529631" lat="24.5403550" lon="118.1276903"/>
 <node id="7986953375" visible="true" version="1" changeset="92148246" timestamp="2020-10-08T06:27:13Z" user="ObRiver" uid="10529631" lat="24.5402931" lon="118.1276750"/>
 <node id="7986953376" visible="true" version="2" changeset="132681457" timestamp="2023-02-17T15:04:57Z" user="Rudi_Z" uid="18335662" lat="24.5407391" lon="118.1283205"/>
 <node id="7986953377" visible="true" version="1" changeset="92148246" timestamp="2020-10-08T06:27:13Z" user="ObRiver" uid="10529631" lat="24.5407430" lon="118.1282522"/>
 <node id="7986953378" visible="true" version="1" changeset="92148246" timestamp="2020-10-08T06:27:13Z" user="ObRiver" uid="10529631" lat="24.5407442" lon="118.1281999"/>
 <node id="7986953379" visible="true" version="1" changeset="92148246" timestamp="2020-10-08T06:27:13Z" user="ObRiver" uid="10529631" lat="24.5407539" lon="118.1281409"/>
 <node id="7986953380" visible="true" version="1" changeset="92148246" timestamp="2020-10-08T06:27:13Z" user="ObRiver" uid="10529631" lat="24.5407674" lon="118.1280966"/>
 <node id="7986953382" visible="true" version="1" changeset="92148246" timestamp="2020-10-08T06:27:13Z" user="ObRiver" uid="10529631" lat="24.5407918" lon="118.1280470"/>
 <node id="7986953383" visible="true" version="1" changeset="92148246" timestamp="2020-10-08T06:27:13Z" user="ObRiver" uid="10529631" lat="24.5407405" lon="118.1280577"/>
 <node id="7986953384" visible="true" version="1" changeset="92148246" timestamp="2020-10-08T06:27:13Z" user="ObRiver" uid="10529631" lat="24.5406856" lon="118.1280577"/>
 <node id="7986953385" visible="true" version="1" changeset="92148246" timestamp="2020-10-08T06:27:13Z" user="ObRiver" uid="10529631" lat="24.5406283" lon="118.1280510"/>
 <node id="7986953386" visible="true" version="1" changeset="92148246" timestamp="2020-10-08T06:27:13Z" user="ObRiver" uid="10529631" lat="24.5405480" lon="118.1280261"/>
 <node id="7986953387" visible="true" version="3" changeset="133071871" timestamp="2023-02-27T06:06:30Z" user="Aaron_ZSAM" uid="18552639" lat="24.5369936" lon="118.1217035"/>
 <node id="7986953388" visible="true" version="2" changeset="121065438" timestamp="2022-05-16T18:54:22Z" user="Airbus 350-900" uid="15443585" lat="24.5367809" lon="118.1214019"/>
 <node id="7986953389" visible="true" version="2" changeset="121065438" timestamp="2022-05-16T18:54:22Z" user="Airbus 350-900" uid="15443585" lat="24.5365176" lon="118.1210390"/>
 <node id="7986953390" visible="true" version="2" changeset="121065438" timestamp="2022-05-16T18:54:22Z" user="Airbus 350-900" uid="15443585" lat="24.5362613" lon="118.1206856"/>
 <node id="7986953391" visible="true" version="1" changeset="92148246" timestamp="2020-10-08T06:27:13Z" user="ObRiver" uid="10529631" lat="24.5369537" lon="118.1229495"/>
 <node id="7986953392" visible="true" version="1" changeset="92148246" timestamp="2020-10-08T06:27:13Z" user="ObRiver" uid="10529631" lat="24.5369330" lon="118.1228261"/>
 <node id="7986953393" visible="true" version="1" changeset="92148246" timestamp="2020-10-08T06:27:13Z" user="ObRiver" uid="10529631" lat="24.5369385" lon="118.1227309"/>
 <node id="7986953394" visible="true" version="1" changeset="92148246" timestamp="2020-10-08T06:27:13Z" user="ObRiver" uid="10529631" lat="24.5369153" lon="118.1226363"/>
 <node id="7986953395" visible="true" version="1" changeset="92148246" timestamp="2020-10-08T06:27:13Z" user="ObRiver" uid="10529631" lat="24.5367518" lon="118.1226598"/>
 <node id="7986953396" visible="true" version="1" changeset="92148246" timestamp="2020-10-08T06:27:13Z" user="ObRiver" uid="10529631" lat="24.5365090" lon="118.1224477"/>
 <node id="7986953397" visible="true" version="1" changeset="92148246" timestamp="2020-10-08T06:27:13Z" user="ObRiver" uid="10529631" lat="24.5364999" lon="118.1223996"/>
 <node id="7986953398" visible="true" version="1" changeset="92148246" timestamp="2020-10-08T06:27:13Z" user="ObRiver" uid="10529631" lat="24.5364944" lon="118.1223654"/>
 <node id="7986953399" visible="true" version="1" changeset="92148246" timestamp="2020-10-08T06:27:13Z" user="ObRiver" uid="10529631" lat="24.5364932" lon="118.1223359"/>
 <node id="7986953400" visible="true" version="1" changeset="92148246" timestamp="2020-10-08T06:27:13Z" user="ObRiver" uid="10529631" lat="24.5364926" lon="118.1223017"/>
 <node id="7986953401" visible="true" version="1" changeset="92148246" timestamp="2020-10-08T06:27:13Z" user="ObRiver" uid="10529631" lat="24.5364956" lon="118.1222722"/>
 <node id="7986953402" visible="true" version="1" changeset="92148246" timestamp="2020-10-08T06:27:13Z" user="ObRiver" uid="10529631" lat="24.5365035" lon="118.1222413"/>
 <node id="7986953403" visible="true" version="1" changeset="92148246" timestamp="2020-10-08T06:27:13Z" user="ObRiver" uid="10529631" lat="24.5365127" lon="118.1222105"/>
 <node id="7986953404" visible="true" version="1" changeset="92148246" timestamp="2020-10-08T06:27:13Z" user="ObRiver" uid="10529631" lat="24.5365231" lon="118.1221917"/>
 <node id="7986953405" visible="true" version="2" changeset="133071871" timestamp="2023-02-27T06:06:30Z" user="Aaron_ZSAM" uid="18552639" lat="24.5369249" lon="118.1217769"/>
 <node id="7986953406" visible="true" version="2" changeset="133071871" timestamp="2023-02-27T06:06:30Z" user="Aaron_ZSAM" uid="18552639" lat="24.5365461" lon="118.1221534"/>
 <node id="7986953407" visible="true" version="1" changeset="92148246" timestamp="2020-10-08T06:27:13Z" user="ObRiver" uid="10529631" lat="24.5365133" lon="118.1221696"/>
 <node id="7986953408" visible="true" version="1" changeset="92148246" timestamp="2020-10-08T06:27:13Z" user="ObRiver" uid="10529631" lat="24.5364767" lon="118.1221770"/>
 <node id="7986953409" visible="true" version="1" changeset="92148246" timestamp="2020-10-08T06:27:13Z" user="ObRiver" uid="10529631" lat="24.5364377" lon="118.1221803"/>
 <node id="7986953410" visible="true" version="1" changeset="92148246" timestamp="2020-10-08T06:27:13Z" user="ObRiver" uid="10529631" lat="24.5364035" lon="118.1221797"/>
 <node id="7986953411" visible="true" version="1" changeset="92148246" timestamp="2020-10-08T06:27:13Z" user="ObRiver" uid="10529631" lat="24.5363626" lon="118.1221716"/>
 <node id="7986953412" visible="true" version="1" changeset="92148246" timestamp="2020-10-08T06:27:13Z" user="ObRiver" uid="10529631" lat="24.5363279" lon="118.1221569"/>
 <node id="7986953413" visible="true" version="1" changeset="92148246" timestamp="2020-10-08T06:27:13Z" user="ObRiver" uid="10529631" lat="24.5362861" lon="118.1221332"/>
 <node id="7986953414" visible="true" version="1" changeset="92148246" timestamp="2020-10-08T06:27:13Z" user="ObRiver" uid="10529631" lat="24.5362608" lon="118.1220973"/>
 <node id="7986953415" visible="true" version="1" changeset="92148246" timestamp="2020-10-08T06:27:13Z" user="ObRiver" uid="10529631" lat="24.5362504" lon="118.1220536"/>
 <node id="7986953416" visible="true" version="1" changeset="92148246" timestamp="2020-10-08T06:27:13Z" user="ObRiver" uid="10529631" lat="24.5362449" lon="118.1220120"/>
 <node id="7986953417" visible="true" version="1" changeset="92148246" timestamp="2020-10-08T06:27:13Z" user="ObRiver" uid="10529631" lat="24.5362419" lon="118.1219859"/>
 <node id="7986953418" visible="true" version="1" changeset="92148246" timestamp="2020-10-08T06:27:13Z" user="ObRiver" uid="10529631" lat="24.5362406" lon="118.1219450"/>
 <node id="7986953419" visible="true" version="1" changeset="92148246" timestamp="2020-10-08T06:27:13Z" user="ObRiver" uid="10529631" lat="24.5362431" lon="118.1219128"/>
 <node id="7986953420" visible="true" version="1" changeset="92148246" timestamp="2020-10-08T06:27:13Z" user="ObRiver" uid="10529631" lat="24.5362486" lon="118.1218819"/>
 <node id="7986953421" visible="true" version="1" changeset="92148246" timestamp="2020-10-08T06:27:13Z" user="ObRiver" uid="10529631" lat="24.5362565" lon="118.1218611"/>
 <node id="7986953422" visible="true" version="1" changeset="92148246" timestamp="2020-10-08T06:27:13Z" user="ObRiver" uid="10529631" lat="24.5362663" lon="118.1218437"/>
 <node id="7986953424" visible="true" version="1" changeset="92148246" timestamp="2020-10-08T06:27:13Z" user="ObRiver" uid="10529631" lat="24.5362955" lon="118.1218082"/>
 <node id="7986953425" visible="true" version="1" changeset="92148246" timestamp="2020-10-08T06:27:13Z" user="ObRiver" uid="10529631" lat="24.5362589" lon="118.1218236"/>
 <node id="7986953426" visible="true" version="1" changeset="92148246" timestamp="2020-10-08T06:27:13Z" user="ObRiver" uid="10529631" lat="24.5362266" lon="118.1218303"/>
 <node id="7986953427" visible="true" version="1" changeset="92148246" timestamp="2020-10-08T06:27:13Z" user="ObRiver" uid="10529631" lat="24.5361949" lon="118.1218323"/>
 <node id="7986953428" visible="true" version="1" changeset="92148246" timestamp="2020-10-08T06:27:13Z" user="ObRiver" uid="10529631" lat="24.5361595" lon="118.1218283"/>
 <node id="7986953429" visible="true" version="1" changeset="92148246" timestamp="2020-10-08T06:27:13Z" user="ObRiver" uid="10529631" lat="24.5361131" lon="118.1218202"/>
 <node id="7986953430" visible="true" version="1" changeset="92148246" timestamp="2020-10-08T06:27:13Z" user="ObRiver" uid="10529631" lat="24.5360515" lon="118.1218007"/>
 <node id="7986953431" visible="true" version="1" changeset="92148246" timestamp="2020-10-08T06:27:13Z" user="ObRiver" uid="10529631" lat="24.5360001" lon="118.1217278"/>
 <node id="7986953432" visible="true" version="1" changeset="92148246" timestamp="2020-10-08T06:27:13Z" user="ObRiver" uid="10529631" lat="24.5359918" lon="118.1216942"/>
 <node id="7986953433" visible="true" version="1" changeset="92148246" timestamp="2020-10-08T06:27:13Z" user="ObRiver" uid="10529631" lat="24.5359875" lon="118.1216573"/>
 <node id="7986953434" visible="true" version="1" changeset="92148246" timestamp="2020-10-08T06:27:13Z" user="ObRiver" uid="10529631" lat="24.5359844" lon="118.1216197"/>
 <node id="7986953435" visible="true" version="1" changeset="92148246" timestamp="2020-10-08T06:27:13Z" user="ObRiver" uid="10529631" lat="24.5359869" lon="118.1215889"/>
 <node id="7986953436" visible="true" version="1" changeset="92148246" timestamp="2020-10-08T06:27:13Z" user="ObRiver" uid="10529631" lat="24.5359930" lon="118.1215520"/>
 <node id="7986953437" visible="true" version="1" changeset="92148246" timestamp="2020-10-08T06:27:13Z" user="ObRiver" uid="10529631" lat="24.5360040" lon="118.1215265"/>
 <node id="7986953438" visible="true" version="1" changeset="92148246" timestamp="2020-10-08T06:27:13Z" user="ObRiver" uid="10529631" lat="24.5360216" lon="118.1214897"/>
 <node id="7986953440" visible="true" version="1" changeset="92148246" timestamp="2020-10-08T06:27:13Z" user="ObRiver" uid="10529631" lat="24.5360454" lon="118.1214581"/>
 <node id="7986953441" visible="true" version="1" changeset="92148246" timestamp="2020-10-08T06:27:13Z" user="ObRiver" uid="10529631" lat="24.5360052" lon="118.1214783"/>
 <node id="7986953442" visible="true" version="1" changeset="92148246" timestamp="2020-10-08T06:27:13Z" user="ObRiver" uid="10529631" lat="24.5359777" lon="118.1214863"/>
 <node id="7986953443" visible="true" version="1" changeset="92148246" timestamp="2020-10-08T06:27:13Z" user="ObRiver" uid="10529631" lat="24.5359478" lon="118.1214903"/>
 <node id="7986953444" visible="true" version="1" changeset="92148246" timestamp="2020-10-08T06:27:13Z" user="ObRiver" uid="10529631" lat="24.5359137" lon="118.1214903"/>
 <node id="7986953445" visible="true" version="1" changeset="92148246" timestamp="2020-10-08T06:27:13Z" user="ObRiver" uid="10529631" lat="24.5358801" lon="118.1214836"/>
 <node id="7986953446" visible="true" version="1" changeset="92148246" timestamp="2020-10-08T06:27:13Z" user="ObRiver" uid="10529631" lat="24.5358496" lon="118.1214722"/>
 <node id="7986953447" visible="true" version="1" changeset="92148246" timestamp="2020-10-08T06:27:13Z" user="ObRiver" uid="10529631" lat="24.5357395" lon="118.1213619"/>
 <node id="7986953448" visible="true" version="1" changeset="92148246" timestamp="2020-10-08T06:27:13Z" user="ObRiver" uid="10529631" lat="24.5357295" lon="118.1213220"/>
 <node id="7986953449" visible="true" version="1" changeset="92148246" timestamp="2020-10-08T06:27:13Z" user="ObRiver" uid="10529631" lat="24.5357264" lon="118.1212925"/>
 <node id="7986953450" visible="true" version="1" changeset="92148246" timestamp="2020-10-08T06:27:13Z" user="ObRiver" uid="10529631" lat="24.5357264" lon="118.1212543"/>
 <node id="7986953451" visible="true" version="1" changeset="92148246" timestamp="2020-10-08T06:27:13Z" user="ObRiver" uid="10529631" lat="24.5357288" lon="118.1212295"/>
 <node id="7986953452" visible="true" version="1" changeset="92148246" timestamp="2020-10-08T06:27:13Z" user="ObRiver" uid="10529631" lat="24.5357356" lon="118.1212007"/>
 <node id="7986953453" visible="true" version="1" changeset="92148246" timestamp="2020-10-08T06:27:13Z" user="ObRiver" uid="10529631" lat="24.5357453" lon="118.1211752"/>
 <node id="7986953454" visible="true" version="1" changeset="92148246" timestamp="2020-10-08T06:27:13Z" user="ObRiver" uid="10529631" lat="24.5357569" lon="118.1211483"/>
 <node id="7986953455" visible="true" version="1" changeset="92148246" timestamp="2020-10-08T06:27:13Z" user="ObRiver" uid="10529631" lat="24.5357679" lon="118.1211276"/>
 <node id="7986953457" visible="true" version="1" changeset="92148246" timestamp="2020-10-08T06:27:13Z" user="ObRiver" uid="10529631" lat="24.5357950" lon="118.1210910"/>
 <node id="7986953458" visible="true" version="1" changeset="92148246" timestamp="2020-10-08T06:27:13Z" user="ObRiver" uid="10529631" lat="24.5357563" lon="118.1211118"/>
 <node id="7986953459" visible="true" version="1" changeset="92148246" timestamp="2020-10-08T06:27:13Z" user="ObRiver" uid="10529631" lat="24.5357340" lon="118.1211215"/>
 <node id="7986953460" visible="true" version="1" changeset="92148246" timestamp="2020-10-08T06:27:13Z" user="ObRiver" uid="10529631" lat="24.5357032" lon="118.1211296"/>
 <node id="7986953461" visible="true" version="1" changeset="92148246" timestamp="2020-10-08T06:27:13Z" user="ObRiver" uid="10529631" lat="24.5356666" lon="118.1211296"/>
 <node id="7986953462" visible="true" version="1" changeset="92148246" timestamp="2020-10-08T06:27:13Z" user="ObRiver" uid="10529631" lat="24.5356264" lon="118.1211229"/>
 <node id="7986953463" visible="true" version="1" changeset="92148246" timestamp="2020-10-08T06:27:13Z" user="ObRiver" uid="10529631" lat="24.5355873" lon="118.1211027"/>
 <node id="7986953464" visible="true" version="1" changeset="92148246" timestamp="2020-10-08T06:27:13Z" user="ObRiver" uid="10529631" lat="24.5367378" lon="118.1227488"/>
 <node id="7986953465" visible="true" version="1" changeset="92148246" timestamp="2020-10-08T06:27:13Z" user="ObRiver" uid="10529631" lat="24.5367071" lon="118.1227392"/>
 <node id="7986953466" visible="true" version="1" changeset="92148246" timestamp="2020-10-08T06:27:13Z" user="ObRiver" uid="10529631" lat="24.5366060" lon="118.1227094"/>
 <node id="7986953467" visible="true" version="1" changeset="92148246" timestamp="2020-10-08T06:27:13Z" user="ObRiver" uid="10529631" lat="24.5365353" lon="118.1227013"/>
 <node id="7986953468" visible="true" version="1" changeset="92148246" timestamp="2020-10-08T06:27:13Z" user="ObRiver" uid="10529631" lat="24.5364730" lon="118.1227054"/>
 <node id="7986953469" visible="true" version="1" changeset="92148246" timestamp="2020-10-08T06:27:13Z" user="ObRiver" uid="10529631" lat="24.5364255" lon="118.1227201"/>
 <node id="7986953470" visible="true" version="2" changeset="133071871" timestamp="2023-02-27T06:06:30Z" user="Aaron_ZSAM" uid="18552639" lat="24.5358595" lon="118.1231347"/>
 <node id="7986953471" visible="true" version="2" changeset="133071871" timestamp="2023-02-27T06:06:30Z" user="Aaron_ZSAM" uid="18552639" lat="24.5363499" lon="118.1227389"/>
 <node id="7986953472" visible="true" version="1" changeset="92148246" timestamp="2020-10-08T06:27:13Z" user="ObRiver" uid="10529631" lat="24.5363901" lon="118.1227000"/>
 <node id="7986953473" visible="true" version="1" changeset="92148246" timestamp="2020-10-08T06:27:13Z" user="ObRiver" uid="10529631" lat="24.5364108" lon="118.1226557"/>
 <node id="7986953474" visible="true" version="1" changeset="92148246" timestamp="2020-10-08T06:27:13Z" user="ObRiver" uid="10529631" lat="24.5364328" lon="118.1226048"/>
 <node id="7986953475" visible="true" version="1" changeset="92148246" timestamp="2020-10-08T06:27:13Z" user="ObRiver" uid="10529631" lat="24.5364572" lon="118.1225404"/>
 <node id="7986953477" visible="true" version="1" changeset="92148246" timestamp="2020-10-08T06:27:13Z" user="ObRiver" uid="10529631" lat="24.5364912" lon="118.1224239"/>
 <node id="7986953478" visible="true" version="1" changeset="92148246" timestamp="2020-10-08T06:27:13Z" user="ObRiver" uid="10529631" lat="24.5371317" lon="118.1232670"/>
 <node id="7986953479" visible="true" version="1" changeset="92148246" timestamp="2020-10-08T06:27:13Z" user="ObRiver" uid="10529631" lat="24.5370891" lon="118.1232411"/>
 <node id="7986953480" visible="true" version="1" changeset="92148246" timestamp="2020-10-08T06:27:13Z" user="ObRiver" uid="10529631" lat="24.5370501" lon="118.1232183"/>
 <node id="7986953482" visible="true" version="1" changeset="92148246" timestamp="2020-10-08T06:27:13Z" user="ObRiver" uid="10529631" lat="24.5369623" lon="118.1231801"/>
 <node id="7986953483" visible="true" version="1" changeset="92148246" timestamp="2020-10-08T06:27:13Z" user="ObRiver" uid="10529631" lat="24.5369147" lon="118.1231680"/>
 <node id="7986953484" visible="true" version="1" changeset="92148246" timestamp="2020-10-08T06:27:13Z" user="ObRiver" uid="10529631" lat="24.5368610" lon="118.1231627"/>
 <node id="7986953485" visible="true" version="1" changeset="92148246" timestamp="2020-10-08T06:27:13Z" user="ObRiver" uid="10529631" lat="24.5368061" lon="118.1231654"/>
 <node id="7986953486" visible="true" version="1" changeset="92148246" timestamp="2020-10-08T06:27:13Z" user="ObRiver" uid="10529631" lat="24.5367475" lon="118.1231707"/>
 <node id="7986953487" visible="true" version="1" changeset="92148246" timestamp="2020-10-08T06:27:13Z" user="ObRiver" uid="10529631" lat="24.5366853" lon="118.1231815"/>
 <node id="7986953488" visible="true" version="1" changeset="92148246" timestamp="2020-10-08T06:27:13Z" user="ObRiver" uid="10529631" lat="24.5361680" lon="118.1235637"/>
 <node id="7986953489" visible="true" version="1" changeset="92148246" timestamp="2020-10-08T06:27:13Z" user="ObRiver" uid="10529631" lat="24.5365950" lon="118.1232177"/>
 <node id="7986953490" visible="true" version="1" changeset="92148246" timestamp="2020-10-08T06:27:13Z" user="ObRiver" uid="10529631" lat="24.5366316" lon="118.1231680"/>
 <node id="7986953491" visible="true" version="1" changeset="92148246" timestamp="2020-10-08T06:27:13Z" user="ObRiver" uid="10529631" lat="24.5366658" lon="118.1231198"/>
 <node id="7986953492" visible="true" version="1" changeset="92148246" timestamp="2020-10-08T06:27:13Z" user="ObRiver" uid="10529631" lat="24.5366975" lon="118.1230567"/>
 <node id="7986953493" visible="true" version="1" changeset="92148246" timestamp="2020-10-08T06:27:13Z" user="ObRiver" uid="10529631" lat="24.5367122" lon="118.1229991"/>
 <node id="7986953494" visible="true" version="1" changeset="92148246" timestamp="2020-10-08T06:27:13Z" user="ObRiver" uid="10529631" lat="24.5367158" lon="118.1229065"/>
 <node id="7986953495" visible="true" version="1" changeset="92148246" timestamp="2020-10-08T06:27:13Z" user="ObRiver" uid="10529631" lat="24.5367134" lon="118.1228220"/>
 <node id="7986953496" visible="true" version="1" changeset="92148246" timestamp="2020-10-08T06:27:13Z" user="ObRiver" uid="10529631" lat="24.5367084" lon="118.1227114"/>
 <node id="7986953497" visible="true" version="2" changeset="133071871" timestamp="2023-02-27T06:06:30Z" user="Aaron_ZSAM" uid="18552639" lat="24.5371737" lon="118.1233244"/>
 <node id="7986953498" visible="true" version="2" changeset="133071871" timestamp="2023-02-27T06:06:30Z" user="Aaron_ZSAM" uid="18552639" lat="24.5370550" lon="118.1233639"/>
 <node id="7986953499" visible="true" version="2" changeset="133071871" timestamp="2023-02-27T06:06:30Z" user="Aaron_ZSAM" uid="18552639" lat="24.5370074" lon="118.1234001"/>
 <node id="7986953500" visible="true" version="2" changeset="133071871" timestamp="2023-02-27T06:06:30Z" user="Aaron_ZSAM" uid="18552639" lat="24.5369599" lon="118.1234537"/>
 <node id="7986953501" visible="true" version="2" changeset="133071871" timestamp="2023-02-27T06:06:30Z" user="Aaron_ZSAM" uid="18552639" lat="24.5369306" lon="118.1235141"/>
 <node id="7986953502" visible="true" version="2" changeset="133071871" timestamp="2023-02-27T06:06:30Z" user="Aaron_ZSAM" uid="18552639" lat="24.5369061" lon="118.1235811"/>
 <node id="7986953503" visible="true" version="2" changeset="133071871" timestamp="2023-02-27T06:06:30Z" user="Aaron_ZSAM" uid="18552639" lat="24.5368976" lon="118.1236160"/>
 <node id="7986953505" visible="true" version="2" changeset="133071871" timestamp="2023-02-27T06:06:30Z" user="Aaron_ZSAM" uid="18552639" lat="24.5368988" lon="118.1236441"/>
 <node id="7986953513" visible="true" version="1" changeset="92148246" timestamp="2020-10-08T06:27:13Z" user="ObRiver" uid="10529631" lat="24.5377497" lon="118.1241144"/>
 <node id="7986953514" visible="true" version="1" changeset="92148246" timestamp="2020-10-08T06:27:13Z" user="ObRiver" uid="10529631" lat="24.5375832" lon="118.1240398"/>
 <node id="7986953515" visible="true" version="1" changeset="92148246" timestamp="2020-10-08T06:27:13Z" user="ObRiver" uid="10529631" lat="24.5374978" lon="118.1240183"/>
 <node id="7986953516" visible="true" version="1" changeset="92148246" timestamp="2020-10-08T06:27:13Z" user="ObRiver" uid="10529631" lat="24.5374271" lon="118.1240129"/>
 <node id="7986953517" visible="true" version="1" changeset="92148246" timestamp="2020-10-08T06:27:13Z" user="ObRiver" uid="10529631" lat="24.5373624" lon="118.1240156"/>
 <node id="7986953518" visible="true" version="1" changeset="92148246" timestamp="2020-10-08T06:27:13Z" user="ObRiver" uid="10529631" lat="24.5373063" lon="118.1240317"/>
 <node id="7986953519" visible="true" version="1" changeset="92148246" timestamp="2020-10-08T06:27:13Z" user="ObRiver" uid="10529631" lat="24.5367793" lon="118.1244676"/>
 <node id="7986953520" visible="true" version="1" changeset="92148246" timestamp="2020-10-08T06:27:13Z" user="ObRiver" uid="10529631" lat="24.5372392" lon="118.1240693"/>
 <node id="7986953521" visible="true" version="1" changeset="92148246" timestamp="2020-10-08T06:27:13Z" user="ObRiver" uid="10529631" lat="24.5372941" lon="118.1239875"/>
 <node id="7986953522" visible="true" version="1" changeset="92148246" timestamp="2020-10-08T06:27:13Z" user="ObRiver" uid="10529631" lat="24.5373307" lon="118.1239124"/>
 <node id="7986953523" visible="true" version="1" changeset="92148246" timestamp="2020-10-08T06:27:13Z" user="ObRiver" uid="10529631" lat="24.5373490" lon="118.1238493"/>
 <node id="7986953524" visible="true" version="1" changeset="92148246" timestamp="2020-10-08T06:27:13Z" user="ObRiver" uid="10529631" lat="24.5373539" lon="118.1237823"/>
 <node id="7986953525" visible="true" version="1" changeset="92148246" timestamp="2020-10-08T06:27:13Z" user="ObRiver" uid="10529631" lat="24.5373490" lon="118.1237005"/>
 <node id="7986953526" visible="true" version="1" changeset="92148246" timestamp="2020-10-08T06:27:13Z" user="ObRiver" uid="10529631" lat="24.5373238" lon="118.1235314"/>
 <node id="7986953527" visible="true" version="1" changeset="92148246" timestamp="2020-10-08T06:27:13Z" user="ObRiver" uid="10529631" lat="24.5380460" lon="118.1245322"/>
 <node id="7986953528" visible="true" version="1" changeset="92148246" timestamp="2020-10-08T06:27:13Z" user="ObRiver" uid="10529631" lat="24.5378590" lon="118.1244595"/>
 <node id="7986953529" visible="true" version="1" changeset="92148246" timestamp="2020-10-08T06:27:13Z" user="ObRiver" uid="10529631" lat="24.5378028" lon="118.1244434"/>
 <node id="7986953530" visible="true" version="1" changeset="92148246" timestamp="2020-10-08T06:27:13Z" user="ObRiver" uid="10529631" lat="24.5377418" lon="118.1244381"/>
 <node id="7986953531" visible="true" version="1" changeset="92148246" timestamp="2020-10-08T06:27:13Z" user="ObRiver" uid="10529631" lat="24.5376894" lon="118.1244501"/>
 <node id="7986953532" visible="true" version="1" changeset="92148246" timestamp="2020-10-08T06:27:13Z" user="ObRiver" uid="10529631" lat="24.5376284" lon="118.1244783"/>
 <node id="7986953533" visible="true" version="1" changeset="92148246" timestamp="2020-10-08T06:27:13Z" user="ObRiver" uid="10529631" lat="24.5371623" lon="118.1248471"/>
 <node id="7986953534" visible="true" version="1" changeset="92148246" timestamp="2020-10-08T06:27:13Z" user="ObRiver" uid="10529631" lat="24.5375381" lon="118.1245279"/>
 <node id="7986953535" visible="true" version="1" changeset="92148246" timestamp="2020-10-08T06:27:13Z" user="ObRiver" uid="10529631" lat="24.5375784" lon="118.1244676"/>
 <node id="7986953536" visible="true" version="1" changeset="92148246" timestamp="2020-10-08T06:27:13Z" user="ObRiver" uid="10529631" lat="24.5376028" lon="118.1244206"/>
 <node id="7986953537" visible="true" version="1" changeset="92148246" timestamp="2020-10-08T06:27:13Z" user="ObRiver" uid="10529631" lat="24.5376272" lon="118.1243616"/>
 <node id="7986953538" visible="true" version="1" changeset="92148246" timestamp="2020-10-08T06:27:13Z" user="ObRiver" uid="10529631" lat="24.5376467" lon="118.1242932"/>
 <node id="7986953539" visible="true" version="1" changeset="92148246" timestamp="2020-10-08T06:27:13Z" user="ObRiver" uid="10529631" lat="24.5376491" lon="118.1242195"/>
 <node id="7986953541" visible="true" version="1" changeset="92148246" timestamp="2020-10-08T06:27:13Z" user="ObRiver" uid="10529631" lat="24.5376442" lon="118.1240626"/>
 <node id="7986953542" visible="true" version="1" changeset="92148246" timestamp="2020-10-08T06:27:13Z" user="ObRiver" uid="10529631" lat="24.5376251" lon="118.1239434"/>
 <node id="7986953543" visible="true" version="1" changeset="92148246" timestamp="2020-10-08T06:27:13Z" user="ObRiver" uid="10529631" lat="24.5383724" lon="118.1249921"/>
 <node id="7986953544" visible="true" version="1" changeset="92148246" timestamp="2020-10-08T06:27:13Z" user="ObRiver" uid="10529631" lat="24.5383183" lon="118.1249660"/>
 <node id="7986953545" visible="true" version="1" changeset="92148246" timestamp="2020-10-08T06:27:13Z" user="ObRiver" uid="10529631" lat="24.5382396" lon="118.1249316"/>
 <node id="7986953546" visible="true" version="1" changeset="92148246" timestamp="2020-10-08T06:27:13Z" user="ObRiver" uid="10529631" lat="24.5381261" lon="118.1249021"/>
 <node id="7986953547" visible="true" version="1" changeset="92148246" timestamp="2020-10-08T06:27:13Z" user="ObRiver" uid="10529631" lat="24.5380639" lon="118.1248914"/>
 <node id="7986953548" visible="true" version="1" changeset="92148246" timestamp="2020-10-08T06:27:13Z" user="ObRiver" uid="10529631" lat="24.5380090" lon="118.1248961"/>
 <node id="7986953549" visible="true" version="1" changeset="92148246" timestamp="2020-10-08T06:27:13Z" user="ObRiver" uid="10529631" lat="24.5379383" lon="118.1249142"/>
 <node id="7986953550" visible="true" version="1" changeset="92148246" timestamp="2020-10-08T06:27:13Z" user="ObRiver" uid="10529631" lat="24.5374295" lon="118.1253259"/>
 <node id="7986953551" visible="true" version="1" changeset="92148246" timestamp="2020-10-08T06:27:13Z" user="ObRiver" uid="10529631" lat="24.5378773" lon="118.1249477"/>
 <node id="7986953552" visible="true" version="1" changeset="92148246" timestamp="2020-10-08T06:27:13Z" user="ObRiver" uid="10529631" lat="24.5379114" lon="118.1248873"/>
 <node id="7986953553" visible="true" version="1" changeset="92148246" timestamp="2020-10-08T06:27:13Z" user="ObRiver" uid="10529631" lat="24.5379395" lon="118.1248283"/>
 <node id="7986953554" visible="true" version="1" changeset="92148246" timestamp="2020-10-08T06:27:13Z" user="ObRiver" uid="10529631" lat="24.5379602" lon="118.1247573"/>
 <node id="7986953555" visible="true" version="1" changeset="92148246" timestamp="2020-10-08T06:27:13Z" user="ObRiver" uid="10529631" lat="24.5379785" lon="118.1246956"/>
 <node id="7986953556" visible="true" version="1" changeset="92148246" timestamp="2020-10-08T06:27:13Z" user="ObRiver" uid="10529631" lat="24.5379834" lon="118.1246486"/>
 <node id="7986953557" visible="true" version="1" changeset="92148246" timestamp="2020-10-08T06:27:13Z" user="ObRiver" uid="10529631" lat="24.5379797" lon="118.1245856"/>
 <node id="7986953558" visible="true" version="1" changeset="92148246" timestamp="2020-10-08T06:27:13Z" user="ObRiver" uid="10529631" lat="24.5379663" lon="118.1245011"/>
 <node id="7986953559" visible="true" version="1" changeset="92148246" timestamp="2020-10-08T06:27:13Z" user="ObRiver" uid="10529631" lat="24.5379431" lon="118.1243870"/>
 <node id="7986953560" visible="true" version="1" changeset="92148246" timestamp="2020-10-08T06:27:13Z" user="ObRiver" uid="10529631" lat="24.5386898" lon="118.1254882"/>
 <node id="7986953561" visible="true" version="1" changeset="92148246" timestamp="2020-10-08T06:27:13Z" user="ObRiver" uid="10529631" lat="24.5386153" lon="118.1254546"/>
 <node id="7986953562" visible="true" version="1" changeset="92148246" timestamp="2020-10-08T06:27:13Z" user="ObRiver" uid="10529631" lat="24.5385458" lon="118.1254318"/>
 <node id="7986953563" visible="true" version="1" changeset="92148246" timestamp="2020-10-08T06:27:13Z" user="ObRiver" uid="10529631" lat="24.5384738" lon="118.1254144"/>
 <node id="7986953564" visible="true" version="1" changeset="92148246" timestamp="2020-10-08T06:27:13Z" user="ObRiver" uid="10529631" lat="24.5384140" lon="118.1254184"/>
 <node id="7986953565" visible="true" version="1" changeset="92148246" timestamp="2020-10-08T06:27:13Z" user="ObRiver" uid="10529631" lat="24.5383433" lon="118.1254238"/>
 <node id="7986953566" visible="true" version="1" changeset="92148246" timestamp="2020-10-08T06:27:13Z" user="ObRiver" uid="10529631" lat="24.5382884" lon="118.1254385"/>
 <node id="7986953567" visible="true" version="1" changeset="92148246" timestamp="2020-10-08T06:27:13Z" user="ObRiver" uid="10529631" lat="24.5377858" lon="118.1258315"/>
 <node id="7986953568" visible="true" version="1" changeset="92148246" timestamp="2020-10-08T06:27:13Z" user="ObRiver" uid="10529631" lat="24.5382323" lon="118.1254613"/>
 <node id="7986953569" visible="true" version="1" changeset="92148246" timestamp="2020-10-08T06:27:13Z" user="ObRiver" uid="10529631" lat="24.5382701" lon="118.1254050"/>
 <node id="7986953570" visible="true" version="1" changeset="92148246" timestamp="2020-10-08T06:27:13Z" user="ObRiver" uid="10529631" lat="24.5382920" lon="118.1253554"/>
 <node id="7986953571" visible="true" version="1" changeset="92148246" timestamp="2020-10-08T06:27:13Z" user="ObRiver" uid="10529631" lat="24.5383116" lon="118.1252897"/>
 <node id="7986953572" visible="true" version="1" changeset="92148246" timestamp="2020-10-08T06:27:13Z" user="ObRiver" uid="10529631" lat="24.5383201" lon="118.1252065"/>
 <node id="7986953573" visible="true" version="1" changeset="92148246" timestamp="2020-10-08T06:27:13Z" user="ObRiver" uid="10529631" lat="24.5383250" lon="118.1251247"/>
 <node id="7986953574" visible="true" version="1" changeset="92148246" timestamp="2020-10-08T06:27:13Z" user="ObRiver" uid="10529631" lat="24.5383262" lon="118.1250469"/>
 <node id="7986953575" visible="true" version="1" changeset="92148246" timestamp="2020-10-08T06:27:13Z" user="ObRiver" uid="10529631" lat="24.5383127" lon="118.1249081"/>
 <node id="7986953577" visible="true" version="1" changeset="92148246" timestamp="2020-10-08T06:27:13Z" user="ObRiver" uid="10529631" lat="24.5382798" lon="118.1248619"/>
 <node id="7986953578" visible="true" version="2" changeset="133071871" timestamp="2023-02-27T06:06:30Z" user="Aaron_ZSAM" uid="18552639" lat="24.5390874" lon="118.1260635"/>
 <node id="7986953579" visible="true" version="2" changeset="133071871" timestamp="2023-02-27T06:06:30Z" user="Aaron_ZSAM" uid="18552639" lat="24.5390325" lon="118.1260313"/>
 <node id="7986953580" visible="true" version="2" changeset="133071871" timestamp="2023-02-27T06:06:30Z" user="Aaron_ZSAM" uid="18552639" lat="24.5389765" lon="118.1260071"/>
 <node id="7986953581" visible="true" version="2" changeset="133071871" timestamp="2023-02-27T06:06:30Z" user="Aaron_ZSAM" uid="18552639" lat="24.5389179" lon="118.1259884"/>
 <node id="7986953582" visible="true" version="2" changeset="133071871" timestamp="2023-02-27T06:06:30Z" user="Aaron_ZSAM" uid="18552639" lat="24.5388642" lon="118.1259817"/>
 <node id="7986953583" visible="true" version="2" changeset="133071871" timestamp="2023-02-27T06:06:30Z" user="Aaron_ZSAM" uid="18552639" lat="24.5388057" lon="118.1259777"/>
 <node id="7986953584" visible="true" version="2" changeset="133071871" timestamp="2023-02-27T06:06:30Z" user="Aaron_ZSAM" uid="18552639" lat="24.5387203" lon="118.1259991"/>
 <node id="7986953585" visible="true" version="1" changeset="92148246" timestamp="2020-10-08T06:27:13Z" user="ObRiver" uid="10529631" lat="24.5381396" lon="118.1264792"/>
 <node id="7986953586" visible="true" version="1" changeset="92148246" timestamp="2020-10-08T06:27:13Z" user="ObRiver" uid="10529631" lat="24.5386446" lon="118.1260581"/>
 <node id="7986953587" visible="true" version="1" changeset="92148246" timestamp="2020-10-08T06:27:13Z" user="ObRiver" uid="10529631" lat="24.5386934" lon="118.1259871"/>
 <node id="7986953588" visible="true" version="1" changeset="92148246" timestamp="2020-10-08T06:27:13Z" user="ObRiver" uid="10529631" lat="24.5387288" lon="118.1259026"/>
 <node id="7986953589" visible="true" version="1" changeset="92148246" timestamp="2020-10-08T06:27:13Z" user="ObRiver" uid="10529631" lat="24.5387422" lon="118.1258382"/>
 <node id="7986953590" visible="true" version="1" changeset="92148246" timestamp="2020-10-08T06:27:13Z" user="ObRiver" uid="10529631" lat="24.5387495" lon="118.1257765"/>
 <node id="7986953591" visible="true" version="1" changeset="92148246" timestamp="2020-10-08T06:27:13Z" user="ObRiver" uid="10529631" lat="24.5387520" lon="118.1257202"/>
 <node id="7986953592" visible="true" version="1" changeset="92148246" timestamp="2020-10-08T06:27:13Z" user="ObRiver" uid="10529631" lat="24.5387508" lon="118.1256397"/>
 <node id="7986953593" visible="true" version="1" changeset="92148246" timestamp="2020-10-08T06:27:13Z" user="ObRiver" uid="10529631" lat="24.5387434" lon="118.1255136"/>
 <node id="7986953594" visible="true" version="1" changeset="92148246" timestamp="2020-10-08T06:27:13Z" user="ObRiver" uid="10529631" lat="24.5394715" lon="118.1265433"/>
 <node id="7986953595" visible="true" version="1" changeset="92148246" timestamp="2020-10-08T06:27:13Z" user="ObRiver" uid="10529631" lat="24.5394324" lon="118.1265195"/>
 <node id="7986953596" visible="true" version="1" changeset="92148246" timestamp="2020-10-08T06:27:13Z" user="ObRiver" uid="10529631" lat="24.5393729" lon="118.1264926"/>
 <node id="7986953597" visible="true" version="1" changeset="92148246" timestamp="2020-10-08T06:27:13Z" user="ObRiver" uid="10529631" lat="24.5393168" lon="118.1264752"/>
 <node id="7986953598" visible="true" version="1" changeset="92148246" timestamp="2020-10-08T06:27:13Z" user="ObRiver" uid="10529631" lat="24.5392558" lon="118.1264685"/>
 <node id="7986953599" visible="true" version="1" changeset="92148246" timestamp="2020-10-08T06:27:13Z" user="ObRiver" uid="10529631" lat="24.5391973" lon="118.1264725"/>
 <node id="7986953600" visible="true" version="2" changeset="133071871" timestamp="2023-02-27T06:06:30Z" user="Aaron_ZSAM" uid="18552639" lat="24.5391504" lon="118.1264731"/>
 <node id="7986953601" visible="true" version="2" changeset="133071871" timestamp="2023-02-27T06:06:30Z" user="Aaron_ZSAM" uid="18552639" lat="24.5385418" lon="118.1269423"/>
 <node id="7986953602" visible="true" version="2" changeset="133071871" timestamp="2023-02-27T06:06:30Z" user="Aaron_ZSAM" uid="18552639" lat="24.5390473" lon="118.1264947"/>
 <node id="7986953603" visible="true" version="2" changeset="133071871" timestamp="2023-02-27T06:06:30Z" user="Aaron_ZSAM" uid="18552639" lat="24.5391107" lon="118.1264453"/>
 <node id="7986953604" visible="true" version="1" changeset="92148246" timestamp="2020-10-08T06:27:13Z" user="ObRiver" uid="10529631" lat="24.5391375" lon="118.1264068"/>
 <node id="7986953605" visible="true" version="1" changeset="92148246" timestamp="2020-10-08T06:27:13Z" user="ObRiver" uid="10529631" lat="24.5391546" lon="118.1263357"/>
 <node id="7986953606" visible="true" version="1" changeset="92148246" timestamp="2020-10-08T06:27:13Z" user="ObRiver" uid="10529631" lat="24.5391595" lon="118.1262767"/>
 <node id="7986953607" visible="true" version="1" changeset="92148246" timestamp="2020-10-08T06:27:13Z" user="ObRiver" uid="10529631" lat="24.5391631" lon="118.1262365"/>
 <node id="7986953608" visible="true" version="1" changeset="92148246" timestamp="2020-10-08T06:27:13Z" user="ObRiver" uid="10529631" lat="24.5391607" lon="118.1261802"/>
 <node id="7986953609" visible="true" version="1" changeset="92148246" timestamp="2020-10-08T06:27:13Z" user="ObRiver" uid="10529631" lat="24.5391566" lon="118.1261073"/>
 <node id="7986953610" visible="true" version="1" changeset="92148246" timestamp="2020-10-08T06:27:13Z" user="ObRiver" uid="10529631" lat="24.5398276" lon="118.1270337"/>
 <node id="7986953611" visible="true" version="1" changeset="92148246" timestamp="2020-10-08T06:27:13Z" user="ObRiver" uid="10529631" lat="24.5397943" lon="118.1270178"/>
 <node id="7986953612" visible="true" version="1" changeset="92148246" timestamp="2020-10-08T06:27:13Z" user="ObRiver" uid="10529631" lat="24.5397609" lon="118.1270023"/>
 <node id="7986953613" visible="true" version="1" changeset="92148246" timestamp="2020-10-08T06:27:13Z" user="ObRiver" uid="10529631" lat="24.5396962" lon="118.1269741"/>
 <node id="7986953614" visible="true" version="1" changeset="92148246" timestamp="2020-10-08T06:27:13Z" user="ObRiver" uid="10529631" lat="24.5396230" lon="118.1269486"/>
 <node id="7986953615" visible="true" version="1" changeset="92148246" timestamp="2020-10-08T06:27:13Z" user="ObRiver" uid="10529631" lat="24.5395645" lon="118.1269366"/>
 <node id="7986953616" visible="true" version="1" changeset="92148246" timestamp="2020-10-08T06:27:13Z" user="ObRiver" uid="10529631" lat="24.5394681" lon="118.1269419"/>
 <node id="7986953617" visible="true" version="1" changeset="92148246" timestamp="2020-10-08T06:27:13Z" user="ObRiver" uid="10529631" lat="24.5394010" lon="118.1269594"/>
 <node id="7986953618" visible="true" version="1" changeset="92148246" timestamp="2020-10-08T06:27:13Z" user="ObRiver" uid="10529631" lat="24.5388789" lon="118.1273697"/>
 <node id="7986953619" visible="true" version="1" changeset="92148246" timestamp="2020-10-08T06:27:13Z" user="ObRiver" uid="10529631" lat="24.5393327" lon="118.1269889"/>
 <node id="7986953620" visible="true" version="1" changeset="92148246" timestamp="2020-10-08T06:27:13Z" user="ObRiver" uid="10529631" lat="24.5393644" lon="118.1269567"/>
 <node id="7986953621" visible="true" version="1" changeset="92148246" timestamp="2020-10-08T06:27:13Z" user="ObRiver" uid="10529631" lat="24.5393876" lon="118.1269178"/>
 <node id="7986953622" visible="true" version="1" changeset="92148246" timestamp="2020-10-08T06:27:13Z" user="ObRiver" uid="10529631" lat="24.5394034" lon="118.1268735"/>
 <node id="7986953623" visible="true" version="1" changeset="92148246" timestamp="2020-10-08T06:27:13Z" user="ObRiver" uid="10529631" lat="24.5394193" lon="118.1268185"/>
 <node id="7986953624" visible="true" version="1" changeset="92148246" timestamp="2020-10-08T06:27:13Z" user="ObRiver" uid="10529631" lat="24.5394303" lon="118.1267515"/>
 <node id="7986953625" visible="true" version="1" changeset="92148246" timestamp="2020-10-08T06:27:13Z" user="ObRiver" uid="10529631" lat="24.5394352" lon="118.1266710"/>
 <node id="7986953626" visible="true" version="1" changeset="92148246" timestamp="2020-10-08T06:27:13Z" user="ObRiver" uid="10529631" lat="24.5394352" lon="118.1265879"/>
 <node id="7986953627" visible="true" version="1" changeset="92148246" timestamp="2020-10-08T06:27:13Z" user="ObRiver" uid="10529631" lat="24.5394311" lon="118.1264876"/>
 <node id="7986953628" visible="true" version="1" changeset="92148246" timestamp="2020-10-08T06:27:13Z" user="ObRiver" uid="10529631" lat="24.5400905" lon="118.1273958"/>
 <node id="7986953629" visible="true" version="1" changeset="92148246" timestamp="2020-10-08T06:27:13Z" user="ObRiver" uid="10529631" lat="24.5400817" lon="118.1273923"/>
 <node id="7986953630" visible="true" version="1" changeset="92148246" timestamp="2020-10-08T06:27:13Z" user="ObRiver" uid="10529631" lat="24.5400451" lon="118.1273818"/>
 <node id="7986953631" visible="true" version="1" changeset="92148246" timestamp="2020-10-08T06:27:13Z" user="ObRiver" uid="10529631" lat="24.5399659" lon="118.1273644"/>
 <node id="7986953632" visible="true" version="1" changeset="92148246" timestamp="2020-10-08T06:27:13Z" user="ObRiver" uid="10529631" lat="24.5399158" lon="118.1273590"/>
 <node id="7986953633" visible="true" version="1" changeset="92148246" timestamp="2020-10-08T06:27:13Z" user="ObRiver" uid="10529631" lat="24.5398487" lon="118.1273536"/>
 <node id="7986953634" visible="true" version="1" changeset="92148246" timestamp="2020-10-08T06:27:13Z" user="ObRiver" uid="10529631" lat="24.5397890" lon="118.1273617"/>
 <node id="7986953635" visible="true" version="1" changeset="92148246" timestamp="2020-10-08T06:27:13Z" user="ObRiver" uid="10529631" lat="24.5391680" lon="118.1278418"/>
 <node id="7986953636" visible="true" version="1" changeset="92148246" timestamp="2020-10-08T06:27:13Z" user="ObRiver" uid="10529631" lat="24.5397133" lon="118.1273912"/>
 <node id="7986953637" visible="true" version="1" changeset="92148246" timestamp="2020-10-08T06:27:13Z" user="ObRiver" uid="10529631" lat="24.5397450" lon="118.1273456"/>
 <node id="7986953638" visible="true" version="1" changeset="92148246" timestamp="2020-10-08T06:27:13Z" user="ObRiver" uid="10529631" lat="24.5397682" lon="118.1272987"/>
 <node id="7986953639" visible="true" version="1" changeset="92148246" timestamp="2020-10-08T06:27:13Z" user="ObRiver" uid="10529631" lat="24.5397853" lon="118.1272410"/>
 <node id="7986953640" visible="true" version="1" changeset="92148246" timestamp="2020-10-08T06:27:13Z" user="ObRiver" uid="10529631" lat="24.5397951" lon="118.1271766"/>
 <node id="7986953641" visible="true" version="1" changeset="92148246" timestamp="2020-10-08T06:27:13Z" user="ObRiver" uid="10529631" lat="24.5398012" lon="118.1271042"/>
 <node id="7986953642" visible="true" version="1" changeset="92148246" timestamp="2020-10-08T06:27:13Z" user="ObRiver" uid="10529631" lat="24.5397916" lon="118.1269841"/>
 <node id="7986953643" visible="true" version="1" changeset="92148246" timestamp="2020-10-08T06:27:13Z" user="ObRiver" uid="10529631" lat="24.5404064" lon="118.1278310"/>
 <node id="7986953644" visible="true" version="1" changeset="92148246" timestamp="2020-10-08T06:27:13Z" user="ObRiver" uid="10529631" lat="24.5403587" lon="118.1278163"/>
 <node id="7986953645" visible="true" version="1" changeset="92148246" timestamp="2020-10-08T06:27:13Z" user="ObRiver" uid="10529631" lat="24.5402452" lon="118.1277828"/>
 <node id="7986953646" visible="true" version="1" changeset="92148246" timestamp="2020-10-08T06:27:13Z" user="ObRiver" uid="10529631" lat="24.5401842" lon="118.1277707"/>
 <node id="7986953647" visible="true" version="1" changeset="92148246" timestamp="2020-10-08T06:27:13Z" user="ObRiver" uid="10529631" lat="24.5401281" lon="118.1277747"/>
 <node id="7986953648" visible="true" version="1" changeset="92148246" timestamp="2020-10-08T06:27:13Z" user="ObRiver" uid="10529631" lat="24.5400805" lon="118.1277895"/>
 <node id="7986953649" visible="true" version="1" changeset="92148246" timestamp="2020-10-08T06:27:13Z" user="ObRiver" uid="10529631" lat="24.5394742" lon="118.1282763"/>
 <node id="7986953650" visible="true" version="1" changeset="92148246" timestamp="2020-10-08T06:27:13Z" user="ObRiver" uid="10529631" lat="24.5399817" lon="118.1278485"/>
 <node id="7986953651" visible="true" version="1" changeset="92148246" timestamp="2020-10-08T06:27:13Z" user="ObRiver" uid="10529631" lat="24.5400366" lon="118.1277801"/>
 <node id="7986953652" visible="true" version="1" changeset="92148246" timestamp="2020-10-08T06:27:13Z" user="ObRiver" uid="10529631" lat="24.5400695" lon="118.1277278"/>
 <node id="7986953653" visible="true" version="1" changeset="92148246" timestamp="2020-10-08T06:27:13Z" user="ObRiver" uid="10529631" lat="24.5400915" lon="118.1276567"/>
 <node id="7986953654" visible="true" version="1" changeset="92148246" timestamp="2020-10-08T06:27:13Z" user="ObRiver" uid="10529631" lat="24.5401013" lon="118.1275977"/>
 <node id="7986953655" visible="true" version="1" changeset="92148246" timestamp="2020-10-08T06:27:13Z" user="ObRiver" uid="10529631" lat="24.5401013" lon="118.1275401"/>
 <node id="7986953656" visible="true" version="1" changeset="92148246" timestamp="2020-10-08T06:27:13Z" user="ObRiver" uid="10529631" lat="24.5401000" lon="118.1274864"/>
 <node id="7986953657" visible="true" version="1" changeset="92148246" timestamp="2020-10-08T06:27:13Z" user="ObRiver" uid="10529631" lat="24.5400794" lon="118.1273806"/>
 <node id="7986953658" visible="true" version="2" changeset="132681457" timestamp="2023-02-17T15:04:57Z" user="Rudi_Z" uid="18335662" lat="24.5407058" lon="118.1282647"/>
 <node id="7986953659" visible="true" version="1" changeset="92148246" timestamp="2020-10-08T06:27:13Z" user="ObRiver" uid="10529631" lat="24.5406490" lon="118.1282347"/>
 <node id="7986953660" visible="true" version="1" changeset="92148246" timestamp="2020-10-08T06:27:13Z" user="ObRiver" uid="10529631" lat="24.5405624" lon="118.1282160"/>
 <node id="7986953661" visible="true" version="1" changeset="92148246" timestamp="2020-10-08T06:27:13Z" user="ObRiver" uid="10529631" lat="24.5404929" lon="118.1282026"/>
 <node id="7986953662" visible="true" version="1" changeset="92148246" timestamp="2020-10-08T06:27:13Z" user="ObRiver" uid="10529631" lat="24.5404416" lon="118.1282026"/>
 <node id="7986953663" visible="true" version="1" changeset="92148246" timestamp="2020-10-08T06:27:13Z" user="ObRiver" uid="10529631" lat="24.5403977" lon="118.1282119"/>
 <node id="7986953664" visible="true" version="1" changeset="92148246" timestamp="2020-10-08T06:27:13Z" user="ObRiver" uid="10529631" lat="24.5398280" lon="118.1286612"/>
 <node id="7986953665" visible="true" version="1" changeset="92148246" timestamp="2020-10-08T06:27:13Z" user="ObRiver" uid="10529631" lat="24.5403282" lon="118.1282401"/>
 <node id="7986953666" visible="true" version="1" changeset="92148246" timestamp="2020-10-08T06:27:13Z" user="ObRiver" uid="10529631" lat="24.5403672" lon="118.1281932"/>
 <node id="7986953667" visible="true" version="1" changeset="92148246" timestamp="2020-10-08T06:27:13Z" user="ObRiver" uid="10529631" lat="24.5403892" lon="118.1281556"/>
 <node id="7986953668" visible="true" version="1" changeset="92148246" timestamp="2020-10-08T06:27:13Z" user="ObRiver" uid="10529631" lat="24.5403965" lon="118.1281087"/>
 <node id="7986953669" visible="true" version="1" changeset="92148246" timestamp="2020-10-08T06:27:13Z" user="ObRiver" uid="10529631" lat="24.5404050" lon="118.1280403"/>
 <node id="7986953670" visible="true" version="1" changeset="92148246" timestamp="2020-10-08T06:27:13Z" user="ObRiver" uid="10529631" lat="24.5404099" lon="118.1279692"/>
 <node id="7986953671" visible="true" version="1" changeset="92148246" timestamp="2020-10-08T06:27:13Z" user="ObRiver" uid="10529631" lat="24.5404198" lon="118.1278495"/>
 <node id="7986953672" visible="true" version="2" changeset="132681457" timestamp="2023-02-17T15:04:57Z" user="Rudi_Z" uid="18335662" lat="24.5408680" lon="118.1284681"/>
 <node id="7986953673" visible="true" version="2" changeset="132681457" timestamp="2023-02-17T15:04:57Z" user="Rudi_Z" uid="18335662" lat="24.5409040" lon="118.1284875"/>
 <node id="7986953674" visible="true" version="2" changeset="132681457" timestamp="2023-02-17T15:04:57Z" user="Rudi_Z" uid="18335662" lat="24.5409461" lon="118.1285083"/>
 <node id="7986953675" visible="true" version="1" changeset="92148246" timestamp="2020-10-08T06:27:13Z" user="ObRiver" uid="10529631" lat="24.5409961" lon="118.1285224"/>
 <node id="7986953676" visible="true" version="1" changeset="92148246" timestamp="2020-10-08T06:27:13Z" user="ObRiver" uid="10529631" lat="24.5411029" lon="118.1285358"/>
 <node id="7986953677" visible="true" version="1" changeset="92148246" timestamp="2020-10-08T06:27:13Z" user="ObRiver" uid="10529631" lat="24.5411413" lon="118.1285318"/>
 <node id="7986953678" visible="true" version="1" changeset="92148246" timestamp="2020-10-08T06:27:13Z" user="ObRiver" uid="10529631" lat="24.5411279" lon="118.1288456"/>
 <node id="7986953679" visible="true" version="1" changeset="92148246" timestamp="2020-10-08T06:27:13Z" user="ObRiver" uid="10529631" lat="24.5411309" lon="118.1287356"/>
 <node id="7986953680" visible="true" version="1" changeset="92148246" timestamp="2020-10-08T06:27:13Z" user="ObRiver" uid="10529631" lat="24.5411419" lon="118.1286565"/>
 <node id="7986953681" visible="true" version="1" changeset="92148246" timestamp="2020-10-08T06:27:13Z" user="ObRiver" uid="10529631" lat="24.5411693" lon="118.1285921"/>
 <node id="7986953682" visible="true" version="1" changeset="92148246" timestamp="2020-10-08T06:27:13Z" user="ObRiver" uid="10529631" lat="24.5411956" lon="118.1285566"/>
 <node id="7986953683" visible="true" version="2" changeset="132681457" timestamp="2023-02-17T15:04:57Z" user="Rudi_Z" uid="18335662" lat="24.5409491" lon="118.1286375"/>
 <node id="7986953684" visible="true" version="1" changeset="92148246" timestamp="2020-10-08T06:27:13Z" user="ObRiver" uid="10529631" lat="24.5401476" lon="118.1292030"/>
 <node id="7986953685" visible="true" version="1" changeset="92148246" timestamp="2020-10-08T06:27:13Z" user="ObRiver" uid="10529631" lat="24.5406807" lon="118.1287551"/>
 <node id="7986953686" visible="true" version="1" changeset="92148246" timestamp="2020-10-08T06:27:13Z" user="ObRiver" uid="10529631" lat="24.5407198" lon="118.1286947"/>
 <node id="7986953687" visible="true" version="1" changeset="92148246" timestamp="2020-10-08T06:27:13Z" user="ObRiver" uid="10529631" lat="24.5407442" lon="118.1286411"/>
 <node id="7986953688" visible="true" version="1" changeset="92148246" timestamp="2020-10-08T06:27:13Z" user="ObRiver" uid="10529631" lat="24.5407661" lon="118.1285767"/>
 <node id="7986953689" visible="true" version="1" changeset="92148246" timestamp="2020-10-08T06:27:13Z" user="ObRiver" uid="10529631" lat="24.5407722" lon="118.1285191"/>
 <node id="7986953690" visible="true" version="1" changeset="92148246" timestamp="2020-10-08T06:27:13Z" user="ObRiver" uid="10529631" lat="24.5407710" lon="118.1284547"/>
 <node id="7986953691" visible="true" version="2" changeset="132681457" timestamp="2023-02-17T15:04:57Z" user="Rudi_Z" uid="18335662" lat="24.5407730" lon="118.1283805"/>
 <node id="7986953692" visible="true" version="1" changeset="92148246" timestamp="2020-10-08T06:27:13Z" user="ObRiver" uid="10529631" lat="24.5415523" lon="118.1295418"/>
 <node id="7986953698" visible="true" version="1" changeset="92148246" timestamp="2020-10-08T06:27:13Z" user="ObRiver" uid="10529631" lat="24.5407722" lon="118.1300037"/>
 <node id="7986953699" visible="true" version="1" changeset="92148246" timestamp="2020-10-08T06:27:13Z" user="ObRiver" uid="10529631" lat="24.5412200" lon="118.1295919"/>
 <node id="7986953700" visible="true" version="1" changeset="92148246" timestamp="2020-10-08T06:27:13Z" user="ObRiver" uid="10529631" lat="24.5412541" lon="118.1295370"/>
 <node id="7986953701" visible="true" version="1" changeset="92148246" timestamp="2020-10-08T06:27:13Z" user="ObRiver" uid="10529631" lat="24.5412858" lon="118.1294806"/>
 <node id="7986953702" visible="true" version="1" changeset="92148246" timestamp="2020-10-08T06:27:13Z" user="ObRiver" uid="10529631" lat="24.5413029" lon="118.1294243"/>
 <node id="7986953703" visible="true" version="1" changeset="92148246" timestamp="2020-10-08T06:27:13Z" user="ObRiver" uid="10529631" lat="24.5413066" lon="118.1293707"/>
 <node id="7986953704" visible="true" version="1" changeset="92148246" timestamp="2020-10-08T06:27:13Z" user="ObRiver" uid="10529631" lat="24.5413066" lon="118.1292942"/>
 <node id="7986953705" visible="true" version="1" changeset="92148246" timestamp="2020-10-08T06:27:13Z" user="ObRiver" uid="10529631" lat="24.5412988" lon="118.1291762"/>
 <node id="7986953716" visible="true" version="1" changeset="92148246" timestamp="2020-10-08T06:27:13Z" user="ObRiver" uid="10529631" lat="24.5416364" lon="118.1296623"/>
 <node id="7987036121" visible="true" version="2" changeset="121065438" timestamp="2022-05-16T18:54:22Z" user="Airbus 350-900" uid="15443585" lat="24.5374775" lon="118.1223668"/>
 <node id="7987036123" visible="true" version="2" changeset="121065438" timestamp="2022-05-16T18:54:22Z" user="Airbus 350-900" uid="15443585" lat="24.5375012" lon="118.1222843"/>
 <node id="7987036125" visible="true" version="2" changeset="121065438" timestamp="2022-05-16T18:54:22Z" user="Airbus 350-900" uid="15443585" lat="24.5375146" lon="118.1222173"/>
 <node id="7987036127" visible="true" version="2" changeset="121065438" timestamp="2022-05-16T18:54:22Z" user="Airbus 350-900" uid="15443585" lat="24.5375383" lon="118.1221308"/>
 <node id="7987036128" visible="true" version="1" changeset="92150627" timestamp="2020-10-08T06:55:05Z" user="ObRiver" uid="10529631" lat="24.5375009" lon="118.1221408"/>
 <node id="7987036130" visible="true" version="1" changeset="92150627" timestamp="2020-10-08T06:55:05Z" user="ObRiver" uid="10529631" lat="24.5374698" lon="118.1221461"/>
 <node id="7987036131" visible="true" version="1" changeset="92150627" timestamp="2020-10-08T06:55:05Z" user="ObRiver" uid="10529631" lat="24.5374137" lon="118.1221394"/>
 <node id="7987036132" visible="true" version="2" changeset="121065438" timestamp="2022-05-16T18:54:22Z" user="Airbus 350-900" uid="15443585" lat="24.5373612" lon="118.1221332"/>
 <node id="7987036133" visible="true" version="2" changeset="121065438" timestamp="2022-05-16T18:54:22Z" user="Airbus 350-900" uid="15443585" lat="24.5373122" lon="118.1221124"/>
 <node id="7987036135" visible="true" version="1" changeset="92150627" timestamp="2020-10-08T06:55:05Z" user="ObRiver" uid="10529631" lat="24.5372514" lon="118.1223299"/>
 <node id="7987036136" visible="true" version="1" changeset="92150627" timestamp="2020-10-08T06:55:05Z" user="ObRiver" uid="10529631" lat="24.5372612" lon="118.1222843"/>
 <node id="7987036137" visible="true" version="1" changeset="92150627" timestamp="2020-10-08T06:55:05Z" user="ObRiver" uid="10529631" lat="24.5372673" lon="118.1222159"/>
 <node id="7987036138" visible="true" version="1" changeset="92150627" timestamp="2020-10-08T06:55:05Z" user="ObRiver" uid="10529631" lat="24.5372709" lon="118.1221595"/>
 <node id="7987036140" visible="true" version="2" changeset="121065438" timestamp="2022-05-16T18:54:22Z" user="Airbus 350-900" uid="15443585" lat="24.5372570" lon="118.1220582"/>
 <node id="7987036141" visible="true" version="2" changeset="132681457" timestamp="2023-02-17T15:04:57Z" user="Rudi_Z" uid="18335662" lat="24.5404819" lon="118.1226477"/>
 <node id="7987036142" visible="true" version="2" changeset="132681457" timestamp="2023-02-17T15:04:57Z" user="Rudi_Z" uid="18335662" lat="24.5400658" lon="118.1222950"/>
 <node id="7987036161" visible="true" version="2" changeset="109440996" timestamp="2021-08-10T06:15:17Z" user="Kirkepladsen" uid="10892567" lat="24.5487010" lon="118.1339843"/>
 <node id="7987036162" visible="true" version="2" changeset="132681457" timestamp="2023-02-17T15:04:57Z" user="Rudi_Z" uid="18335662" lat="24.5508223" lon="118.1399074"/>
 <node id="7987036260" visible="true" version="2" changeset="132681457" timestamp="2023-02-17T15:04:57Z" user="Rudi_Z" uid="18335662" lat="24.5402867" lon="118.1250918"/>
 <node id="7987036261" visible="true" version="2" changeset="132681457" timestamp="2023-02-17T15:04:57Z" user="Rudi_Z" uid="18335662" lat="24.5403287" lon="118.1247975"/>
 <node id="7987036262" visible="true" version="1" changeset="92150627" timestamp="2020-10-08T06:55:05Z" user="ObRiver" uid="10529631" lat="24.5405057" lon="118.1246030"/>
 <node id="7987036263" visible="true" version="1" changeset="92150627" timestamp="2020-10-08T06:55:05Z" user="ObRiver" uid="10529631" lat="24.5405581" lon="118.1245769"/>
 <node id="7987036264" visible="true" version="1" changeset="92150627" timestamp="2020-10-08T06:55:05Z" user="ObRiver" uid="10529631" lat="24.5406051" lon="118.1245601"/>
 <node id="7987036265" visible="true" version="2" changeset="132681457" timestamp="2023-02-17T15:04:57Z" user="Rudi_Z" uid="18335662" lat="24.5427998" lon="118.1258570"/>
 <node id="7987036266" visible="true" version="2" changeset="132681457" timestamp="2023-02-17T15:04:57Z" user="Rudi_Z" uid="18335662" lat="24.5424424" lon="118.1255217"/>
 <node id="7987036267" visible="true" version="2" changeset="132681457" timestamp="2023-02-17T15:04:57Z" user="Rudi_Z" uid="18335662" lat="24.5417043" lon="118.1249974"/>
 <node id="7987036268" visible="true" version="2" changeset="132681457" timestamp="2023-02-17T15:04:57Z" user="Rudi_Z" uid="18335662" lat="24.5416153" lon="118.1249437"/>
 <node id="7987036269" visible="true" version="2" changeset="132681457" timestamp="2023-02-17T15:04:57Z" user="Rudi_Z" uid="18335662" lat="24.5402172" lon="118.1243322"/>
 <node id="7987036270" visible="true" version="2" changeset="132681457" timestamp="2023-02-17T15:04:57Z" user="Rudi_Z" uid="18335662" lat="24.5399513" lon="118.1242048"/>
 <node id="7987036271" visible="true" version="2" changeset="132681457" timestamp="2023-02-17T15:04:57Z" user="Rudi_Z" uid="18335662" lat="24.5398511" lon="118.1241564"/>
 <node id="7987036272" visible="true" version="2" changeset="132681457" timestamp="2023-02-17T15:04:57Z" user="Rudi_Z" uid="18335662" lat="24.5397219" lon="118.1240854"/>
 <node id="7987036273" visible="true" version="2" changeset="132681457" timestamp="2023-02-17T15:04:57Z" user="Rudi_Z" uid="18335662" lat="24.5395169" lon="118.1239352"/>
 <node id="7987036274" visible="true" version="2" changeset="132681457" timestamp="2023-02-17T15:04:57Z" user="Rudi_Z" uid="18335662" lat="24.5393888" lon="118.1238158"/>
 <node id="7987036275" visible="true" version="2" changeset="132681457" timestamp="2023-02-17T15:04:57Z" user="Rudi_Z" uid="18335662" lat="24.5376747" lon="118.1219846"/>
 <node id="7987036276" visible="true" version="2" changeset="132681457" timestamp="2023-02-17T15:04:57Z" user="Rudi_Z" uid="18335662" lat="24.5376918" lon="118.1219504"/>
 <node id="7987036277" visible="true" version="2" changeset="132681457" timestamp="2023-02-17T15:04:57Z" user="Rudi_Z" uid="18335662" lat="24.5377101" lon="118.1219148"/>
 <node id="7987036278" visible="true" version="2" changeset="132681457" timestamp="2023-02-17T15:04:57Z" user="Rudi_Z" uid="18335662" lat="24.5377241" lon="118.1218719"/>
 <node id="7987036279" visible="true" version="2" changeset="132681457" timestamp="2023-02-17T15:04:57Z" user="Rudi_Z" uid="18335662" lat="24.5377308" lon="118.1218484"/>
 <node id="7987036280" visible="true" version="2" changeset="132681457" timestamp="2023-02-17T15:04:57Z" user="Rudi_Z" uid="18335662" lat="24.5377381" lon="118.1218136"/>
 <node id="7987036281" visible="true" version="2" changeset="132681457" timestamp="2023-02-17T15:04:57Z" user="Rudi_Z" uid="18335662" lat="24.5377406" lon="118.1217747"/>
 <node id="7987036282" visible="true" version="2" changeset="132681457" timestamp="2023-02-17T15:04:57Z" user="Rudi_Z" uid="18335662" lat="24.5377394" lon="118.1217371"/>
 <node id="7987036283" visible="true" version="2" changeset="132681457" timestamp="2023-02-17T15:04:57Z" user="Rudi_Z" uid="18335662" lat="24.5377369" lon="118.1216902"/>
 <node id="7987036284" visible="true" version="2" changeset="132681457" timestamp="2023-02-17T15:04:57Z" user="Rudi_Z" uid="18335662" lat="24.5377296" lon="118.1216406"/>
 <node id="7987036285" visible="true" version="2" changeset="132681457" timestamp="2023-02-17T15:04:57Z" user="Rudi_Z" uid="18335662" lat="24.5377211" lon="118.1215916"/>
 <node id="7987036286" visible="true" version="2" changeset="132681457" timestamp="2023-02-17T15:04:57Z" user="Rudi_Z" uid="18335662" lat="24.5376887" lon="118.1220127"/>
 <node id="7987036287" visible="true" version="2" changeset="132681457" timestamp="2023-02-17T15:04:57Z" user="Rudi_Z" uid="18335662" lat="24.5377741" lon="118.1219926"/>
 <node id="7987036288" visible="true" version="2" changeset="132681457" timestamp="2023-02-17T15:04:57Z" user="Rudi_Z" uid="18335662" lat="24.5378858" lon="118.1219919"/>
 <node id="7987036289" visible="true" version="2" changeset="132681457" timestamp="2023-02-17T15:04:57Z" user="Rudi_Z" uid="18335662" lat="24.5379333" lon="118.1219993"/>
 <node id="7987036290" visible="true" version="2" changeset="132681457" timestamp="2023-02-17T15:04:57Z" user="Rudi_Z" uid="18335662" lat="24.5379803" lon="118.1220174"/>
 <node id="7987036291" visible="true" version="2" changeset="132681457" timestamp="2023-02-17T15:04:57Z" user="Rudi_Z" uid="18335662" lat="24.5380590" lon="118.1220282"/>
 <node id="7987036292" visible="true" version="2" changeset="132681457" timestamp="2023-02-17T15:04:57Z" user="Rudi_Z" uid="18335662" lat="24.5380486" lon="118.1219792"/>
 <node id="7987036293" visible="true" version="2" changeset="132681457" timestamp="2023-02-17T15:04:57Z" user="Rudi_Z" uid="18335662" lat="24.5380529" lon="118.1218511"/>
 <node id="7987036294" visible="true" version="2" changeset="132681457" timestamp="2023-02-17T15:04:57Z" user="Rudi_Z" uid="18335662" lat="24.5380858" lon="118.1217298"/>
 <node id="7987036295" visible="true" version="2" changeset="132681457" timestamp="2023-02-17T15:04:57Z" user="Rudi_Z" uid="18335662" lat="24.5381456" lon="118.1216292"/>
 <node id="7987036296" visible="true" version="1" changeset="92150627" timestamp="2020-10-08T06:55:05Z" user="ObRiver" uid="10529631" lat="24.5383018" lon="118.1214850"/>
 <node id="7987036297" visible="true" version="1" changeset="92150627" timestamp="2020-10-08T06:55:05Z" user="ObRiver" uid="10529631" lat="24.5384994" lon="118.1214414"/>
 <node id="7987036298" visible="true" version="2" changeset="132681457" timestamp="2023-02-17T15:04:57Z" user="Rudi_Z" uid="18335662" lat="24.5374917" lon="118.1209673"/>
 <node id="7987036333" visible="true" version="3" changeset="133071871" timestamp="2023-02-27T06:06:30Z" user="Aaron_ZSAM" uid="18552639" lat="24.5350607" lon="118.1149227"/>
 <node id="7987081361" visible="true" version="1" changeset="92151595" timestamp="2020-10-08T07:07:05Z" user="ObRiver" uid="10529631" lat="24.5412273" lon="118.1347364"/>
 <node id="7987111634" visible="true" version="1" changeset="92152547" timestamp="2020-10-08T07:18:46Z" user="ObRiver" uid="10529631" lat="24.5420971" lon="118.1403851">
  <tag k="access" v="private"/>
  <tag k="barrier" v="gate"/>
 </node>
 <node id="7987111637" visible="true" version="1" changeset="92152547" timestamp="2020-10-08T07:18:46Z" user="ObRiver" uid="10529631" lat="24.5428840" lon="118.1382648"/>
 <node id="7987111648" visible="true" version="1" changeset="92152547" timestamp="2020-10-08T07:18:46Z" user="ObRiver" uid="10529631" lat="24.5506938" lon="118.1446049">
  <tag k="access" v="private"/>
  <tag k="barrier" v="gate"/>
 </node>
 <node id="7987111649" visible="true" version="1" changeset="92152547" timestamp="2020-10-08T07:18:46Z" user="ObRiver" uid="10529631" lat="24.5455568" lon="118.1258368">
  <tag k="access" v="private"/>
  <tag k="barrier" v="gate"/>
 </node>
 <node id="7987111650" visible="true" version="1" changeset="92152547" timestamp="2020-10-08T07:18:46Z" user="ObRiver" uid="10529631" lat="24.5376827" lon="118.1153038">
  <tag k="access" v="private"/>
  <tag k="barrier" v="gate"/>
 </node>
 <node id="7987165400" visible="true" version="1" changeset="92154049" timestamp="2020-10-08T07:37:29Z" user="ObRiver" uid="10529631" lat="24.5399947" lon="118.1311108"/>
 <node id="7987165401" visible="true" version="1" changeset="92154049" timestamp="2020-10-08T07:37:29Z" user="ObRiver" uid="10529631" lat="24.5400580" lon="118.1310645"/>
 <node id="7987165402" visible="true" version="1" changeset="92154049" timestamp="2020-10-08T07:37:29Z" user="ObRiver" uid="10529631" lat="24.5400878" lon="118.1310558"/>
 <node id="7987165403" visible="true" version="1" changeset="92154049" timestamp="2020-10-08T07:37:29Z" user="ObRiver" uid="10529631" lat="24.5401153" lon="118.1310544"/>
 <node id="7987165404" visible="true" version="1" changeset="92154049" timestamp="2020-10-08T07:37:29Z" user="ObRiver" uid="10529631" lat="24.5401501" lon="118.1310571"/>
 <node id="7987165405" visible="true" version="1" changeset="92154049" timestamp="2020-10-08T07:37:29Z" user="ObRiver" uid="10529631" lat="24.5401745" lon="118.1310598"/>
 <node id="7987165406" visible="true" version="1" changeset="92154049" timestamp="2020-10-08T07:37:29Z" user="ObRiver" uid="10529631" lat="24.5401928" lon="118.1310658"/>
 <node id="7987165407" visible="true" version="1" changeset="92154049" timestamp="2020-10-08T07:37:29Z" user="ObRiver" uid="10529631" lat="24.5402147" lon="118.1310792"/>
 <node id="7987165408" visible="true" version="1" changeset="92154049" timestamp="2020-10-08T07:37:29Z" user="ObRiver" uid="10529631" lat="24.5405716" lon="118.1315694"/>
 <node id="7987165409" visible="true" version="1" changeset="92154049" timestamp="2020-10-08T07:37:29Z" user="ObRiver" uid="10529631" lat="24.5405850" lon="118.1315962"/>
 <node id="7987165410" visible="true" version="1" changeset="92154049" timestamp="2020-10-08T07:37:29Z" user="ObRiver" uid="10529631" lat="24.5405984" lon="118.1316304"/>
 <node id="7987165411" visible="true" version="1" changeset="92154049" timestamp="2020-10-08T07:37:29Z" user="ObRiver" uid="10529631" lat="24.5406015" lon="118.1316512"/>
 <node id="7987165412" visible="true" version="1" changeset="92154049" timestamp="2020-10-08T07:37:29Z" user="ObRiver" uid="10529631" lat="24.5405990" lon="118.1316753"/>
 <node id="7987165413" visible="true" version="1" changeset="92154049" timestamp="2020-10-08T07:37:29Z" user="ObRiver" uid="10529631" lat="24.5405844" lon="118.1316988"/>
 <node id="7987165414" visible="true" version="1" changeset="92154049" timestamp="2020-10-08T07:37:29Z" user="ObRiver" uid="10529631" lat="24.5405441" lon="118.1317310"/>
 <node id="7987165415" visible="true" version="1" changeset="92154049" timestamp="2020-10-08T07:37:29Z" user="ObRiver" uid="10529631" lat="24.5405173" lon="118.1317437"/>
 <node id="7987165416" visible="true" version="1" changeset="92154049" timestamp="2020-10-08T07:37:29Z" user="ObRiver" uid="10529631" lat="24.5404935" lon="118.1317458"/>
 <node id="7987165417" visible="true" version="1" changeset="92154049" timestamp="2020-10-08T07:37:29Z" user="ObRiver" uid="10529631" lat="24.5404740" lon="118.1317444"/>
 <node id="7987165418" visible="true" version="1" changeset="92154049" timestamp="2020-10-08T07:37:29Z" user="ObRiver" uid="10529631" lat="24.5404575" lon="118.1317337"/>
 <node id="7987165419" visible="true" version="1" changeset="92154049" timestamp="2020-10-08T07:37:29Z" user="ObRiver" uid="10529631" lat="24.5400244" lon="118.1311516"/>
 <node id="7987165420" visible="true" version="1" changeset="92154049" timestamp="2020-10-08T07:37:29Z" user="ObRiver" uid="10529631" lat="24.5393839" lon="118.1302679"/>
 <node id="7987165421" visible="true" version="1" changeset="92154049" timestamp="2020-10-08T07:37:29Z" user="ObRiver" uid="10529631" lat="24.5394132" lon="118.1303108"/>
 <node id="7987165422" visible="true" version="2" changeset="92169710" timestamp="2020-10-08T10:53:27Z" user="ObRiver" uid="10529631" lat="24.5392630" lon="118.1304340"/>
 <node id="7987165423" visible="true" version="1" changeset="92154049" timestamp="2020-10-08T07:37:29Z" user="ObRiver" uid="10529631" lat="24.5387541" lon="118.1295001"/>
 <node id="7987165424" visible="true" version="1" changeset="92154049" timestamp="2020-10-08T07:37:29Z" user="ObRiver" uid="10529631" lat="24.5383518" lon="118.1289375"/>
 <node id="7987165425" visible="true" version="1" changeset="92154049" timestamp="2020-10-08T07:37:29Z" user="ObRiver" uid="10529631" lat="24.5380198" lon="118.1284587"/>
 <node id="7987165426" visible="true" version="1" changeset="92154049" timestamp="2020-10-08T07:37:29Z" user="ObRiver" uid="10529631" lat="24.5387998" lon="118.1294576"/>
 <node id="7987165427" visible="true" version="1" changeset="92154049" timestamp="2020-10-08T07:37:29Z" user="ObRiver" uid="10529631" lat="24.5380614" lon="118.1284310"/>
 <node id="7987165428" visible="true" version="1" changeset="92154049" timestamp="2020-10-08T07:37:29Z" user="ObRiver" uid="10529631" lat="24.5388443" lon="118.1294162"/>
 <node id="7987165429" visible="true" version="1" changeset="92154049" timestamp="2020-10-08T07:37:29Z" user="ObRiver" uid="10529631" lat="24.5381271" lon="118.1283872"/>
 <node id="7987165430" visible="true" version="1" changeset="92154049" timestamp="2020-10-08T07:37:29Z" user="ObRiver" uid="10529631" lat="24.5389036" lon="118.1293611"/>
 <node id="7987165431" visible="true" version="1" changeset="92154049" timestamp="2020-10-08T07:37:29Z" user="ObRiver" uid="10529631" lat="24.5381906" lon="118.1283449"/>
 <node id="7987165432" visible="true" version="1" changeset="92154049" timestamp="2020-10-08T07:37:29Z" user="ObRiver" uid="10529631" lat="24.5378696" lon="118.1285588"/>
 <node id="7987165433" visible="true" version="1" changeset="92154049" timestamp="2020-10-08T07:37:29Z" user="ObRiver" uid="10529631" lat="24.5382170" lon="118.1283273"/>
 <node id="7987165434" visible="true" version="1" changeset="92154049" timestamp="2020-10-08T07:37:29Z" user="ObRiver" uid="10529631" lat="24.5382317" lon="118.1283192"/>
 <node id="7987165435" visible="true" version="1" changeset="92154049" timestamp="2020-10-08T07:37:29Z" user="ObRiver" uid="10529631" lat="24.5382463" lon="118.1283172"/>
 <node id="7987165436" visible="true" version="1" changeset="92154049" timestamp="2020-10-08T07:37:29Z" user="ObRiver" uid="10529631" lat="24.5382664" lon="118.1283186"/>
 <node id="7987165437" visible="true" version="1" changeset="92154049" timestamp="2020-10-08T07:37:29Z" user="ObRiver" uid="10529631" lat="24.5382811" lon="118.1283239"/>
 <node id="7987165438" visible="true" version="1" changeset="92154049" timestamp="2020-10-08T07:37:29Z" user="ObRiver" uid="10529631" lat="24.5382945" lon="118.1283367"/>
 <node id="7987165439" visible="true" version="1" changeset="92154049" timestamp="2020-10-08T07:37:29Z" user="ObRiver" uid="10529631" lat="24.5389435" lon="118.1292084"/>
 <node id="7987165440" visible="true" version="1" changeset="92154049" timestamp="2020-10-08T07:37:29Z" user="ObRiver" uid="10529631" lat="24.5389545" lon="118.1292339"/>
 <node id="7987165441" visible="true" version="1" changeset="92154049" timestamp="2020-10-08T07:37:29Z" user="ObRiver" uid="10529631" lat="24.5389569" lon="118.1292687"/>
 <node id="7987165442" visible="true" version="1" changeset="92154049" timestamp="2020-10-08T07:37:29Z" user="ObRiver" uid="10529631" lat="24.5389569" lon="118.1292956"/>
 <node id="7987165443" visible="true" version="1" changeset="92154049" timestamp="2020-10-08T07:37:29Z" user="ObRiver" uid="10529631" lat="24.5389423" lon="118.1293251"/>
 <node id="7987165444" visible="true" version="2" changeset="92169710" timestamp="2020-10-08T10:53:27Z" user="ObRiver" uid="10529631" lat="24.5386441" lon="118.1295917"/>
 <node id="7987165445" visible="true" version="1" changeset="92154049" timestamp="2020-10-08T07:37:29Z" user="ObRiver" uid="10529631" lat="24.5381493" lon="118.1308888"/>
 <node id="7987165446" visible="true" version="1" changeset="92154049" timestamp="2020-10-08T07:37:29Z" user="ObRiver" uid="10529631" lat="24.5381225" lon="118.1308191"/>
 <node id="7987165447" visible="true" version="1" changeset="92154049" timestamp="2020-10-08T07:37:29Z" user="ObRiver" uid="10529631" lat="24.5381066" lon="118.1307614"/>
 <node id="7987165448" visible="true" version="1" changeset="92154049" timestamp="2020-10-08T07:37:29Z" user="ObRiver" uid="10529631" lat="24.5380090" lon="118.1306742"/>
 <node id="7987165449" visible="true" version="1" changeset="92154049" timestamp="2020-10-08T07:37:29Z" user="ObRiver" uid="10529631" lat="24.5380603" lon="118.1306916"/>
 <node id="7987165450" visible="true" version="1" changeset="92154049" timestamp="2020-10-08T07:37:29Z" user="ObRiver" uid="10529631" lat="24.5381030" lon="118.1306930"/>
 <node id="7987165451" visible="true" version="1" changeset="92154049" timestamp="2020-10-08T07:37:29Z" user="ObRiver" uid="10529631" lat="24.5381371" lon="118.1306756"/>
 <node id="7987165452" visible="true" version="1" changeset="92154049" timestamp="2020-10-08T07:37:29Z" user="ObRiver" uid="10529631" lat="24.5381859" lon="118.1306367"/>
 <node id="7987165453" visible="true" version="1" changeset="92154049" timestamp="2020-10-08T07:37:29Z" user="ObRiver" uid="10529631" lat="24.5388250" lon="118.1300809"/>
 <node id="7987165454" visible="true" version="1" changeset="92154049" timestamp="2020-10-08T07:37:29Z" user="ObRiver" uid="10529631" lat="24.5378389" lon="118.1305137"/>
 <node id="7987165455" visible="true" version="1" changeset="92154049" timestamp="2020-10-08T07:37:29Z" user="ObRiver" uid="10529631" lat="24.5386458" lon="118.1298352"/>
 <node id="7987165456" visible="true" version="1" changeset="92154049" timestamp="2020-10-08T07:37:29Z" user="ObRiver" uid="10529631" lat="24.5376341" lon="118.1302437"/>
 <node id="7987165457" visible="true" version="1" changeset="92154049" timestamp="2020-10-08T07:37:29Z" user="ObRiver" uid="10529631" lat="24.5384484" lon="118.1295736"/>
 <node id="7987165458" visible="true" version="1" changeset="92154049" timestamp="2020-10-08T07:37:29Z" user="ObRiver" uid="10529631" lat="24.5383015" lon="118.1293857"/>
 <node id="7987165459" visible="true" version="1" changeset="92154049" timestamp="2020-10-08T07:37:29Z" user="ObRiver" uid="10529631" lat="24.5375918" lon="118.1299943"/>
 <node id="7987165460" visible="true" version="1" changeset="92154049" timestamp="2020-10-08T07:37:29Z" user="ObRiver" uid="10529631" lat="24.5375588" lon="118.1300318"/>
 <node id="7987165461" visible="true" version="1" changeset="92154049" timestamp="2020-10-08T07:37:29Z" user="ObRiver" uid="10529631" lat="24.5375454" lon="118.1300654"/>
 <node id="7987165462" visible="true" version="1" changeset="92154049" timestamp="2020-10-08T07:37:29Z" user="ObRiver" uid="10529631" lat="24.5375454" lon="118.1301042"/>
 <node id="7987165463" visible="true" version="1" changeset="92154049" timestamp="2020-10-08T07:37:29Z" user="ObRiver" uid="10529631" lat="24.5375649" lon="118.1301525"/>
 <node id="7987165464" visible="true" version="1" changeset="92154049" timestamp="2020-10-08T07:37:29Z" user="ObRiver" uid="10529631" lat="24.5378895" lon="118.1305803"/>
 <node id="7987165465" visible="true" version="1" changeset="92154049" timestamp="2020-10-08T07:37:29Z" user="ObRiver" uid="10529631" lat="24.5379419" lon="118.1306192"/>
 <node id="7987165466" visible="true" version="1" changeset="92154049" timestamp="2020-10-08T07:37:29Z" user="ObRiver" uid="10529631" lat="24.5379797" lon="118.1306273"/>
 <node id="7987165467" visible="true" version="1" changeset="92154049" timestamp="2020-10-08T07:37:29Z" user="ObRiver" uid="10529631" lat="24.5380163" lon="118.1306259"/>
 <node id="7987165468" visible="true" version="1" changeset="92154049" timestamp="2020-10-08T07:37:29Z" user="ObRiver" uid="10529631" lat="24.5380481" lon="118.1306085"/>
 <node id="7987165469" visible="true" version="2" changeset="99284717" timestamp="2021-02-15T06:39:26Z" user="HualinXMN" uid="11858592" lat="24.5378754" lon="118.1308916"/>
 <node id="7987165470" visible="true" version="1" changeset="92154049" timestamp="2020-10-08T07:37:29Z" user="ObRiver" uid="10529631" lat="24.5379877" lon="118.1309257"/>
 <node id="7987165471" visible="true" version="1" changeset="92154049" timestamp="2020-10-08T07:37:29Z" user="ObRiver" uid="10529631" lat="24.5380542" lon="118.1309418"/>
 <node id="7987165472" visible="true" version="1" changeset="92154049" timestamp="2020-10-08T07:37:29Z" user="ObRiver" uid="10529631" lat="24.5380932" lon="118.1309498"/>
 <node id="7987165473" visible="true" version="1" changeset="92154049" timestamp="2020-10-08T07:37:29Z" user="ObRiver" uid="10529631" lat="24.5381286" lon="118.1309518"/>
 <node id="7987165474" visible="true" version="1" changeset="92154049" timestamp="2020-10-08T07:37:29Z" user="ObRiver" uid="10529631" lat="24.5381713" lon="118.1309411"/>
 <node id="7987165475" visible="true" version="1" changeset="92154049" timestamp="2020-10-08T07:37:29Z" user="ObRiver" uid="10529631" lat="24.5382042" lon="118.1309277"/>
 <node id="7987165476" visible="true" version="1" changeset="92154049" timestamp="2020-10-08T07:37:29Z" user="ObRiver" uid="10529631" lat="24.5382420" lon="118.1309035"/>
 <node id="7987165477" visible="true" version="1" changeset="92154049" timestamp="2020-10-08T07:37:29Z" user="ObRiver" uid="10529631" lat="24.5389118" lon="118.1303510"/>
 <node id="7987165478" visible="true" version="1" changeset="92154049" timestamp="2020-10-08T07:37:29Z" user="ObRiver" uid="10529631" lat="24.5389319" lon="118.1303322"/>
 <node id="7987165479" visible="true" version="1" changeset="92154049" timestamp="2020-10-08T07:37:29Z" user="ObRiver" uid="10529631" lat="24.5389405" lon="118.1303108"/>
 <node id="7987165480" visible="true" version="1" changeset="92154049" timestamp="2020-10-08T07:37:29Z" user="ObRiver" uid="10529631" lat="24.5389423" lon="118.1302886"/>
 <node id="7987165481" visible="true" version="1" changeset="92154049" timestamp="2020-10-08T07:37:29Z" user="ObRiver" uid="10529631" lat="24.5389417" lon="118.1302726"/>
 <node id="7987165482" visible="true" version="1" changeset="92154049" timestamp="2020-10-08T07:37:29Z" user="ObRiver" uid="10529631" lat="24.5389356" lon="118.1302531"/>
 <node id="7987165483" visible="true" version="1" changeset="92154049" timestamp="2020-10-08T07:37:29Z" user="ObRiver" uid="10529631" lat="24.5389240" lon="118.1302276"/>
 <node id="7987165484" visible="true" version="1" changeset="92154049" timestamp="2020-10-08T07:37:29Z" user="ObRiver" uid="10529631" lat="24.5387977" lon="118.1300405"/>
 <node id="7987174885" visible="true" version="1" changeset="92154049" timestamp="2020-10-08T07:37:29Z" user="ObRiver" uid="10529631" lat="24.5387593" lon="118.1299856"/>
 <node id="7987174886" visible="true" version="1" changeset="92154049" timestamp="2020-10-08T07:37:29Z" user="ObRiver" uid="10529631" lat="24.5384238" lon="118.1295410"/>
 <node id="7987174887" visible="true" version="1" changeset="92154049" timestamp="2020-10-08T07:37:29Z" user="ObRiver" uid="10529631" lat="24.5381870" lon="118.1292404"/>
 <node id="7987174888" visible="true" version="2" changeset="152046958" timestamp="2024-05-30T17:21:46Z" user="Popolon" uid="27454" lat="24.5362794" lon="118.1296691"/>
 <node id="7987174889" visible="true" version="2" changeset="152046958" timestamp="2024-05-30T17:21:46Z" user="Popolon" uid="27454" lat="24.5364386" lon="118.1294565"/>
 <node id="7987174891" visible="true" version="2" changeset="152046958" timestamp="2024-05-30T17:21:46Z" user="Popolon" uid="27454" lat="24.5365649" lon="118.1293239"/>
 <node id="7987174897" visible="true" version="2" changeset="152152094" timestamp="2024-06-02T09:52:43Z" user="Popolon" uid="27454" lat="24.5370932" lon="118.1286929"/>
 <node id="7987174898" visible="true" version="2" changeset="152152094" timestamp="2024-06-02T09:52:43Z" user="Popolon" uid="27454" lat="24.5356159" lon="118.1264774"/>
 <node id="7987174899" visible="true" version="2" changeset="152152094" timestamp="2024-06-02T09:52:43Z" user="Popolon" uid="27454" lat="24.5355324" lon="118.1264618"/>
 <node id="7987174901" visible="true" version="1" changeset="92154049" timestamp="2020-10-08T07:37:29Z" user="ObRiver" uid="10529631" lat="24.5354800" lon="118.1264766"/>
 <node id="7987174902" visible="true" version="1" changeset="92154049" timestamp="2020-10-08T07:37:29Z" user="ObRiver" uid="10529631" lat="24.5351176" lon="118.1267636"/>
 <node id="7987174904" visible="true" version="2" changeset="152036846" timestamp="2024-05-30T13:46:09Z" user="Popolon" uid="27454" lat="24.5347789" lon="118.1269411"/>
 <node id="7987174905" visible="true" version="1" changeset="92154049" timestamp="2020-10-08T07:37:29Z" user="ObRiver" uid="10529631" lat="24.5385543" lon="118.1281382"/>
 <node id="7987174906" visible="true" version="1" changeset="92154049" timestamp="2020-10-08T07:37:29Z" user="ObRiver" uid="10529631" lat="24.5385104" lon="118.1280832"/>
 <node id="7987174907" visible="true" version="1" changeset="92154049" timestamp="2020-10-08T07:37:29Z" user="ObRiver" uid="10529631" lat="24.5384726" lon="118.1280497"/>
 <node id="7987174908" visible="true" version="1" changeset="92154049" timestamp="2020-10-08T07:37:29Z" user="ObRiver" uid="10529631" lat="24.5384311" lon="118.1280389"/>
 <node id="7987174909" visible="true" version="1" changeset="92154049" timestamp="2020-10-08T07:37:29Z" user="ObRiver" uid="10529631" lat="24.5383750" lon="118.1280443"/>
 <node id="7987174910" visible="true" version="1" changeset="92154049" timestamp="2020-10-08T07:37:29Z" user="ObRiver" uid="10529631" lat="24.5382066" lon="118.1281583"/>
 <node id="7987174911" visible="true" version="1" changeset="92154049" timestamp="2020-10-08T07:37:29Z" user="ObRiver" uid="10529631" lat="24.5376692" lon="118.1285720"/>
 <node id="7987174912" visible="true" version="1" changeset="92154049" timestamp="2020-10-08T07:37:29Z" user="ObRiver" uid="10529631" lat="24.5376851" lon="118.1285358"/>
 <node id="7987174913" visible="true" version="1" changeset="92154049" timestamp="2020-10-08T07:37:29Z" user="ObRiver" uid="10529631" lat="24.5376979" lon="118.1284366"/>
 <node id="7987174914" visible="true" version="1" changeset="92154049" timestamp="2020-10-08T07:37:29Z" user="ObRiver" uid="10529631" lat="24.5376955" lon="118.1283977"/>
 <node id="7987174915" visible="true" version="1" changeset="92154049" timestamp="2020-10-08T07:37:29Z" user="ObRiver" uid="10529631" lat="24.5376546" lon="118.1283092"/>
 <node id="7987174916" visible="true" version="1" changeset="92154049" timestamp="2020-10-08T07:37:29Z" user="ObRiver" uid="10529631" lat="24.5376015" lon="118.1282388"/>
 <node id="7987174917" visible="true" version="1" changeset="92154049" timestamp="2020-10-08T07:37:29Z" user="ObRiver" uid="10529631" lat="24.5360326" lon="118.1260380"/>
 <node id="7987174918" visible="true" version="1" changeset="92154049" timestamp="2020-10-08T07:37:29Z" user="ObRiver" uid="10529631" lat="24.5360082" lon="118.1260078"/>
 <node id="7987174919" visible="true" version="1" changeset="92154049" timestamp="2020-10-08T07:37:29Z" user="ObRiver" uid="10529631" lat="24.5359283" lon="118.1259622"/>
 <node id="7987174920" visible="true" version="1" changeset="92154049" timestamp="2020-10-08T07:37:29Z" user="ObRiver" uid="10529631" lat="24.5358899" lon="118.1259582"/>
 <node id="7987174921" visible="true" version="1" changeset="92154049" timestamp="2020-10-08T07:37:29Z" user="ObRiver" uid="10529631" lat="24.5357825" lon="118.1259951"/>
 <node id="7987174922" visible="true" version="1" changeset="92154049" timestamp="2020-10-08T07:37:29Z" user="ObRiver" uid="10529631" lat="24.5359918" lon="118.1259549"/>
 <node id="7987174923" visible="true" version="1" changeset="92154049" timestamp="2020-10-08T07:37:29Z" user="ObRiver" uid="10529631" lat="24.5359436" lon="118.1259160"/>
 <node id="7987174924" visible="true" version="1" changeset="92154049" timestamp="2020-10-08T07:37:29Z" user="ObRiver" uid="10529631" lat="24.5358612" lon="118.1258985"/>
 <node id="7987174925" visible="true" version="1" changeset="92154049" timestamp="2020-10-08T07:37:29Z" user="ObRiver" uid="10529631" lat="24.5358228" lon="118.1259012"/>
 <node id="7987174926" visible="true" version="2" changeset="188316690" timestamp="2026-08-31T16:42:05Z" user="Popolon" uid="27454" lat="24.5357307" lon="118.1259495">
  <tag k="crossing" v="uncontrolled"/>
  <tag k="crossing:markings" v="zebra"/>
  <tag k="highway" v="crossing"/>
 </node>
 <node id="7987174927" visible="true" version="1" changeset="92154049" timestamp="2020-10-08T07:37:29Z" user="ObRiver" uid="10529631" lat="24.5347004" lon="118.1268038"/>
 <node id="7987174928" visible="true" version="1" changeset="92154049" timestamp="2020-10-08T07:37:29Z" user="ObRiver" uid="10529631" lat="24.5346491" lon="118.1268615"/>
 <node id="7987196343" visible="true" version="1" changeset="92154703" timestamp="2020-10-08T07:46:10Z" user="ObRiver" uid="10529631" lat="24.5381828" lon="118.1315411"/>
 <node id="7987196344" visible="true" version="1" changeset="92154703" timestamp="2020-10-08T07:46:10Z" user="ObRiver" uid="10529631" lat="24.5384123" lon="118.1318771"/>
 <node id="7987196345" visible="true" version="1" changeset="92154703" timestamp="2020-10-08T07:46:10Z" user="ObRiver" uid="10529631" lat="24.5386411" lon="118.1316882"/>
 <node id="7987196346" visible="true" version="1" changeset="92154703" timestamp="2020-10-08T07:46:10Z" user="ObRiver" uid="10529631" lat="24.5384115" lon="118.1313522"/>
 <node id="7987196347" visible="true" version="1" changeset="92154703" timestamp="2020-10-08T07:46:10Z" user="ObRiver" uid="10529631" lat="24.5394605" lon="118.1300892"/>
 <node id="7987196348" visible="true" version="1" changeset="92154703" timestamp="2020-10-08T07:46:10Z" user="ObRiver" uid="10529631" lat="24.5401034" lon="118.1309845"/>
 <node id="7987196349" visible="true" version="1" changeset="92154703" timestamp="2020-10-08T07:46:10Z" user="ObRiver" uid="10529631" lat="24.5402363" lon="118.1308693"/>
 <node id="7987196350" visible="true" version="1" changeset="92154703" timestamp="2020-10-08T07:46:10Z" user="ObRiver" uid="10529631" lat="24.5407704" lon="118.1316131"/>
 <node id="7987196351" visible="true" version="1" changeset="92154703" timestamp="2020-10-08T07:46:10Z" user="ObRiver" uid="10529631" lat="24.5404264" lon="118.1319116"/>
 <node id="7987196352" visible="true" version="1" changeset="92154703" timestamp="2020-10-08T07:46:10Z" user="ObRiver" uid="10529631" lat="24.5400331" lon="118.1313639"/>
 <node id="7987196353" visible="true" version="1" changeset="92154703" timestamp="2020-10-08T07:46:10Z" user="ObRiver" uid="10529631" lat="24.5392494" lon="118.1302724"/>
 <node id="7987196354" visible="true" version="1" changeset="92154703" timestamp="2020-10-08T07:46:10Z" user="ObRiver" uid="10529631" lat="24.5340538" lon="118.1265195"/>
 <node id="7987196355" visible="true" version="1" changeset="92154703" timestamp="2020-10-08T07:46:10Z" user="ObRiver" uid="10529631" lat="24.5340074" lon="118.1264484"/>
 <node id="7987196356" visible="true" version="1" changeset="92154703" timestamp="2020-10-08T07:46:10Z" user="ObRiver" uid="10529631" lat="24.5335121" lon="118.1268574"/>
 <node id="7987196357" visible="true" version="1" changeset="92154703" timestamp="2020-10-08T07:46:10Z" user="ObRiver" uid="10529631" lat="24.5338378" lon="118.1273174"/>
 <node id="7987196358" visible="true" version="1" changeset="92154703" timestamp="2020-10-08T07:46:10Z" user="ObRiver" uid="10529631" lat="24.5347711" lon="118.1265168"/>
 <node id="7987196359" visible="true" version="1" changeset="92154703" timestamp="2020-10-08T07:46:10Z" user="ObRiver" uid="10529631" lat="24.5345088" lon="118.1261305"/>
 <node id="7987196360" visible="true" version="1" changeset="92154703" timestamp="2020-10-08T07:46:10Z" user="ObRiver" uid="10529631" lat="24.5384031" lon="118.1283970"/>
 <node id="7987196361" visible="true" version="1" changeset="92154703" timestamp="2020-10-08T07:46:10Z" user="ObRiver" uid="10529631" lat="24.5384323" lon="118.1283769"/>
 <node id="7987196362" visible="true" version="1" changeset="92154703" timestamp="2020-10-08T07:46:10Z" user="ObRiver" uid="10529631" lat="24.5390631" lon="118.1292674"/>
 <node id="7987196363" visible="true" version="1" changeset="92154703" timestamp="2020-10-08T07:46:10Z" user="ObRiver" uid="10529631" lat="24.5387190" lon="118.1295785"/>
 <node id="7987196364" visible="true" version="1" changeset="92154703" timestamp="2020-10-08T07:46:10Z" user="ObRiver" uid="10529631" lat="24.5382969" lon="118.1290126"/>
 <node id="7987196365" visible="true" version="1" changeset="92154703" timestamp="2020-10-08T07:46:10Z" user="ObRiver" uid="10529631" lat="24.5382933" lon="118.1289227"/>
 <node id="7987196366" visible="true" version="1" changeset="92154703" timestamp="2020-10-08T07:46:10Z" user="ObRiver" uid="10529631" lat="24.5379517" lon="118.1284600"/>
 <node id="7987196367" visible="true" version="1" changeset="92154703" timestamp="2020-10-08T07:46:10Z" user="ObRiver" uid="10529631" lat="24.5382628" lon="118.1281945"/>
 <node id="7987227038" visible="true" version="1" changeset="92155437" timestamp="2020-10-08T07:55:33Z" user="ObRiver" uid="10529631" lat="24.5384092" lon="118.1317183"/>
 <node id="7987227039" visible="true" version="1" changeset="92155437" timestamp="2020-10-08T07:55:33Z" user="ObRiver" uid="10529631" lat="24.5384323" lon="118.1317525"/>
 <node id="7987227040" visible="true" version="1" changeset="92155437" timestamp="2020-10-08T07:55:33Z" user="ObRiver" uid="10529631" lat="24.5384500" lon="118.1317679"/>
 <node id="7987227041" visible="true" version="1" changeset="92155437" timestamp="2020-10-08T07:55:33Z" user="ObRiver" uid="10529631" lat="24.5384665" lon="118.1317712"/>
 <node id="7987227042" visible="true" version="1" changeset="92155437" timestamp="2020-10-08T07:55:33Z" user="ObRiver" uid="10529631" lat="24.5384866" lon="118.1317665"/>
 <node id="7987227043" visible="true" version="1" changeset="92155437" timestamp="2020-10-08T07:55:33Z" user="ObRiver" uid="10529631" lat="24.5385171" lon="118.1317431"/>
 <node id="7987227044" visible="true" version="1" changeset="92155437" timestamp="2020-10-08T07:55:33Z" user="ObRiver" uid="10529631" lat="24.5385336" lon="118.1317216"/>
 <node id="7987227045" visible="true" version="1" changeset="92155437" timestamp="2020-10-08T07:55:33Z" user="ObRiver" uid="10529631" lat="24.5385373" lon="118.1317035"/>
 <node id="7987227046" visible="true" version="1" changeset="92155437" timestamp="2020-10-08T07:55:33Z" user="ObRiver" uid="10529631" lat="24.5385336" lon="118.1316834"/>
 <node id="7987227047" visible="true" version="1" changeset="92155437" timestamp="2020-10-08T07:55:33Z" user="ObRiver" uid="10529631" lat="24.5382920" lon="118.1313094"/>
 <node id="7987904002" visible="true" version="1" changeset="92169710" timestamp="2020-10-08T10:53:27Z" user="ObRiver" uid="10529631" lat="24.5394392" lon="118.1308610"/>
 <node id="7987904003" visible="true" version="1" changeset="92169710" timestamp="2020-10-08T10:53:27Z" user="ObRiver" uid="10529631" lat="24.5392894" lon="118.1306608"/>
 <node id="7987904004" visible="true" version="1" changeset="92169710" timestamp="2020-10-08T10:53:27Z" user="ObRiver" uid="10529631" lat="24.5393297" lon="118.1309486"/>
 <node id="7987904005" visible="true" version="1" changeset="92169710" timestamp="2020-10-08T10:53:27Z" user="ObRiver" uid="10529631" lat="24.5392015" lon="118.1307936"/>
 <node id="7987904006" visible="true" version="1" changeset="92169710" timestamp="2020-10-08T10:53:27Z" user="ObRiver" uid="10529631" lat="24.5391826" lon="118.1307802"/>
 <node id="7987904007" visible="true" version="1" changeset="92169710" timestamp="2020-10-08T10:53:27Z" user="ObRiver" uid="10529631" lat="24.5391625" lon="118.1307761"/>
 <node id="7987904008" visible="true" version="1" changeset="92169710" timestamp="2020-10-08T10:53:27Z" user="ObRiver" uid="10529631" lat="24.5391485" lon="118.1307808"/>
 <node id="7987904009" visible="true" version="1" changeset="92169710" timestamp="2020-10-08T10:53:27Z" user="ObRiver" uid="10529631" lat="24.5391088" lon="118.1308191"/>
 <node id="7987904010" visible="true" version="1" changeset="92169710" timestamp="2020-10-08T10:53:27Z" user="ObRiver" uid="10529631" lat="24.5391033" lon="118.1308358"/>
 <node id="7987904011" visible="true" version="1" changeset="92169710" timestamp="2020-10-08T10:53:27Z" user="ObRiver" uid="10529631" lat="24.5391039" lon="118.1308593"/>
 <node id="7987904012" visible="true" version="1" changeset="92169710" timestamp="2020-10-08T10:53:27Z" user="ObRiver" uid="10529631" lat="24.5391161" lon="118.1308807"/>
 <node id="7987904013" visible="true" version="1" changeset="92169710" timestamp="2020-10-08T10:53:27Z" user="ObRiver" uid="10529631" lat="24.5392180" lon="118.1309934"/>
 <node id="7987904014" visible="true" version="1" changeset="92169710" timestamp="2020-10-08T10:53:27Z" user="ObRiver" uid="10529631" lat="24.5392320" lon="118.1310041"/>
 <node id="7987904015" visible="true" version="1" changeset="92169710" timestamp="2020-10-08T10:53:27Z" user="ObRiver" uid="10529631" lat="24.5392467" lon="118.1310088"/>
 <node id="7987904016" visible="true" version="1" changeset="92169710" timestamp="2020-10-08T10:53:27Z" user="ObRiver" uid="10529631" lat="24.5392595" lon="118.1310048"/>
 <node id="7987904017" visible="true" version="1" changeset="92169710" timestamp="2020-10-08T10:53:27Z" user="ObRiver" uid="10529631" lat="24.5395235" lon="118.1307934"/>
 <node id="7987905650" visible="true" version="2" changeset="152046958" timestamp="2024-05-30T17:21:46Z" user="Popolon" uid="27454" lat="24.5368271" lon="118.1294975"/>
 <node id="7987919253" visible="true" version="1" changeset="92169997" timestamp="2020-10-08T10:57:46Z" user="ObRiver" uid="10529631" lat="24.5395161" lon="118.1308235"/>
 <node id="7987919254" visible="true" version="1" changeset="92169997" timestamp="2020-10-08T10:57:46Z" user="ObRiver" uid="10529631" lat="24.5391989" lon="118.1311132"/>
 <node id="7987919255" visible="true" version="1" changeset="92169997" timestamp="2020-10-08T10:57:46Z" user="ObRiver" uid="10529631" lat="24.5390013" lon="118.1308518"/>
 <node id="7987919256" visible="true" version="1" changeset="92169997" timestamp="2020-10-08T10:57:46Z" user="ObRiver" uid="10529631" lat="24.5393186" lon="118.1305621"/>
 <node id="7987935396" visible="true" version="1" changeset="92169906" timestamp="2020-10-08T10:56:14Z" user="ObRiver" uid="10529631" lat="24.5464195" lon="118.1431010"/>
 <node id="7987935397" visible="true" version="1" changeset="92169906" timestamp="2020-10-08T10:56:14Z" user="ObRiver" uid="10529631" lat="24.5472527" lon="118.1442587"/>
 <node id="8327877409" visible="true" version="2" changeset="152042116" timestamp="2024-05-30T15:41:00Z" user="Popolon" uid="27454" lat="24.5343981" lon="118.1273530"/>
 <node id="8327877410" visible="true" version="2" changeset="152042116" timestamp="2024-05-30T15:41:00Z" user="Popolon" uid="27454" lat="24.5343517" lon="118.1273288"/>
 <node id="8327877411" visible="true" version="2" changeset="152042116" timestamp="2024-05-30T15:41:00Z" user="Popolon" uid="27454" lat="24.5342829" lon="118.1273451"/>
 <node id="8327877412" visible="true" version="2" changeset="152042116" timestamp="2024-05-30T15:41:00Z" user="Popolon" uid="27454" lat="24.5332322" lon="118.1282439"/>
 <node id="8327877413" visible="true" version="2" changeset="152042116" timestamp="2024-05-30T15:41:00Z" user="Popolon" uid="27454" lat="24.5331874" lon="118.1283037"/>
 <node id="8327877414" visible="true" version="2" changeset="152042116" timestamp="2024-05-30T15:41:00Z" user="Popolon" uid="27454" lat="24.5331841" lon="118.1283539"/>
 <node id="8327877415" visible="true" version="2" changeset="152042116" timestamp="2024-05-30T15:41:00Z" user="Popolon" uid="27454" lat="24.5347547" lon="118.1306605"/>
 <node id="8327877416" visible="true" version="2" changeset="152042116" timestamp="2024-05-30T15:41:00Z" user="Popolon" uid="27454" lat="24.5348682" lon="118.1307309"/>
 <node id="8327877917" visible="true" version="2" changeset="152042116" timestamp="2024-05-30T15:41:00Z" user="Popolon" uid="27454" lat="24.5349363" lon="118.1307222"/>
 <node id="8327877918" visible="true" version="2" changeset="152042116" timestamp="2024-05-30T15:41:00Z" user="Popolon" uid="27454" lat="24.5349735" lon="118.1307008"/>
 <node id="8327877919" visible="true" version="2" changeset="152042116" timestamp="2024-05-30T15:41:00Z" user="Popolon" uid="27454" lat="24.5360541" lon="118.1297653"/>
 <node id="8327877920" visible="true" version="2" changeset="152042116" timestamp="2024-05-30T15:41:00Z" user="Popolon" uid="27454" lat="24.5360850" lon="118.1297077"/>
 <node id="8327877921" visible="true" version="2" changeset="152042116" timestamp="2024-05-30T15:41:00Z" user="Popolon" uid="27454" lat="24.5344504" lon="118.1273912"/>
 <node id="8411038011" visible="true" version="1" changeset="99025308" timestamp="2021-02-10T08:25:47Z" user="HualinXMN" uid="11858592" lat="24.5335175" lon="118.1217733"/>
 <node id="8411038419" visible="true" version="2" changeset="99375037" timestamp="2021-02-16T11:09:55Z" user="HualinXMN" uid="11858592" lat="24.5347119" lon="118.1229245"/>
 <node id="8411038420" visible="true" version="1" changeset="99025308" timestamp="2021-02-10T08:25:47Z" user="HualinXMN" uid="11858592" lat="24.5346499" lon="118.1230515"/>
 <node id="8411038421" visible="true" version="1" changeset="99025308" timestamp="2021-02-10T08:25:47Z" user="HualinXMN" uid="11858592" lat="24.5346990" lon="118.1229891"/>
 <node id="8411038422" visible="true" version="1" changeset="99025308" timestamp="2021-02-10T08:25:47Z" user="HualinXMN" uid="11858592" lat="24.5343976" lon="118.1226601"/>
 <node id="8411038423" visible="true" version="1" changeset="99025308" timestamp="2021-02-10T08:25:47Z" user="HualinXMN" uid="11858592" lat="24.5345876" lon="118.1227934"/>
 <node id="8411038424" visible="true" version="1" changeset="99025308" timestamp="2021-02-10T08:25:47Z" user="HualinXMN" uid="11858592" lat="24.5346641" lon="118.1228459"/>
 <node id="8411038425" visible="true" version="1" changeset="99025308" timestamp="2021-02-10T08:25:47Z" user="HualinXMN" uid="11858592" lat="24.5342371" lon="118.1225512"/>
 <node id="8411038426" visible="true" version="1" changeset="99025308" timestamp="2021-02-10T08:25:47Z" user="HualinXMN" uid="11858592" lat="24.5342218" lon="118.1225931"/>
 <node id="8411038427" visible="true" version="1" changeset="99025308" timestamp="2021-02-10T08:25:47Z" user="HualinXMN" uid="11858592" lat="24.5341543" lon="118.1226389"/>
 <node id="8411038428" visible="true" version="1" changeset="99025308" timestamp="2021-02-10T08:25:47Z" user="HualinXMN" uid="11858592" lat="24.5341045" lon="118.1227608"/>
 <node id="8411038429" visible="true" version="1" changeset="99025308" timestamp="2021-02-10T08:25:47Z" user="HualinXMN" uid="11858592" lat="24.5342782" lon="118.1226002"/>
 <node id="8411038430" visible="true" version="1" changeset="99025308" timestamp="2021-02-10T08:25:47Z" user="HualinXMN" uid="11858592" lat="24.5341797" lon="118.1226089"/>
 <node id="8411038431" visible="true" version="1" changeset="99025308" timestamp="2021-02-10T08:25:47Z" user="HualinXMN" uid="11858592" lat="24.5341701" lon="118.1230617"/>
 <node id="8411038432" visible="true" version="1" changeset="99025308" timestamp="2021-02-10T08:25:47Z" user="HualinXMN" uid="11858592" lat="24.5342844" lon="118.1231721"/>
 <node id="8411038433" visible="true" version="1" changeset="99025308" timestamp="2021-02-10T08:25:47Z" user="HualinXMN" uid="11858592" lat="24.5343722" lon="118.1232030"/>
 <node id="8411038434" visible="true" version="1" changeset="99025308" timestamp="2021-02-10T08:25:47Z" user="HualinXMN" uid="11858592" lat="24.5345208" lon="118.1231829"/>
 <node id="8411038435" visible="true" version="1" changeset="99025308" timestamp="2021-02-10T08:25:47Z" user="HualinXMN" uid="11858592" lat="24.5342224" lon="118.1231196"/>
 <node id="8411038436" visible="true" version="1" changeset="99025308" timestamp="2021-02-10T08:25:47Z" user="HualinXMN" uid="11858592" lat="24.5343271" lon="118.1231929"/>
 <node id="8411038437" visible="true" version="1" changeset="99025308" timestamp="2021-02-10T08:25:47Z" user="HualinXMN" uid="11858592" lat="24.5344489" lon="118.1231983"/>
 <node id="8411038438" visible="true" version="1" changeset="99025308" timestamp="2021-02-10T08:25:47Z" user="HualinXMN" uid="11858592" lat="24.5339640" lon="118.1244407"/>
 <node id="8411038439" visible="true" version="4" changeset="110503834" timestamp="2021-08-31T09:53:30Z" user="Kirkepladsen" uid="10892567" lat="24.5343618" lon="118.1208479">
  <tag k="access" v="private"/>
  <tag k="barrier" v="gate"/>
 </node>
 <node id="8411038440" visible="true" version="1" changeset="99025308" timestamp="2021-02-10T08:25:47Z" user="HualinXMN" uid="11858592" lat="24.5342518" lon="118.1211015"/>
 <node id="8411038441" visible="true" version="1" changeset="99025308" timestamp="2021-02-10T08:25:47Z" user="HualinXMN" uid="11858592" lat="24.5340762" lon="118.1213563"/>
 <node id="8411038442" visible="true" version="1" changeset="99025308" timestamp="2021-02-10T08:25:47Z" user="HualinXMN" uid="11858592" lat="24.5337639" lon="118.1215987"/>
 <node id="8411038443" visible="true" version="1" changeset="99025308" timestamp="2021-02-10T08:25:47Z" user="HualinXMN" uid="11858592" lat="24.5335739" lon="118.1217439"/>
 <node id="8411038444" visible="true" version="1" changeset="99025308" timestamp="2021-02-10T08:25:47Z" user="HualinXMN" uid="11858592" lat="24.5341914" lon="118.1212395"/>
 <node id="8411038445" visible="true" version="1" changeset="99025308" timestamp="2021-02-10T08:25:47Z" user="HualinXMN" uid="11858592" lat="24.5342825" lon="118.1209560"/>
 <node id="8411038447" visible="true" version="2" changeset="152046958" timestamp="2024-05-30T17:21:46Z" user="Popolon" uid="27454" lat="24.5369752" lon="118.1296908">
  <tag k="bus" v="yes"/>
  <tag k="highway" v="bus_stop"/>
  <tag k="name" v="高崎T3候机楼"/>
  <tag k="public_transport" v="platform"/>
 </node>
 <node id="8411038448" visible="true" version="2" changeset="159271905" timestamp="2024-11-18T08:25:16Z" user="lzy030513" uid="22190646" lat="24.5375165" lon="118.1280520">
  <tag k="amenity" v="post_office"/>
  <tag k="name" v="机场邮政支局"/>
  <tag k="operator" v="China Post"/>
 </node>
 <node id="8411038449" visible="true" version="2" changeset="159271905" timestamp="2024-11-18T08:25:16Z" user="lzy030513" uid="22190646" lat="24.5350436" lon="118.1299146">
  <tag k="amenity" v="bank"/>
  <tag k="atm" v="yes"/>
  <tag k="brand" v="ICBC"/>
  <tag k="brand:wikidata" v="Q26463"/>
  <tag k="brand:wikipedia" v="en:Industrial and Commercial Bank of China"/>
  <tag k="name" v="中国工商银行厦门机场分行"/>
 </node>
 <node id="8411038450" visible="true" version="1" changeset="99025308" timestamp="2021-02-10T08:25:47Z" user="HualinXMN" uid="11858592" lat="24.5370821" lon="118.1301135">
  <tag k="amenity" v="bank"/>
  <tag k="atm" v="yes"/>
  <tag k="brand" v="BOC"/>
  <tag k="brand:wikidata" v="Q790068"/>
  <tag k="brand:wikipedia" v="en:Bank of China"/>
  <tag k="name" v="中国银行厦门机场支行"/>
  <tag k="official_name" v="Bank of China"/>
 </node>
 <node id="8411038451" visible="true" version="2" changeset="152152094" timestamp="2024-06-02T09:52:43Z" user="Popolon" uid="27454" lat="24.5361287" lon="118.1292983"/>
 <node id="8411038452" visible="true" version="2" changeset="152152094" timestamp="2024-06-02T09:52:43Z" user="Popolon" uid="27454" lat="24.5359346" lon="118.1290213"/>
 <node id="8411038453" visible="true" version="1" changeset="99025308" timestamp="2021-02-10T08:25:47Z" user="HualinXMN" uid="11858592" lat="24.5362209" lon="118.1292246"/>
 <node id="8411038454" visible="true" version="1" changeset="99025308" timestamp="2021-02-10T08:25:47Z" user="HualinXMN" uid="11858592" lat="24.5360191" lon="118.1289519"/>
 <node id="8411038455" visible="true" version="1" changeset="99025308" timestamp="2021-02-10T08:25:47Z" user="HualinXMN" uid="11858592" lat="24.5359407" lon="118.1288872"/>
 <node id="8411038456" visible="true" version="1" changeset="99025308" timestamp="2021-02-10T08:25:47Z" user="HualinXMN" uid="11858592" lat="24.5358482" lon="118.1288564"/>
 <node id="8411038457" visible="true" version="2" changeset="152046958" timestamp="2024-05-30T17:21:46Z" user="Popolon" uid="27454" lat="24.5356305" lon="118.1288750"/>
 <node id="8411038458" visible="true" version="3" changeset="152152094" timestamp="2024-06-02T09:52:43Z" user="Popolon" uid="27454" lat="24.5352194" lon="118.1282992"/>
 <node id="8411038459" visible="true" version="2" changeset="152152094" timestamp="2024-06-02T09:52:43Z" user="Popolon" uid="27454" lat="24.5352427" lon="118.1281056"/>
 <node id="8411038460" visible="true" version="2" changeset="152152094" timestamp="2024-06-02T09:52:43Z" user="Popolon" uid="27454" lat="24.5350032" lon="118.1277186"/>
 <node id="8411038461" visible="true" version="2" changeset="152152094" timestamp="2024-06-02T09:52:43Z" user="Popolon" uid="27454" lat="24.5351939" lon="118.1278942"/>
 <node id="8411038462" visible="true" version="2" changeset="152152094" timestamp="2024-06-02T09:52:43Z" user="Popolon" uid="27454" lat="24.5350380" lon="118.1276725"/>
 <node id="8411038463" visible="true" version="2" changeset="152152094" timestamp="2024-06-02T09:52:43Z" user="Popolon" uid="27454" lat="24.5349987" lon="118.1276262"/>
 <node id="8411038464" visible="true" version="3" changeset="152152094" timestamp="2024-06-02T09:52:43Z" user="Popolon" uid="27454" lat="24.5346380" lon="118.1274660"/>
 <node id="8411038465" visible="true" version="2" changeset="152152094" timestamp="2024-06-02T09:52:43Z" user="Popolon" uid="27454" lat="24.5361472" lon="118.1293973"/>
 <node id="8422263203" visible="true" version="2" changeset="160788086" timestamp="2024-12-30T11:41:04Z" user="rza31" uid="2137840" lat="24.5395927" lon="118.1292862">
  <tag k="aeroway" v="gate"/>
  <tag k="level" v="1"/>
  <tag k="ref" v="17"/>
 </node>
 <node id="8422263204" visible="true" version="1" changeset="99244504" timestamp="2021-02-14T10:49:01Z" user="Hervé TUC" uid="922338" lat="24.5396439" lon="118.1291042">
  <tag k="aeroway" v="gate"/>
  <tag k="level" v="1"/>
  <tag k="ref" v="16"/>
 </node>
 <node id="8422263205" visible="true" version="1" changeset="99244504" timestamp="2021-02-14T10:49:01Z" user="Hervé TUC" uid="922338" lat="24.5393483" lon="118.1286910">
  <tag k="aeroway" v="gate"/>
  <tag k="level" v="1"/>
  <tag k="ref" v="15"/>
 </node>
 <node id="8422263206" visible="true" version="1" changeset="99244504" timestamp="2021-02-14T10:49:01Z" user="Hervé TUC" uid="922338" lat="24.5390270" lon="118.1282419">
  <tag k="aeroway" v="gate"/>
  <tag k="level" v="1"/>
  <tag k="ref" v="12"/>
 </node>
 <node id="8422263207" visible="true" version="1" changeset="99244504" timestamp="2021-02-14T10:49:01Z" user="Hervé TUC" uid="922338" lat="24.5387127" lon="118.1278025">
  <tag k="aeroway" v="gate"/>
  <tag k="level" v="1"/>
  <tag k="ref" v="11"/>
 </node>
 <node id="8422263208" visible="true" version="1" changeset="99244504" timestamp="2021-02-14T10:49:01Z" user="Hervé TUC" uid="922338" lat="24.5380302" lon="118.1268561">
  <tag k="aeroway" v="gate"/>
  <tag k="level" v="1"/>
  <tag k="ref" v="9"/>
 </node>
 <node id="8422263209" visible="true" version="1" changeset="99244504" timestamp="2021-02-14T10:49:01Z" user="Hervé TUC" uid="922338" lat="24.5376089" lon="118.1262689">
  <tag k="aeroway" v="gate"/>
  <tag k="level" v="1"/>
  <tag k="ref" v="8"/>
 </node>
 <node id="8422263210" visible="true" version="1" changeset="99244504" timestamp="2021-02-14T10:49:01Z" user="Hervé TUC" uid="922338" lat="24.5372440" lon="118.1257586">
  <tag k="aeroway" v="gate"/>
  <tag k="level" v="1"/>
  <tag k="ref" v="7"/>
 </node>
 <node id="8422263211" visible="true" version="1" changeset="99244504" timestamp="2021-02-14T10:49:01Z" user="Hervé TUC" uid="922338" lat="24.5369237" lon="118.1253106">
  <tag k="aeroway" v="gate"/>
  <tag k="level" v="1"/>
  <tag k="ref" v="6"/>
 </node>
 <node id="8422263212" visible="true" version="1" changeset="99244504" timestamp="2021-02-14T10:49:01Z" user="Hervé TUC" uid="922338" lat="24.5366148" lon="118.1248785">
  <tag k="aeroway" v="gate"/>
  <tag k="level" v="1"/>
  <tag k="ref" v="5"/>
 </node>
 <node id="8422263213" visible="true" version="1" changeset="99244504" timestamp="2021-02-14T10:49:01Z" user="Hervé TUC" uid="922338" lat="24.5359847" lon="118.1240014">
  <tag k="aeroway" v="gate"/>
  <tag k="level" v="1"/>
  <tag k="ref" v="2"/>
 </node>
 <node id="8422263214" visible="true" version="1" changeset="99244504" timestamp="2021-02-14T10:49:01Z" user="Hervé TUC" uid="922338" lat="24.5356863" lon="118.1235869">
  <tag k="aeroway" v="gate"/>
  <tag k="level" v="1"/>
  <tag k="ref" v="1"/>
 </node>
 <node id="8424454541" visible="true" version="1" changeset="99284717" timestamp="2021-02-15T06:39:26Z" user="HualinXMN" uid="11858592" lat="24.5343805" lon="118.1271876"/>
 <node id="8424454544" visible="true" version="1" changeset="99284717" timestamp="2021-02-15T06:39:26Z" user="HualinXMN" uid="11858592" lat="24.5344255" lon="118.1271869"/>
 <node id="8424454545" visible="true" version="1" changeset="99284717" timestamp="2021-02-15T06:39:26Z" user="HualinXMN" uid="11858592" lat="24.5381770" lon="118.1291299"/>
 <node id="8424454546" visible="true" version="1" changeset="99284717" timestamp="2021-02-15T06:39:26Z" user="HualinXMN" uid="11858592" lat="24.5391139" lon="118.1304005"/>
 <node id="8424454547" visible="true" version="1" changeset="99284717" timestamp="2021-02-15T06:39:26Z" user="HualinXMN" uid="11858592" lat="24.5382897" lon="118.1311084"/>
 <node id="8424454548" visible="true" version="1" changeset="99284717" timestamp="2021-02-15T06:39:26Z" user="HualinXMN" uid="11858592" lat="24.5374108" lon="118.1299794"/>
 <node id="8424454549" visible="true" version="1" changeset="99284717" timestamp="2021-02-15T06:39:26Z" user="HualinXMN" uid="11858592" lat="24.5374075" lon="118.1297670"/>
 <node id="8428510304" visible="true" version="1" changeset="99372301" timestamp="2021-02-16T10:39:30Z" user="HualinXMN" uid="11858592" lat="24.5377299" lon="118.1296311"/>
 <node id="8428510305" visible="true" version="1" changeset="99372301" timestamp="2021-02-16T10:39:30Z" user="HualinXMN" uid="11858592" lat="24.5375526" lon="118.1297836"/>
 <node id="8428510306" visible="true" version="1" changeset="99372301" timestamp="2021-02-16T10:39:30Z" user="HualinXMN" uid="11858592" lat="24.5374092" lon="118.1298794"/>
 <node id="8428510307" visible="true" version="1" changeset="99372301" timestamp="2021-02-16T10:39:30Z" user="HualinXMN" uid="11858592" lat="24.5374809" lon="118.1298422"/>
 <node id="8428510308" visible="true" version="1" changeset="99372301" timestamp="2021-02-16T10:39:30Z" user="HualinXMN" uid="11858592" lat="24.5365770" lon="118.1301403"/>
 <node id="8428510309" visible="true" version="1" changeset="99372301" timestamp="2021-02-16T10:39:30Z" user="HualinXMN" uid="11858592" lat="24.5365328" lon="118.1301632"/>
 <node id="8428510310" visible="true" version="1" changeset="99372301" timestamp="2021-02-16T10:39:30Z" user="HualinXMN" uid="11858592" lat="24.5362311" lon="118.1301375"/>
 <node id="8428510311" visible="true" version="1" changeset="99372301" timestamp="2021-02-16T10:39:30Z" user="HualinXMN" uid="11858592" lat="24.5355134" lon="118.1307435"/>
 <node id="8428510312" visible="true" version="1" changeset="99372301" timestamp="2021-02-16T10:39:30Z" user="HualinXMN" uid="11858592" lat="24.5354744" lon="118.1308206"/>
 <node id="8428510313" visible="true" version="1" changeset="99372301" timestamp="2021-02-16T10:39:30Z" user="HualinXMN" uid="11858592" lat="24.5354744" lon="118.1309150"/>
 <node id="8428510314" visible="true" version="1" changeset="99372301" timestamp="2021-02-16T10:39:30Z" user="HualinXMN" uid="11858592" lat="24.5356590" lon="118.1311665"/>
 <node id="8428510315" visible="true" version="1" changeset="99372301" timestamp="2021-02-16T10:39:30Z" user="HualinXMN" uid="11858592" lat="24.5356304" lon="118.1312151"/>
 <node id="8428510316" visible="true" version="1" changeset="99372301" timestamp="2021-02-16T10:39:30Z" user="HualinXMN" uid="11858592" lat="24.5358333" lon="118.1314895"/>
 <node id="8428512517" visible="true" version="1" changeset="99372301" timestamp="2021-02-16T10:39:30Z" user="HualinXMN" uid="11858592" lat="24.5358983" lon="118.1315782"/>
 <node id="8428512518" visible="true" version="1" changeset="99372301" timestamp="2021-02-16T10:39:30Z" user="HualinXMN" uid="11858592" lat="24.5358177" lon="118.1316553"/>
 <node id="8428512519" visible="true" version="1" changeset="99372301" timestamp="2021-02-16T10:39:30Z" user="HualinXMN" uid="11858592" lat="24.5359633" lon="118.1318554"/>
 <node id="8428512520" visible="true" version="1" changeset="99372301" timestamp="2021-02-16T10:39:30Z" user="HualinXMN" uid="11858592" lat="24.5366446" lon="118.1312723"/>
 <node id="8428512521" visible="true" version="1" changeset="99372301" timestamp="2021-02-16T10:39:30Z" user="HualinXMN" uid="11858592" lat="24.5366940" lon="118.1311637"/>
 <node id="8428512522" visible="true" version="1" changeset="99372301" timestamp="2021-02-16T10:39:30Z" user="HualinXMN" uid="11858592" lat="24.5366992" lon="118.1310465"/>
 <node id="8428512523" visible="true" version="1" changeset="99372301" timestamp="2021-02-16T10:39:30Z" user="HualinXMN" uid="11858592" lat="24.5366324" lon="118.1309143"/>
 <node id="8428512524" visible="true" version="1" changeset="99372301" timestamp="2021-02-16T10:39:30Z" user="HualinXMN" uid="11858592" lat="24.5363845" lon="118.1306091"/>
 <node id="8428512525" visible="true" version="1" changeset="99372301" timestamp="2021-02-16T10:39:30Z" user="HualinXMN" uid="11858592" lat="24.5363819" lon="118.1305491"/>
 <node id="8428512526" visible="true" version="1" changeset="99372301" timestamp="2021-02-16T10:39:30Z" user="HualinXMN" uid="11858592" lat="24.5364183" lon="118.1304948"/>
 <node id="8428512527" visible="true" version="1" changeset="99372301" timestamp="2021-02-16T10:39:30Z" user="HualinXMN" uid="11858592" lat="24.5366706" lon="118.1302661"/>
 <node id="8428613596" visible="true" version="1" changeset="99375037" timestamp="2021-02-16T11:09:55Z" user="HualinXMN" uid="11858592" lat="24.5343064" lon="118.1209029"/>
 <node id="8428613597" visible="true" version="1" changeset="99375037" timestamp="2021-02-16T11:09:55Z" user="HualinXMN" uid="11858592" lat="24.5343361" lon="118.1208670"/>
 <node id="8428613598" visible="true" version="1" changeset="99375037" timestamp="2021-02-16T11:09:55Z" user="HualinXMN" uid="11858592" lat="24.5340256" lon="118.1215388"/>
 <node id="8428613599" visible="true" version="1" changeset="99375037" timestamp="2021-02-16T11:09:55Z" user="HualinXMN" uid="11858592" lat="24.5346944" lon="118.1224797"/>
 <node id="8428613600" visible="true" version="1" changeset="99375037" timestamp="2021-02-16T11:09:55Z" user="HualinXMN" uid="11858592" lat="24.5345592" lon="118.1226193"/>
 <node id="8428613601" visible="true" version="1" changeset="99375037" timestamp="2021-02-16T11:09:55Z" user="HualinXMN" uid="11858592" lat="24.5344994" lon="118.1226324"/>
 <node id="8428613602" visible="true" version="1" changeset="99375037" timestamp="2021-02-16T11:09:55Z" user="HualinXMN" uid="11858592" lat="24.5341629" lon="118.1224146"/>
 <node id="8428613603" visible="true" version="1" changeset="99375037" timestamp="2021-02-16T11:09:55Z" user="HualinXMN" uid="11858592" lat="24.5336932" lon="118.1217800"/>
 <node id="8428613604" visible="true" version="1" changeset="99375037" timestamp="2021-02-16T11:09:55Z" user="HualinXMN" uid="11858592" lat="24.5336898" lon="118.1217255"/>
 <node id="8428613605" visible="true" version="1" changeset="99375037" timestamp="2021-02-16T11:09:55Z" user="HualinXMN" uid="11858592" lat="24.5339187" lon="118.1215547"/>
 <node id="8428613606" visible="true" version="1" changeset="99375037" timestamp="2021-02-16T11:09:55Z" user="HualinXMN" uid="11858592" lat="24.5339979" lon="118.1214960"/>
 <node id="8428613607" visible="true" version="1" changeset="99375037" timestamp="2021-02-16T11:09:55Z" user="HualinXMN" uid="11858592" lat="24.5346932" lon="118.1228818"/>
 <node id="8428613608" visible="true" version="1" changeset="99375037" timestamp="2021-02-16T11:09:55Z" user="HualinXMN" uid="11858592" lat="24.5362832" lon="118.1250637"/>
 <node id="8428613609" visible="true" version="1" changeset="99375037" timestamp="2021-02-16T11:09:55Z" user="HualinXMN" uid="11858592" lat="24.5358369" lon="118.1244586"/>
 <node id="8428613610" visible="true" version="1" changeset="99375037" timestamp="2021-02-16T11:09:55Z" user="HualinXMN" uid="11858592" lat="24.5353136" lon="118.1237390"/>
 <node id="8428613611" visible="true" version="1" changeset="99375037" timestamp="2021-02-16T11:09:55Z" user="HualinXMN" uid="11858592" lat="24.5348177" lon="118.1230329"/>
 <node id="8428613612" visible="true" version="1" changeset="99375037" timestamp="2021-02-16T11:09:55Z" user="HualinXMN" uid="11858592" lat="24.5359760" lon="118.1259421"/>
 <node id="8428613613" visible="true" version="1" changeset="99375037" timestamp="2021-02-16T11:09:55Z" user="HualinXMN" uid="11858592" lat="24.5359475" lon="118.1258561"/>
 <node id="8428613614" visible="true" version="1" changeset="99375037" timestamp="2021-02-16T11:09:55Z" user="HualinXMN" uid="11858592" lat="24.5353068" lon="118.1249337"/>
 <node id="8428613615" visible="true" version="1" changeset="99375037" timestamp="2021-02-16T11:09:55Z" user="HualinXMN" uid="11858592" lat="24.5358553" lon="118.1244835"/>
 <node id="8428613616" visible="true" version="1" changeset="99375037" timestamp="2021-02-16T11:09:55Z" user="HualinXMN" uid="11858592" lat="24.5347238" lon="118.1242381"/>
 <node id="8428613617" visible="true" version="1" changeset="99375037" timestamp="2021-02-16T11:09:55Z" user="HualinXMN" uid="11858592" lat="24.5351690" lon="118.1248610"/>
 <node id="8428613618" visible="true" version="1" changeset="99375037" timestamp="2021-02-16T11:09:55Z" user="HualinXMN" uid="11858592" lat="24.5341546" lon="118.1247136"/>
 <node id="8428613619" visible="true" version="1" changeset="99375037" timestamp="2021-02-16T11:09:55Z" user="HualinXMN" uid="11858592" lat="24.5346532" lon="118.1226268"/>
 <node id="8428613620" visible="true" version="1" changeset="99375037" timestamp="2021-02-16T11:09:55Z" user="HualinXMN" uid="11858592" lat="24.5344261" lon="118.1226801"/>
 <node id="8428613621" visible="true" version="1" changeset="99375037" timestamp="2021-02-16T11:09:55Z" user="HualinXMN" uid="11858592" lat="24.5346950" lon="118.1227711"/>
 <node id="8428613622" visible="true" version="1" changeset="99375037" timestamp="2021-02-16T11:09:55Z" user="HualinXMN" uid="11858592" lat="24.5347096" lon="118.1229568"/>
 <node id="8428613623" visible="true" version="1" changeset="99375037" timestamp="2021-02-16T11:09:55Z" user="HualinXMN" uid="11858592" lat="24.5345914" lon="118.1224599"/>
 <node id="8428613624" visible="true" version="1" changeset="99375037" timestamp="2021-02-16T11:09:55Z" user="HualinXMN" uid="11858592" lat="24.5342912" lon="118.1220288"/>
 <node id="8428613625" visible="true" version="1" changeset="99375037" timestamp="2021-02-16T11:09:55Z" user="HualinXMN" uid="11858592" lat="24.5339099" lon="118.1214854"/>
 <node id="8428613626" visible="true" version="1" changeset="99375037" timestamp="2021-02-16T11:09:55Z" user="HualinXMN" uid="11858592" lat="24.5352311" lon="118.1249030"/>
 <node id="8976230096" visible="true" version="1" changeset="109067178" timestamp="2021-08-03T06:12:47Z" user="Kirkepladsen" uid="10892567" lat="24.5414257" lon="118.1350033"/>
 <node id="8976230097" visible="true" version="1" changeset="109067178" timestamp="2021-08-03T06:12:47Z" user="Kirkepladsen" uid="10892567" lat="24.5424022" lon="118.1363477"/>
 <node id="8976230100" visible="true" version="1" changeset="109067178" timestamp="2021-08-03T06:12:47Z" user="Kirkepladsen" uid="10892567" lat="24.5413274" lon="118.1348689"/>
 <node id="8976230107" visible="true" version="1" changeset="109067178" timestamp="2021-08-03T06:12:47Z" user="Kirkepladsen" uid="10892567" lat="24.5426193" lon="118.1366524"/>
 <node id="8976230108" visible="true" version="1" changeset="109067178" timestamp="2021-08-03T06:12:47Z" user="Kirkepladsen" uid="10892567" lat="24.5428047" lon="118.1369130"/>
 <node id="8976230109" visible="true" version="1" changeset="109067178" timestamp="2021-08-03T06:12:47Z" user="Kirkepladsen" uid="10892567" lat="24.5424743" lon="118.1364483"/>
 <node id="8976230110" visible="true" version="1" changeset="109067178" timestamp="2021-08-03T06:12:47Z" user="Kirkepladsen" uid="10892567" lat="24.5420628" lon="118.1358741"/>
 <node id="8976230111" visible="true" version="1" changeset="109067178" timestamp="2021-08-03T06:12:47Z" user="Kirkepladsen" uid="10892567" lat="24.5418454" lon="118.1355807"/>
 <node id="8976230112" visible="true" version="1" changeset="109067178" timestamp="2021-08-03T06:12:47Z" user="Kirkepladsen" uid="10892567" lat="24.5416445" lon="118.1352870"/>
 <node id="8976230113" visible="true" version="1" changeset="109067178" timestamp="2021-08-03T06:12:47Z" user="Kirkepladsen" uid="10892567" lat="24.5416047" lon="118.1352363"/>
 <node id="8976230114" visible="true" version="1" changeset="109067178" timestamp="2021-08-03T06:12:47Z" user="Kirkepladsen" uid="10892567" lat="24.5408631" lon="118.1342057"/>
 <node id="8976230115" visible="true" version="1" changeset="109067178" timestamp="2021-08-03T06:12:47Z" user="Kirkepladsen" uid="10892567" lat="24.5406452" lon="118.1339165"/>
 <node id="8976230116" visible="true" version="1" changeset="109067178" timestamp="2021-08-03T06:12:47Z" user="Kirkepladsen" uid="10892567" lat="24.5404353" lon="118.1336323"/>
 <node id="8976231017" visible="true" version="1" changeset="109067178" timestamp="2021-08-03T06:12:47Z" user="Kirkepladsen" uid="10892567" lat="24.5398500" lon="118.1328334"/>
 <node id="8976231018" visible="true" version="1" changeset="109067178" timestamp="2021-08-03T06:12:47Z" user="Kirkepladsen" uid="10892567" lat="24.5394602" lon="118.1322772"/>
 <node id="8976231019" visible="true" version="1" changeset="109067178" timestamp="2021-08-03T06:12:47Z" user="Kirkepladsen" uid="10892567" lat="24.5394356" lon="118.1322461"/>
 <node id="8976231020" visible="true" version="1" changeset="109067178" timestamp="2021-08-03T06:12:47Z" user="Kirkepladsen" uid="10892567" lat="24.5392144" lon="118.1319416"/>
 <node id="8976231087" visible="true" version="1" changeset="109067178" timestamp="2021-08-03T06:12:47Z" user="Kirkepladsen" uid="10892567" lat="24.5353168" lon="118.1220388"/>
 <node id="8976231088" visible="true" version="1" changeset="109067178" timestamp="2021-08-03T06:12:47Z" user="Kirkepladsen" uid="10892567" lat="24.5348480" lon="118.1224264"/>
 <node id="8976231089" visible="true" version="1" changeset="109067178" timestamp="2021-08-03T06:12:47Z" user="Kirkepladsen" uid="10892567" lat="24.5348029" lon="118.1224304"/>
 <node id="8976231090" visible="true" version="1" changeset="109067178" timestamp="2021-08-03T06:12:47Z" user="Kirkepladsen" uid="10892567" lat="24.5347272" lon="118.1224184"/>
 <node id="8976231091" visible="true" version="1" changeset="109067178" timestamp="2021-08-03T06:12:47Z" user="Kirkepladsen" uid="10892567" lat="24.5344795" lon="118.1220938"/>
 <node id="8976231092" visible="true" version="1" changeset="109067178" timestamp="2021-08-03T06:12:47Z" user="Kirkepladsen" uid="10892567" lat="24.5350046" lon="118.1216074"/>
 <node id="8976231093" visible="true" version="1" changeset="109067178" timestamp="2021-08-03T06:12:47Z" user="Kirkepladsen" uid="10892567" lat="24.5356300" lon="118.1217724"/>
 <node id="8976231094" visible="true" version="1" changeset="109067178" timestamp="2021-08-03T06:12:47Z" user="Kirkepladsen" uid="10892567" lat="24.5353211" lon="118.1220446"/>
 <node id="8976231095" visible="true" version="1" changeset="109067178" timestamp="2021-08-03T06:12:47Z" user="Kirkepladsen" uid="10892567" lat="24.5346905" lon="118.1211735"/>
 <node id="8976231096" visible="true" version="1" changeset="109067178" timestamp="2021-08-03T06:12:47Z" user="Kirkepladsen" uid="10892567" lat="24.5350055" lon="118.1208922"/>
 <node id="8976231110" visible="true" version="1" changeset="109067178" timestamp="2021-08-03T06:12:47Z" user="Kirkepladsen" uid="10892567" lat="24.5326083" lon="118.1203511"/>
 <node id="8976231120" visible="true" version="1" changeset="109067178" timestamp="2021-08-03T06:12:47Z" user="Kirkepladsen" uid="10892567" lat="24.5327569" lon="118.1178761"/>
 <node id="8976231256" visible="true" version="1" changeset="109067178" timestamp="2021-08-03T06:12:47Z" user="Kirkepladsen" uid="10892567" lat="24.5457758" lon="118.1394553"/>
 <node id="8976231323" visible="true" version="2" changeset="109440996" timestamp="2021-08-10T06:15:17Z" user="Kirkepladsen" uid="10892567" lat="24.5367620" lon="118.1248697"/>
 <node id="8976231336" visible="true" version="1" changeset="109067178" timestamp="2021-08-03T06:12:47Z" user="Kirkepladsen" uid="10892567" lat="24.5353088" lon="118.1213189"/>
 <node id="8976231337" visible="true" version="1" changeset="109067178" timestamp="2021-08-03T06:12:47Z" user="Kirkepladsen" uid="10892567" lat="24.5401305" lon="118.1295034"/>
 <node id="8976231339" visible="true" version="1" changeset="109067178" timestamp="2021-08-03T06:12:47Z" user="Kirkepladsen" uid="10892567" lat="24.5426900" lon="118.1328937"/>
 <node id="8976231340" visible="true" version="1" changeset="109067178" timestamp="2021-08-03T06:12:47Z" user="Kirkepladsen" uid="10892567" lat="24.5425473" lon="118.1326228"/>
 <node id="8976231341" visible="true" version="1" changeset="109067178" timestamp="2021-08-03T06:12:47Z" user="Kirkepladsen" uid="10892567" lat="24.5424289" lon="118.1325115"/>
 <node id="8976231342" visible="true" version="1" changeset="109067178" timestamp="2021-08-03T06:12:47Z" user="Kirkepladsen" uid="10892567" lat="24.5423130" lon="118.1324632"/>
 <node id="8976231343" visible="true" version="1" changeset="109067178" timestamp="2021-08-03T06:12:47Z" user="Kirkepladsen" uid="10892567" lat="24.5422045" lon="118.1323479"/>
 <node id="8976231344" visible="true" version="1" changeset="109067178" timestamp="2021-08-03T06:12:47Z" user="Kirkepladsen" uid="10892567" lat="24.5416348" lon="118.1315258"/>
 <node id="8976231345" visible="true" version="1" changeset="109067178" timestamp="2021-08-03T06:12:47Z" user="Kirkepladsen" uid="10892567" lat="24.5412529" lon="118.1310323"/>
 <node id="8976231346" visible="true" version="1" changeset="109067178" timestamp="2021-08-03T06:12:47Z" user="Kirkepladsen" uid="10892567" lat="24.5408406" lon="118.1304603"/>
 <node id="8976231347" visible="true" version="2" changeset="109450340" timestamp="2021-08-10T09:05:01Z" user="Kirkepladsen" uid="10892567" lat="24.5402713" lon="118.1296121"/>
 <node id="8976231372" visible="true" version="1" changeset="109067178" timestamp="2021-08-03T06:12:47Z" user="Kirkepladsen" uid="10892567" lat="24.5400281" lon="118.1293961"/>
 <node id="8976231373" visible="true" version="1" changeset="109067178" timestamp="2021-08-03T06:12:47Z" user="Kirkepladsen" uid="10892567" lat="24.5357081" lon="118.1233820"/>
 <node id="8976231374" visible="true" version="1" changeset="109067178" timestamp="2021-08-03T06:12:47Z" user="Kirkepladsen" uid="10892567" lat="24.5356672" lon="118.1232606"/>
 <node id="8976231375" visible="true" version="1" changeset="109067178" timestamp="2021-08-03T06:12:47Z" user="Kirkepladsen" uid="10892567" lat="24.5356563" lon="118.1231352"/>
 <node id="8976231376" visible="true" version="1" changeset="109067178" timestamp="2021-08-03T06:12:47Z" user="Kirkepladsen" uid="10892567" lat="24.5356733" lon="118.1230038"/>
 <node id="8976231377" visible="true" version="1" changeset="109067178" timestamp="2021-08-03T06:12:47Z" user="Kirkepladsen" uid="10892567" lat="24.5359521" lon="118.1224532"/>
 <node id="8976231379" visible="true" version="1" changeset="109067178" timestamp="2021-08-03T06:12:47Z" user="Kirkepladsen" uid="10892567" lat="24.5359875" lon="118.1222688"/>
 <node id="8976231380" visible="true" version="2" changeset="109450340" timestamp="2021-08-10T09:05:01Z" user="Kirkepladsen" uid="10892567" lat="24.5359582" lon="118.1222038"/>
 <node id="8976231381" visible="true" version="1" changeset="109067178" timestamp="2021-08-03T06:12:47Z" user="Kirkepladsen" uid="10892567" lat="24.5342477" lon="118.1198260"/>
 <node id="8995080477" visible="true" version="1" changeset="109440996" timestamp="2021-08-10T06:15:17Z" user="Kirkepladsen" uid="10892567" lat="24.5386458" lon="118.1319121"/>
 <node id="8995080478" visible="true" version="1" changeset="109440996" timestamp="2021-08-10T06:15:17Z" user="Kirkepladsen" uid="10892567" lat="24.5385226" lon="118.1321816"/>
 <node id="8995080479" visible="true" version="1" changeset="109440996" timestamp="2021-08-10T06:15:17Z" user="Kirkepladsen" uid="10892567" lat="24.5384287" lon="118.1323023"/>
 <node id="8995080480" visible="true" version="1" changeset="109440996" timestamp="2021-08-10T06:15:17Z" user="Kirkepladsen" uid="10892567" lat="24.5374381" lon="118.1330962"/>
 <node id="8995080481" visible="true" version="1" changeset="109440996" timestamp="2021-08-10T06:15:17Z" user="Kirkepladsen" uid="10892567" lat="24.5374307" lon="118.1331432"/>
 <node id="8995080482" visible="true" version="1" changeset="109440996" timestamp="2021-08-10T06:15:17Z" user="Kirkepladsen" uid="10892567" lat="24.5374637" lon="118.1332183"/>
 <node id="8995080483" visible="true" version="1" changeset="109440996" timestamp="2021-08-10T06:15:17Z" user="Kirkepladsen" uid="10892567" lat="24.5394425" lon="118.1358938"/>
 <node id="8995080484" visible="true" version="1" changeset="109440996" timestamp="2021-08-10T06:15:17Z" user="Kirkepladsen" uid="10892567" lat="24.5394827" lon="118.1359488"/>
 <node id="8995080485" visible="true" version="1" changeset="109440996" timestamp="2021-08-10T06:15:17Z" user="Kirkepladsen" uid="10892567" lat="24.5397475" lon="118.1357194"/>
 <node id="8995080486" visible="true" version="1" changeset="109440996" timestamp="2021-08-10T06:15:17Z" user="Kirkepladsen" uid="10892567" lat="24.5400220" lon="118.1360856"/>
 <node id="8995080487" visible="true" version="1" changeset="109440996" timestamp="2021-08-10T06:15:17Z" user="Kirkepladsen" uid="10892567" lat="24.5397585" lon="118.1363256"/>
 <node id="8995080488" visible="true" version="1" changeset="109440996" timestamp="2021-08-10T06:15:17Z" user="Kirkepladsen" uid="10892567" lat="24.5407977" lon="118.1377422"/>
 <node id="8995080503" visible="true" version="1" changeset="109440996" timestamp="2021-08-10T06:15:17Z" user="Kirkepladsen" uid="10892567" lat="24.5331683" lon="118.1211625"/>
 <node id="8995080510" visible="true" version="1" changeset="109440996" timestamp="2021-08-10T06:15:17Z" user="Kirkepladsen" uid="10892567" lat="24.5327831" lon="118.1206044"/>
 <node id="8995080512" visible="true" version="1" changeset="109440996" timestamp="2021-08-10T06:15:17Z" user="Kirkepladsen" uid="10892567" lat="24.5376508" lon="118.1241254"/>
 <node id="8995080513" visible="true" version="1" changeset="109440996" timestamp="2021-08-10T06:15:17Z" user="Kirkepladsen" uid="10892567" lat="24.5432890" lon="118.1339546"/>
 <node id="8995080514" visible="true" version="3" changeset="132681457" timestamp="2023-02-17T15:04:57Z" user="Rudi_Z" uid="18335662" lat="24.5439752" lon="118.1330567"/>
 <node id="8995080515" visible="true" version="3" changeset="132681457" timestamp="2023-02-17T15:04:57Z" user="Rudi_Z" uid="18335662" lat="24.5439496" lon="118.1328421"/>
 <node id="8995080516" visible="true" version="2" changeset="109450340" timestamp="2021-08-10T09:05:01Z" user="Kirkepladsen" uid="10892567" lat="24.5438167" lon="118.1321487"/>
 <node id="8995105317" visible="true" version="2" changeset="109450340" timestamp="2021-08-10T09:05:01Z" user="Kirkepladsen" uid="10892567" lat="24.5438134" lon="118.1321312"/>
 <node id="8995105318" visible="true" version="1" changeset="109440996" timestamp="2021-08-10T06:15:17Z" user="Kirkepladsen" uid="10892567" lat="24.5438108" lon="118.1321172"/>
 <node id="8995105319" visible="true" version="2" changeset="109450340" timestamp="2021-08-10T09:05:01Z" user="Kirkepladsen" uid="10892567" lat="24.5413391" lon="118.1284303"/>
 <node id="8995105320" visible="true" version="2" changeset="109450340" timestamp="2021-08-10T09:05:01Z" user="Kirkepladsen" uid="10892567" lat="24.5409564" lon="118.1279041"/>
 <node id="8995105321" visible="true" version="1" changeset="109440996" timestamp="2021-08-10T06:15:17Z" user="Kirkepladsen" uid="10892567" lat="24.5365365" lon="118.1224827"/>
 <node id="8995105322" visible="true" version="1" changeset="109440996" timestamp="2021-08-10T06:15:17Z" user="Kirkepladsen" uid="10892567" lat="24.5364822" lon="118.1224660"/>
 <node id="8995105323" visible="true" version="2" changeset="109450340" timestamp="2021-08-10T09:05:01Z" user="Kirkepladsen" uid="10892567" lat="24.5359881" lon="118.1223634"/>
 <node id="8995511038" visible="true" version="1" changeset="109450340" timestamp="2021-08-10T09:05:01Z" user="Kirkepladsen" uid="10892567" lat="24.5378153" lon="118.1263295"/>
 <node id="8995511039" visible="true" version="1" changeset="109450340" timestamp="2021-08-10T09:05:01Z" user="Kirkepladsen" uid="10892567" lat="24.5387445" lon="118.1255326"/>
 <node id="8995511040" visible="true" version="1" changeset="109450340" timestamp="2021-08-10T09:05:01Z" user="Kirkepladsen" uid="10892567" lat="24.5387518" lon="118.1255255"/>
 <node id="8995511041" visible="true" version="1" changeset="109450340" timestamp="2021-08-10T09:05:01Z" user="Kirkepladsen" uid="10892567" lat="24.5390737" lon="118.1252581"/>
 <node id="8995511042" visible="true" version="1" changeset="109450340" timestamp="2021-08-10T09:05:01Z" user="Kirkepladsen" uid="10892567" lat="24.5411210" lon="118.1289121"/>
 <node id="8995511043" visible="true" version="1" changeset="109450340" timestamp="2021-08-10T09:05:01Z" user="Kirkepladsen" uid="10892567" lat="24.5411334" lon="118.1289037"/>
 <node id="8995511044" visible="true" version="1" changeset="109450340" timestamp="2021-08-10T09:05:01Z" user="Kirkepladsen" uid="10892567" lat="24.5368464" lon="118.1224143"/>
 <node id="8995511045" visible="true" version="1" changeset="109450340" timestamp="2021-08-10T09:05:01Z" user="Kirkepladsen" uid="10892567" lat="24.5367390" lon="118.1222507"/>
 <node id="8995511046" visible="true" version="2" changeset="133071871" timestamp="2023-02-27T06:06:30Z" user="Aaron_ZSAM" uid="18552639" lat="24.5366255" lon="118.1220869"/>
 <node id="8995511047" visible="true" version="1" changeset="109450340" timestamp="2021-08-10T09:05:01Z" user="Kirkepladsen" uid="10892567" lat="24.5363804" lon="118.1217386"/>
 <node id="8995511048" visible="true" version="1" changeset="109450340" timestamp="2021-08-10T09:05:01Z" user="Kirkepladsen" uid="10892567" lat="24.5361243" lon="118.1213879"/>
 <node id="8995511049" visible="true" version="1" changeset="109450340" timestamp="2021-08-10T09:05:01Z" user="Kirkepladsen" uid="10892567" lat="24.5358942" lon="118.1210813"/>
 <node id="8995511050" visible="true" version="1" changeset="109450340" timestamp="2021-08-10T09:05:01Z" user="Kirkepladsen" uid="10892567" lat="24.5358393" lon="118.1210539"/>
 <node id="8995511051" visible="true" version="1" changeset="109450340" timestamp="2021-08-10T09:05:01Z" user="Kirkepladsen" uid="10892567" lat="24.5358027" lon="118.1210478"/>
 <node id="8995511052" visible="true" version="1" changeset="109450340" timestamp="2021-08-10T09:05:01Z" user="Kirkepladsen" uid="10892567" lat="24.5357685" lon="118.1210558"/>
 <node id="8995511053" visible="true" version="1" changeset="109450340" timestamp="2021-08-10T09:05:01Z" user="Kirkepladsen" uid="10892567" lat="24.5357166" lon="118.1210753"/>
 <node id="8995511054" visible="true" version="1" changeset="109450340" timestamp="2021-08-10T09:05:01Z" user="Kirkepladsen" uid="10892567" lat="24.5356505" lon="118.1211269"/>
 <node id="8995511055" visible="true" version="1" changeset="109450340" timestamp="2021-08-10T09:05:01Z" user="Kirkepladsen" uid="10892567" lat="24.5356013" lon="118.1211747"/>
 <node id="8995511056" visible="true" version="1" changeset="109450340" timestamp="2021-08-10T09:05:01Z" user="Kirkepladsen" uid="10892567" lat="24.5353552" lon="118.1213844"/>
 <node id="8995511057" visible="true" version="1" changeset="109450340" timestamp="2021-08-10T09:05:01Z" user="Kirkepladsen" uid="10892567" lat="24.5368651" lon="118.1247887"/>
 <node id="8995511058" visible="true" version="1" changeset="109450340" timestamp="2021-08-10T09:05:01Z" user="Kirkepladsen" uid="10892567" lat="24.5376500" lon="118.1241178"/>
 <node id="8995511059" visible="true" version="1" changeset="109450340" timestamp="2021-08-10T09:05:01Z" user="Kirkepladsen" uid="10892567" lat="24.5376847" lon="118.1240825"/>
 <node id="8995511060" visible="true" version="1" changeset="109450340" timestamp="2021-08-10T09:05:01Z" user="Kirkepladsen" uid="10892567" lat="24.5377105" lon="118.1240606"/>
 <node id="8995511061" visible="true" version="1" changeset="109450340" timestamp="2021-08-10T09:05:01Z" user="Kirkepladsen" uid="10892567" lat="24.5377426" lon="118.1240350"/>
 <node id="8995511062" visible="true" version="1" changeset="109450340" timestamp="2021-08-10T09:05:01Z" user="Kirkepladsen" uid="10892567" lat="24.5380207" lon="118.1237942"/>
 <node id="8995511063" visible="true" version="1" changeset="109450340" timestamp="2021-08-10T09:05:01Z" user="Kirkepladsen" uid="10892567" lat="24.5438282" lon="118.1334946"/>
 <node id="8995511064" visible="true" version="1" changeset="109450340" timestamp="2021-08-10T09:05:01Z" user="Kirkepladsen" uid="10892567" lat="24.5438935" lon="118.1334127"/>
 <node id="8995511065" visible="true" version="1" changeset="109450340" timestamp="2021-08-10T09:05:01Z" user="Kirkepladsen" uid="10892567" lat="24.5439551" lon="118.1332941"/>
 <node id="8995511066" visible="true" version="1" changeset="109450340" timestamp="2021-08-10T09:05:01Z" user="Kirkepladsen" uid="10892567" lat="24.5439850" lon="118.1331573"/>
 <node id="8995511067" visible="true" version="1" changeset="109450340" timestamp="2021-08-10T09:05:01Z" user="Kirkepladsen" uid="10892567" lat="24.5437434" lon="118.1319509"/>
 <node id="8995511068" visible="true" version="1" changeset="109450340" timestamp="2021-08-10T09:05:01Z" user="Kirkepladsen" uid="10892567" lat="24.5438377" lon="118.1322416"/>
 <node id="8995511069" visible="true" version="1" changeset="109450340" timestamp="2021-08-10T09:05:01Z" user="Kirkepladsen" uid="10892567" lat="24.5437879" lon="118.1320415"/>
 <node id="8995511070" visible="true" version="1" changeset="109450340" timestamp="2021-08-10T09:05:01Z" user="Kirkepladsen" uid="10892567" lat="24.5436891" lon="118.1318685"/>
 <node id="8995511071" visible="true" version="1" changeset="109450340" timestamp="2021-08-10T09:05:01Z" user="Kirkepladsen" uid="10892567" lat="24.5434933" lon="118.1316055"/>
 <node id="8995511072" visible="true" version="1" changeset="109450340" timestamp="2021-08-10T09:05:01Z" user="Kirkepladsen" uid="10892567" lat="24.5432568" lon="118.1312727"/>
 <node id="8995511073" visible="true" version="1" changeset="109450340" timestamp="2021-08-10T09:05:01Z" user="Kirkepladsen" uid="10892567" lat="24.5430245" lon="118.1309398"/>
 <node id="8995511074" visible="true" version="1" changeset="109450340" timestamp="2021-08-10T09:05:01Z" user="Kirkepladsen" uid="10892567" lat="24.5427877" lon="118.1306040"/>
 <node id="8995511075" visible="true" version="1" changeset="109450340" timestamp="2021-08-10T09:05:01Z" user="Kirkepladsen" uid="10892567" lat="24.5425341" lon="118.1302668"/>
 <node id="8995511076" visible="true" version="1" changeset="109450340" timestamp="2021-08-10T09:05:01Z" user="Kirkepladsen" uid="10892567" lat="24.5423044" lon="118.1299235"/>
 <node id="8995511077" visible="true" version="1" changeset="109450340" timestamp="2021-08-10T09:05:01Z" user="Kirkepladsen" uid="10892567" lat="24.5420689" lon="118.1296043"/>
 <node id="8995511078" visible="true" version="1" changeset="109450340" timestamp="2021-08-10T09:05:01Z" user="Kirkepladsen" uid="10892567" lat="24.5418316" lon="118.1292739"/>
 <node id="8995511079" visible="true" version="2" changeset="132681457" timestamp="2023-02-17T15:04:57Z" user="Rudi_Z" uid="18335662" lat="24.5416093" lon="118.1289612"/>
 <node id="8995511080" visible="true" version="1" changeset="109450340" timestamp="2021-08-10T09:05:01Z" user="Kirkepladsen" uid="10892567" lat="24.5414798" lon="118.1287470"/>
 <node id="8995511081" visible="true" version="1" changeset="109450340" timestamp="2021-08-10T09:05:01Z" user="Kirkepladsen" uid="10892567" lat="24.5414347" lon="118.1286357"/>
 <node id="8995511082" visible="true" version="1" changeset="109450340" timestamp="2021-08-10T09:05:01Z" user="Kirkepladsen" uid="10892567" lat="24.5413969" lon="118.1285271"/>
 <node id="8995511083" visible="true" version="1" changeset="109450340" timestamp="2021-08-10T09:05:01Z" user="Kirkepladsen" uid="10892567" lat="24.5407014" lon="118.1275391"/>
 <node id="8995511084" visible="true" version="1" changeset="109450340" timestamp="2021-08-10T09:05:01Z" user="Kirkepladsen" uid="10892567" lat="24.5404525" lon="118.1271847"/>
 <node id="8995511085" visible="true" version="1" changeset="109450340" timestamp="2021-08-10T09:05:01Z" user="Kirkepladsen" uid="10892567" lat="24.5402017" lon="118.1268353"/>
 <node id="8995511086" visible="true" version="1" changeset="109450340" timestamp="2021-08-10T09:05:01Z" user="Kirkepladsen" uid="10892567" lat="24.5399514" lon="118.1264854"/>
 <node id="8995511087" visible="true" version="1" changeset="109450340" timestamp="2021-08-10T09:05:01Z" user="Kirkepladsen" uid="10892567" lat="24.5397020" lon="118.1261369"/>
 <node id="8995511088" visible="true" version="2" changeset="121065438" timestamp="2022-05-16T18:54:22Z" user="Airbus 350-900" uid="15443585" lat="24.5393239" lon="118.1256144"/>
 <node id="8995511089" visible="true" version="1" changeset="109450340" timestamp="2021-08-10T09:05:01Z" user="Kirkepladsen" uid="10892567" lat="24.5389478" lon="118.1250790"/>
 <node id="8995511090" visible="true" version="1" changeset="109450340" timestamp="2021-08-10T09:05:01Z" user="Kirkepladsen" uid="10892567" lat="24.5387061" lon="118.1247385"/>
 <node id="8995511091" visible="true" version="1" changeset="109450340" timestamp="2021-08-10T09:05:01Z" user="Kirkepladsen" uid="10892567" lat="24.5384471" lon="118.1243913"/>
 <node id="8995511092" visible="true" version="1" changeset="109450340" timestamp="2021-08-10T09:05:01Z" user="Kirkepladsen" uid="10892567" lat="24.5382030" lon="118.1240504"/>
 <node id="8995511093" visible="true" version="1" changeset="109450340" timestamp="2021-08-10T09:05:01Z" user="Kirkepladsen" uid="10892567" lat="24.5379562" lon="118.1237035"/>
 <node id="8995511094" visible="true" version="1" changeset="109450340" timestamp="2021-08-10T09:05:01Z" user="Kirkepladsen" uid="10892567" lat="24.5377144" lon="118.1233541"/>
 <node id="8995511095" visible="true" version="1" changeset="109450340" timestamp="2021-08-10T09:05:01Z" user="Kirkepladsen" uid="10892567" lat="24.5374712" lon="118.1230206"/>
 <node id="8995511096" visible="true" version="1" changeset="109450340" timestamp="2021-08-10T09:05:01Z" user="Kirkepladsen" uid="10892567" lat="24.5373075" lon="118.1227731"/>
 <node id="8995511097" visible="true" version="1" changeset="109450340" timestamp="2021-08-10T09:05:01Z" user="Kirkepladsen" uid="10892567" lat="24.5372325" lon="118.1227020"/>
 <node id="8995511098" visible="true" version="1" changeset="109450340" timestamp="2021-08-10T09:05:01Z" user="Kirkepladsen" uid="10892567" lat="24.5371697" lon="118.1226698"/>
 <node id="8995511099" visible="true" version="1" changeset="109450340" timestamp="2021-08-10T09:05:01Z" user="Kirkepladsen" uid="10892567" lat="24.5365607" lon="118.1225155"/>
 <node id="8995511100" visible="true" version="1" changeset="109450340" timestamp="2021-08-10T09:05:01Z" user="Kirkepladsen" uid="10892567" lat="24.5364752" lon="118.1224870"/>
 <node id="8995534186" visible="true" version="1" changeset="109451171" timestamp="2021-08-10T09:19:25Z" user="Kirkepladsen" uid="10892567" lat="24.5402189" lon="118.1333369"/>
 <node id="8995534187" visible="true" version="1" changeset="109451171" timestamp="2021-08-10T09:19:25Z" user="Kirkepladsen" uid="10892567" lat="24.5408613" lon="118.1320636"/>
 <node id="8995534188" visible="true" version="1" changeset="109451171" timestamp="2021-08-10T09:19:25Z" user="Kirkepladsen" uid="10892567" lat="24.5407857" lon="118.1320073"/>
 <node id="8995534189" visible="true" version="1" changeset="109451171" timestamp="2021-08-10T09:19:25Z" user="Kirkepladsen" uid="10892567" lat="24.5407332" lon="118.1320126"/>
 <node id="8995534194" visible="true" version="1" changeset="109451171" timestamp="2021-08-10T09:19:25Z" user="Kirkepladsen" uid="10892567" lat="24.5406722" lon="118.1320301"/>
 <node id="9745065699" visible="true" version="1" changeset="121065438" timestamp="2022-05-16T18:54:22Z" user="Airbus 350-900" uid="15443585" lat="24.5359289" lon="118.1205680"/>
 <node id="9745065700" visible="true" version="1" changeset="121065438" timestamp="2022-05-16T18:54:22Z" user="Airbus 350-900" uid="15443585" lat="24.5371025" lon="118.1221884"/>
 <node id="9745065701" visible="true" version="1" changeset="121065438" timestamp="2022-05-16T18:54:22Z" user="Airbus 350-900" uid="15443585" lat="24.5371386" lon="118.1222263"/>
 <node id="9745065702" visible="true" version="1" changeset="121065438" timestamp="2022-05-16T18:54:22Z" user="Airbus 350-900" uid="15443585" lat="24.5371994" lon="118.1222515"/>
 <node id="9745065703" visible="true" version="1" changeset="121065438" timestamp="2022-05-16T18:54:22Z" user="Airbus 350-900" uid="15443585" lat="24.5372503" lon="118.1222569"/>
 <node id="9745065704" visible="true" version="1" changeset="121065438" timestamp="2022-05-16T18:54:22Z" user="Airbus 350-900" uid="15443585" lat="24.5373011" lon="118.1222569"/>
 <node id="9745065705" visible="true" version="1" changeset="121065438" timestamp="2022-05-16T18:54:22Z" user="Airbus 350-900" uid="15443585" lat="24.5373569" lon="118.1222479"/>
 <node id="9745065706" visible="true" version="1" changeset="121065438" timestamp="2022-05-16T18:54:22Z" user="Airbus 350-900" uid="15443585" lat="24.5374078" lon="118.1222317"/>
 <node id="9745065707" visible="true" version="1" changeset="121065438" timestamp="2022-05-16T18:54:22Z" user="Airbus 350-900" uid="15443585" lat="24.5374515" lon="118.1222131"/>
 <node id="9745256921" visible="true" version="1" changeset="121065438" timestamp="2022-05-16T18:54:22Z" user="Airbus 350-900" uid="15443585" lat="24.5395884" lon="118.1252425"/>
 <node id="9875574852" visible="true" version="1" changeset="123385662" timestamp="2022-07-09T01:59:25Z" user="Lancelotance" uid="14251311" lat="24.5566291" lon="118.1409755"/>
 <node id="9882278710" visible="true" version="1" changeset="123496001" timestamp="2022-07-12T02:34:39Z" user="Lancelotance" uid="14251311" lat="24.5513457" lon="118.1356602"/>
 <node id="9882278725" visible="true" version="1" changeset="123496001" timestamp="2022-07-12T02:34:39Z" user="Lancelotance" uid="14251311" lat="24.5532658" lon="118.1436817"/>
 <node id="10673804319" visible="true" version="1" changeset="132681832" timestamp="2023-02-17T15:11:56Z" user="Rudi_Z" uid="18335662" lat="24.5447526" lon="118.1314098"/>
 <node id="10696318058" visible="true" version="1" changeset="133071871" timestamp="2023-02-27T06:06:30Z" user="Aaron_ZSAM" uid="18552639" lat="24.5371051" lon="118.1233388"/>
 <node id="10696318060" visible="true" version="1" changeset="133071871" timestamp="2023-02-27T06:06:30Z" user="Aaron_ZSAM" uid="18552639" lat="24.5364838" lon="118.1240273"/>
 <node id="10696318061" visible="true" version="1" changeset="133071871" timestamp="2023-02-27T06:06:30Z" user="Aaron_ZSAM" uid="18552639" lat="24.5372456" lon="118.1234237"/>
 <node id="10696318062" visible="true" version="1" changeset="133071871" timestamp="2023-02-27T06:06:30Z" user="Aaron_ZSAM" uid="18552639" lat="24.5372087" lon="118.1234785"/>
 <node id="10696318063" visible="true" version="1" changeset="133071871" timestamp="2023-02-27T06:06:30Z" user="Aaron_ZSAM" uid="18552639" lat="24.5371526" lon="118.1235496"/>
 <node id="10696318064" visible="true" version="1" changeset="133071871" timestamp="2023-02-27T06:06:30Z" user="Aaron_ZSAM" uid="18552639" lat="24.5370623" lon="118.1236126"/>
 <node id="10696318065" visible="true" version="1" changeset="133071871" timestamp="2023-02-27T06:06:30Z" user="Aaron_ZSAM" uid="18552639" lat="24.5369830" lon="118.1236354"/>
 <node id="11945097449" visible="true" version="1" changeset="152036846" timestamp="2024-05-30T13:46:09Z" user="Popolon" uid="27454" lat="24.5331360" lon="118.1283441"/>
 <node id="11945097450" visible="true" version="2" changeset="152152361" timestamp="2024-06-02T10:00:02Z" user="Popolon" uid="27454" lat="24.5330739" lon="118.1282230">
  <tag k="crossing" v="traffic_signals"/>
  <tag k="highway" v="crossing"/>
 </node>
 <node id="11945097455" visible="true" version="1" changeset="152036846" timestamp="2024-05-30T13:46:09Z" user="Popolon" uid="27454" lat="24.5358449" lon="118.1260355"/>
 <node id="11945097456" visible="true" version="1" changeset="152036846" timestamp="2024-05-30T13:46:09Z" user="Popolon" uid="27454" lat="24.5357667" lon="118.1260312"/>
 <node id="11945097457" visible="true" version="1" changeset="152036846" timestamp="2024-05-30T13:46:09Z" user="Popolon" uid="27454" lat="24.5349089" lon="118.1267847"/>
 <node id="11945097458" visible="true" version="1" changeset="152036846" timestamp="2024-05-30T13:46:09Z" user="Popolon" uid="27454" lat="24.5348304" lon="118.1269471"/>
 <node id="11945097459" visible="true" version="1" changeset="152036846" timestamp="2024-05-30T13:46:09Z" user="Popolon" uid="27454" lat="24.5345702" lon="118.1271736"/>
 <node id="11945097460" visible="true" version="1" changeset="152036846" timestamp="2024-05-30T13:46:09Z" user="Popolon" uid="27454" lat="24.5362395" lon="118.1294887"/>
 <node id="11945097461" visible="true" version="1" changeset="152036846" timestamp="2024-05-30T13:46:09Z" user="Popolon" uid="27454" lat="24.5365436" lon="118.1292783"/>
 <node id="11945097462" visible="true" version="1" changeset="152036846" timestamp="2024-05-30T13:46:09Z" user="Popolon" uid="27454" lat="24.5375353" lon="118.1285992"/>
 <node id="11945097463" visible="true" version="1" changeset="152036846" timestamp="2024-05-30T13:46:09Z" user="Popolon" uid="27454" lat="24.5375658" lon="118.1284213"/>
 <node id="11945097464" visible="true" version="1" changeset="152036846" timestamp="2024-05-30T13:46:09Z" user="Popolon" uid="27454" lat="24.5375731" lon="118.1285088"/>
 <node id="11945097465" visible="true" version="1" changeset="152036846" timestamp="2024-05-30T13:46:09Z" user="Popolon" uid="27454" lat="24.5349838" lon="118.1269275"/>
 <node id="11945097466" visible="true" version="1" changeset="152036846" timestamp="2024-05-30T13:46:09Z" user="Popolon" uid="27454" lat="24.5349463" lon="118.1268213"/>
 <node id="11945097467" visible="true" version="1" changeset="152036846" timestamp="2024-05-30T13:46:09Z" user="Popolon" uid="27454" lat="24.5354161" lon="118.1264274"/>
 <node id="11945097468" visible="true" version="1" changeset="152036846" timestamp="2024-05-30T13:46:09Z" user="Popolon" uid="27454" lat="24.5354355" lon="118.1265342"/>
 <node id="11945097469" visible="true" version="1" changeset="152036846" timestamp="2024-05-30T13:46:09Z" user="Popolon" uid="27454" lat="24.5355383" lon="118.1264114"/>
 <node id="11945097470" visible="true" version="1" changeset="152036846" timestamp="2024-05-30T13:46:09Z" user="Popolon" uid="27454" lat="24.5354708" lon="118.1264069"/>
 <node id="11945097471" visible="true" version="1" changeset="152036846" timestamp="2024-05-30T13:46:09Z" user="Popolon" uid="27454" lat="24.5355261" lon="118.1265042"/>
 <node id="11945097472" visible="true" version="1" changeset="152036846" timestamp="2024-05-30T13:46:09Z" user="Popolon" uid="27454" lat="24.5354808" lon="118.1265103"/>
 <node id="11945097473" visible="true" version="1" changeset="152036846" timestamp="2024-05-30T13:46:09Z" user="Popolon" uid="27454" lat="24.5349162" lon="118.1269459"/>
 <node id="11945097474" visible="true" version="1" changeset="152036846" timestamp="2024-05-30T13:46:09Z" user="Popolon" uid="27454" lat="24.5347725" lon="118.1269788"/>
 <node id="11945097475" visible="true" version="1" changeset="152036846" timestamp="2024-05-30T13:46:09Z" user="Popolon" uid="27454" lat="24.5358951" lon="118.1290316"/>
 <node id="11945097476" visible="true" version="1" changeset="152036846" timestamp="2024-05-30T13:46:09Z" user="Popolon" uid="27454" lat="24.5359961" lon="118.1289597"/>
 <node id="11945097477" visible="true" version="1" changeset="152036846" timestamp="2024-05-30T13:46:09Z" user="Popolon" uid="27454" lat="24.5362113" lon="118.1293071"/>
 <node id="11945097478" visible="true" version="1" changeset="152036846" timestamp="2024-05-30T13:46:09Z" user="Popolon" uid="27454" lat="24.5362007" lon="118.1294636"/>
 <node id="11945097479" visible="true" version="1" changeset="152036846" timestamp="2024-05-30T13:46:09Z" user="Popolon" uid="27454" lat="24.5352744" lon="118.1285341"/>
 <node id="11945097481" visible="true" version="2" changeset="152046958" timestamp="2024-05-30T17:21:46Z" user="Popolon" uid="27454" lat="24.5353565" lon="118.1284771"/>
 <node id="11945097482" visible="true" version="1" changeset="152036846" timestamp="2024-05-30T13:46:09Z" user="Popolon" uid="27454" lat="24.5354205" lon="118.1284050"/>
 <node id="11945097483" visible="true" version="1" changeset="152036846" timestamp="2024-05-30T13:46:09Z" user="Popolon" uid="27454" lat="24.5341825" lon="118.1271148"/>
 <node id="11945097484" visible="true" version="1" changeset="152036846" timestamp="2024-05-30T13:46:09Z" user="Popolon" uid="27454" lat="24.5342679" lon="118.1272248"/>
 <node id="11945097485" visible="true" version="2" changeset="152042116" timestamp="2024-05-30T15:41:00Z" user="Popolon" uid="27454" lat="24.5343220" lon="118.1273049"/>
 <node id="11945097486" visible="true" version="1" changeset="152036846" timestamp="2024-05-30T13:46:09Z" user="Popolon" uid="27454" lat="24.5331877" lon="118.1282652"/>
 <node id="11945097487" visible="true" version="2" changeset="152042116" timestamp="2024-05-30T15:41:00Z" user="Popolon" uid="27454" lat="24.5338458" lon="118.1276967"/>
 <node id="11945097488" visible="true" version="2" changeset="152042116" timestamp="2024-05-30T15:41:00Z" user="Popolon" uid="27454" lat="24.5342689" lon="118.1273431"/>
 <node id="11945097489" visible="true" version="2" changeset="152042116" timestamp="2024-05-30T15:41:00Z" user="Popolon" uid="27454" lat="24.5343599" lon="118.1273084"/>
 <node id="11945097490" visible="true" version="1" changeset="152036846" timestamp="2024-05-30T13:46:09Z" user="Popolon" uid="27454" lat="24.5344155" lon="118.1273339"/>
 <node id="11945097491" visible="true" version="1" changeset="152036846" timestamp="2024-05-30T13:46:09Z" user="Popolon" uid="27454" lat="24.5344745" lon="118.1273908"/>
 <node id="11945097492" visible="true" version="2" changeset="152046958" timestamp="2024-05-30T17:21:46Z" user="Popolon" uid="27454" lat="24.5349870" lon="118.1281407"/>
 <node id="11945097493" visible="true" version="1" changeset="152036846" timestamp="2024-05-30T13:46:09Z" user="Popolon" uid="27454" lat="24.5357234" lon="118.1291659"/>
 <node id="11945097494" visible="true" version="1" changeset="152036846" timestamp="2024-05-30T13:46:09Z" user="Popolon" uid="27454" lat="24.5360535" lon="118.1296177"/>
 <node id="11945097495" visible="true" version="1" changeset="152036846" timestamp="2024-05-30T13:46:09Z" user="Popolon" uid="27454" lat="24.5360834" lon="118.1296600"/>
 <node id="11945097496" visible="true" version="1" changeset="152036846" timestamp="2024-05-30T13:46:09Z" user="Popolon" uid="27454" lat="24.5361019" lon="118.1297015"/>
 <node id="11945097497" visible="true" version="1" changeset="152036846" timestamp="2024-05-30T13:46:09Z" user="Popolon" uid="27454" lat="24.5360973" lon="118.1297489"/>
 <node id="11945097498" visible="true" version="1" changeset="152036846" timestamp="2024-05-30T13:46:09Z" user="Popolon" uid="27454" lat="24.5360781" lon="118.1297620"/>
 <node id="11945097499" visible="true" version="1" changeset="152036846" timestamp="2024-05-30T13:46:09Z" user="Popolon" uid="27454" lat="24.5355796" lon="118.1301956"/>
 <node id="11945097500" visible="true" version="1" changeset="152036846" timestamp="2024-05-30T13:46:09Z" user="Popolon" uid="27454" lat="24.5362372" lon="118.1299886"/>
 <node id="11945298943" visible="true" version="1" changeset="152042116" timestamp="2024-05-30T15:41:00Z" user="Popolon" uid="27454" lat="24.5332026" lon="118.1284233"/>
 <node id="11945298944" visible="true" version="1" changeset="152042116" timestamp="2024-05-30T15:41:00Z" user="Popolon" uid="27454" lat="24.5341234" lon="118.1274686"/>
 <node id="11945298945" visible="true" version="1" changeset="152042116" timestamp="2024-05-30T15:41:00Z" user="Popolon" uid="27454" lat="24.5341967" lon="118.1276060"/>
 <node id="11945298946" visible="true" version="1" changeset="152042116" timestamp="2024-05-30T15:41:00Z" user="Popolon" uid="27454" lat="24.5342848" lon="118.1277593"/>
 <node id="11945298947" visible="true" version="1" changeset="152042116" timestamp="2024-05-30T15:41:00Z" user="Popolon" uid="27454" lat="24.5339475" lon="118.1278077"/>
 <node id="11945298950" visible="true" version="1" changeset="152042116" timestamp="2024-05-30T15:41:00Z" user="Popolon" uid="27454" lat="24.5339745" lon="118.1283099"/>
 <node id="11945298951" visible="true" version="1" changeset="152042116" timestamp="2024-05-30T15:41:00Z" user="Popolon" uid="27454" lat="24.5337173" lon="118.1282091"/>
 <node id="11945298952" visible="true" version="1" changeset="152042116" timestamp="2024-05-30T15:41:00Z" user="Popolon" uid="27454" lat="24.5338504" lon="118.1282723"/>
 <node id="11945298955" visible="true" version="1" changeset="152042116" timestamp="2024-05-30T15:41:00Z" user="Popolon" uid="27454" lat="24.5336310" lon="118.1284088"/>
 <node id="11945298956" visible="true" version="1" changeset="152042116" timestamp="2024-05-30T15:41:00Z" user="Popolon" uid="27454" lat="24.5337479" lon="118.1285264"/>
 <node id="11945298957" visible="true" version="1" changeset="152042116" timestamp="2024-05-30T15:41:00Z" user="Popolon" uid="27454" lat="24.5339341" lon="118.1286539"/>
 <node id="11945298958" visible="true" version="1" changeset="152042116" timestamp="2024-05-30T15:41:00Z" user="Popolon" uid="27454" lat="24.5340645" lon="118.1286895"/>
 <node id="11945298959" visible="true" version="1" changeset="152042116" timestamp="2024-05-30T15:41:00Z" user="Popolon" uid="27454" lat="24.5344116" lon="118.1287044"/>
 <node id="11945298960" visible="true" version="1" changeset="152042116" timestamp="2024-05-30T15:41:00Z" user="Popolon" uid="27454" lat="24.5339606" lon="118.1278578"/>
 <node id="11945298961" visible="true" version="1" changeset="152042116" timestamp="2024-05-30T15:41:00Z" user="Popolon" uid="27454" lat="24.5340607" lon="118.1279836"/>
 <node id="11945298962" visible="true" version="1" changeset="152042116" timestamp="2024-05-30T15:41:00Z" user="Popolon" uid="27454" lat="24.5342042" lon="118.1284345"/>
 <node id="11945298963" visible="true" version="1" changeset="152042116" timestamp="2024-05-30T15:41:00Z" user="Popolon" uid="27454" lat="24.5343262" lon="118.1286143"/>
 <node id="11945298964" visible="true" version="1" changeset="152042116" timestamp="2024-05-30T15:41:00Z" user="Popolon" uid="27454" lat="24.5346881" lon="118.1291301"/>
 <node id="11945298965" visible="true" version="1" changeset="152042116" timestamp="2024-05-30T15:41:00Z" user="Popolon" uid="27454" lat="24.5346720" lon="118.1289223"/>
 <node id="11945298966" visible="true" version="1" changeset="152042116" timestamp="2024-05-30T15:41:00Z" user="Popolon" uid="27454" lat="24.5346345" lon="118.1288471"/>
 <node id="11945298967" visible="true" version="1" changeset="152042116" timestamp="2024-05-30T15:41:00Z" user="Popolon" uid="27454" lat="24.5345366" lon="118.1287690"/>
 <node id="11945298968" visible="true" version="1" changeset="152042116" timestamp="2024-05-30T15:41:00Z" user="Popolon" uid="27454" lat="24.5333636" lon="118.1286998"/>
 <node id="11945318551" visible="true" version="1" changeset="152042179" timestamp="2024-05-30T15:42:29Z" user="Yueng" uid="21084396" lat="24.5358769" lon="118.1198382"/>
 <node id="11945318564" visible="true" version="1" changeset="152042179" timestamp="2024-05-30T15:42:29Z" user="Yueng" uid="21084396" lat="24.5362985" lon="118.1204165"/>
 <node id="11945318565" visible="true" version="1" changeset="152042179" timestamp="2024-05-30T15:42:29Z" user="Yueng" uid="21084396" lat="24.5373409" lon="118.1218792"/>
 <node id="11945318566" visible="true" version="1" changeset="152042179" timestamp="2024-05-30T15:42:29Z" user="Yueng" uid="21084396" lat="24.5373800" lon="118.1218570"/>
 <node id="11945318567" visible="true" version="1" changeset="152042179" timestamp="2024-05-30T15:42:29Z" user="Yueng" uid="21084396" lat="24.5374024" lon="118.1218971"/>
 <node id="11945318568" visible="true" version="1" changeset="152042179" timestamp="2024-05-30T15:42:29Z" user="Yueng" uid="21084396" lat="24.5374501" lon="118.1218416"/>
 <node id="11945323369" visible="true" version="1" changeset="152042116" timestamp="2024-05-30T15:41:00Z" user="Popolon" uid="27454" lat="24.5338288" lon="118.1287219"/>
 <node id="11945323370" visible="true" version="1" changeset="152042116" timestamp="2024-05-30T15:41:00Z" user="Popolon" uid="27454" lat="24.5340138" lon="118.1288353"/>
 <node id="11945323371" visible="true" version="1" changeset="152042116" timestamp="2024-05-30T15:41:00Z" user="Popolon" uid="27454" lat="24.5340688" lon="118.1288899"/>
 <node id="11945323372" visible="true" version="1" changeset="152042116" timestamp="2024-05-30T15:41:00Z" user="Popolon" uid="27454" lat="24.5342417" lon="118.1290991"/>
 <node id="11945323373" visible="true" version="1" changeset="152042116" timestamp="2024-05-30T15:41:00Z" user="Popolon" uid="27454" lat="24.5344059" lon="118.1292180"/>
 <node id="11945323374" visible="true" version="1" changeset="152042116" timestamp="2024-05-30T15:41:00Z" user="Popolon" uid="27454" lat="24.5336951" lon="118.1291639"/>
 <node id="11945323375" visible="true" version="1" changeset="152042116" timestamp="2024-05-30T15:41:00Z" user="Popolon" uid="27454" lat="24.5339699" lon="118.1291344"/>
 <node id="11945323376" visible="true" version="1" changeset="152042116" timestamp="2024-05-30T15:41:00Z" user="Popolon" uid="27454" lat="24.5346389" lon="118.1282149"/>
 <node id="11945323377" visible="true" version="1" changeset="152042116" timestamp="2024-05-30T15:41:00Z" user="Popolon" uid="27454" lat="24.5349030" lon="118.1286820"/>
 <node id="11945323378" visible="true" version="1" changeset="152042116" timestamp="2024-05-30T15:41:00Z" user="Popolon" uid="27454" lat="24.5350987" lon="118.1287852"/>
 <node id="11945323379" visible="true" version="1" changeset="152042116" timestamp="2024-05-30T15:41:00Z" user="Popolon" uid="27454" lat="24.5352569" lon="118.1288839"/>
 <node id="11945323380" visible="true" version="1" changeset="152042116" timestamp="2024-05-30T15:41:00Z" user="Popolon" uid="27454" lat="24.5354057" lon="118.1293334"/>
 <node id="11945323381" visible="true" version="1" changeset="152042116" timestamp="2024-05-30T15:41:00Z" user="Popolon" uid="27454" lat="24.5354995" lon="118.1294277"/>
 <node id="11945323382" visible="true" version="1" changeset="152042116" timestamp="2024-05-30T15:41:00Z" user="Popolon" uid="27454" lat="24.5356175" lon="118.1295677"/>
 <node id="11945323383" visible="true" version="1" changeset="152042116" timestamp="2024-05-30T15:41:00Z" user="Popolon" uid="27454" lat="24.5356376" lon="118.1296281"/>
 <node id="11945323384" visible="true" version="1" changeset="152042116" timestamp="2024-05-30T15:41:00Z" user="Popolon" uid="27454" lat="24.5356926" lon="118.1297814"/>
 <node id="11945323385" visible="true" version="1" changeset="152042116" timestamp="2024-05-30T15:41:00Z" user="Popolon" uid="27454" lat="24.5347637" lon="118.1279267"/>
 <node id="11945323386" visible="true" version="1" changeset="152042116" timestamp="2024-05-30T15:41:00Z" user="Popolon" uid="27454" lat="24.5346276" lon="118.1280519"/>
 <node id="11945323387" visible="true" version="1" changeset="152042116" timestamp="2024-05-30T15:41:00Z" user="Popolon" uid="27454" lat="24.5345655" lon="118.1281205"/>
 <node id="11945323388" visible="true" version="1" changeset="152042116" timestamp="2024-05-30T15:41:00Z" user="Popolon" uid="27454" lat="24.5344036" lon="118.1282463"/>
 <node id="11945323389" visible="true" version="1" changeset="152042116" timestamp="2024-05-30T15:41:00Z" user="Popolon" uid="27454" lat="24.5345233" lon="118.1281473"/>
 <node id="11945323390" visible="true" version="1" changeset="152042116" timestamp="2024-05-30T15:41:00Z" user="Popolon" uid="27454" lat="24.5343355" lon="118.1282849"/>
 <node id="11945323391" visible="true" version="1" changeset="152042116" timestamp="2024-05-30T15:41:00Z" user="Popolon" uid="27454" lat="24.5342719" lon="118.1283006"/>
 <node id="11945323392" visible="true" version="1" changeset="152042116" timestamp="2024-05-30T15:41:00Z" user="Popolon" uid="27454" lat="24.5341516" lon="118.1282694"/>
 <node id="11945323409" visible="true" version="1" changeset="152042116" timestamp="2024-05-30T15:41:00Z" user="Popolon" uid="27454" lat="24.5341730" lon="118.1278311"/>
 <node id="11945323410" visible="true" version="1" changeset="152042116" timestamp="2024-05-30T15:41:00Z" user="Popolon" uid="27454" lat="24.5340753" lon="118.1279216"/>
 <node id="11945323411" visible="true" version="1" changeset="152042116" timestamp="2024-05-30T15:41:00Z" user="Popolon" uid="27454" lat="24.5339919" lon="118.1278721"/>
 <node id="11945323412" visible="true" version="1" changeset="152042116" timestamp="2024-05-30T15:41:00Z" user="Popolon" uid="27454" lat="24.5339051" lon="118.1276862"/>
 <node id="11945323413" visible="true" version="1" changeset="152042116" timestamp="2024-05-30T15:41:00Z" user="Popolon" uid="27454" lat="24.5339787" lon="118.1276319"/>
 <node id="11945323414" visible="true" version="1" changeset="152042116" timestamp="2024-05-30T15:41:00Z" user="Popolon" uid="27454" lat="24.5341192" lon="118.1277538"/>
 <node id="11945323415" visible="true" version="1" changeset="152042116" timestamp="2024-05-30T15:41:00Z" user="Popolon" uid="27454" lat="24.5345903" lon="118.1278600"/>
 <node id="11945323416" visible="true" version="1" changeset="152042116" timestamp="2024-05-30T15:41:00Z" user="Popolon" uid="27454" lat="24.5346177" lon="118.1280387"/>
 <node id="11945323417" visible="true" version="1" changeset="152042116" timestamp="2024-05-30T15:41:00Z" user="Popolon" uid="27454" lat="24.5347352" lon="118.1279312"/>
 <node id="11945323418" visible="true" version="1" changeset="152042116" timestamp="2024-05-30T15:41:00Z" user="Popolon" uid="27454" lat="24.5345667" lon="118.1278890"/>
 <node id="11945323419" visible="true" version="1" changeset="152042116" timestamp="2024-05-30T15:41:00Z" user="Popolon" uid="27454" lat="24.5346089" lon="118.1276452"/>
 <node id="11945323420" visible="true" version="1" changeset="152042116" timestamp="2024-05-30T15:41:00Z" user="Popolon" uid="27454" lat="24.5345101" lon="118.1276500"/>
 <node id="11945323421" visible="true" version="1" changeset="152042116" timestamp="2024-05-30T15:41:00Z" user="Popolon" uid="27454" lat="24.5344739" lon="118.1276898"/>
 <node id="11945323422" visible="true" version="1" changeset="152042116" timestamp="2024-05-30T15:41:00Z" user="Popolon" uid="27454" lat="24.5345914" lon="118.1277924"/>
 <node id="11945323423" visible="true" version="1" changeset="152042116" timestamp="2024-05-30T15:41:00Z" user="Popolon" uid="27454" lat="24.5347023" lon="118.1278540"/>
 <node id="11945323424" visible="true" version="1" changeset="152042116" timestamp="2024-05-30T15:41:00Z" user="Popolon" uid="27454" lat="24.5347385" lon="118.1278178"/>
 <node id="11945323425" visible="true" version="1" changeset="152042116" timestamp="2024-05-30T15:41:00Z" user="Popolon" uid="27454" lat="24.5344959" lon="118.1274847"/>
 <node id="11945323426" visible="true" version="1" changeset="152042116" timestamp="2024-05-30T15:41:00Z" user="Popolon" uid="27454" lat="24.5344673" lon="118.1275909"/>
 <node id="11945323427" visible="true" version="1" changeset="152042116" timestamp="2024-05-30T15:41:00Z" user="Popolon" uid="27454" lat="24.5344124" lon="118.1276078"/>
 <node id="11945323428" visible="true" version="1" changeset="152042116" timestamp="2024-05-30T15:41:00Z" user="Popolon" uid="27454" lat="24.5343509" lon="118.1275728"/>
 <node id="11945323429" visible="true" version="1" changeset="152042116" timestamp="2024-05-30T15:41:00Z" user="Popolon" uid="27454" lat="24.5342345" lon="118.1274376"/>
 <node id="11945323430" visible="true" version="1" changeset="152042116" timestamp="2024-05-30T15:41:00Z" user="Popolon" uid="27454" lat="24.5343465" lon="118.1273410"/>
 <node id="11945323431" visible="true" version="1" changeset="152042116" timestamp="2024-05-30T15:41:00Z" user="Popolon" uid="27454" lat="24.5344377" lon="118.1273923"/>
 <node id="11945323432" visible="true" version="1" changeset="152042116" timestamp="2024-05-30T15:41:00Z" user="Popolon" uid="27454" lat="24.5333849" lon="118.1280949"/>
 <node id="11945323433" visible="true" version="1" changeset="152042116" timestamp="2024-05-30T15:41:00Z" user="Popolon" uid="27454" lat="24.5348773" lon="118.1279497"/>
 <node id="11945323434" visible="true" version="1" changeset="152042116" timestamp="2024-05-30T15:41:00Z" user="Popolon" uid="27454" lat="24.5360352" lon="118.1296231"/>
 <node id="11945323435" visible="true" version="1" changeset="152042116" timestamp="2024-05-30T15:41:00Z" user="Popolon" uid="27454" lat="24.5357292" lon="118.1291613"/>
 <node id="11945325569" visible="true" version="1" changeset="152042179" timestamp="2024-05-30T15:42:29Z" user="Yueng" uid="21084396" lat="24.5374865" lon="118.1218046"/>
 <node id="11945325570" visible="true" version="1" changeset="152042179" timestamp="2024-05-30T15:42:29Z" user="Yueng" uid="21084396" lat="24.5375005" lon="118.1217153"/>
 <node id="11945325571" visible="true" version="1" changeset="152042179" timestamp="2024-05-30T15:42:29Z" user="Yueng" uid="21084396" lat="24.5374781" lon="118.1216444"/>
 <node id="11945325572" visible="true" version="1" changeset="152042179" timestamp="2024-05-30T15:42:29Z" user="Yueng" uid="21084396" lat="24.5370801" lon="118.1210221"/>
 <node id="11945325573" visible="true" version="1" changeset="152042179" timestamp="2024-05-30T15:42:29Z" user="Yueng" uid="21084396" lat="24.5369680" lon="118.1208680"/>
 <node id="11945325574" visible="true" version="1" changeset="152042179" timestamp="2024-05-30T15:42:29Z" user="Yueng" uid="21084396" lat="24.5365392" lon="118.1203319"/>
 <node id="11945325575" visible="true" version="1" changeset="152042179" timestamp="2024-05-30T15:42:29Z" user="Yueng" uid="21084396" lat="24.5364607" lon="118.1202764"/>
 <node id="11945325576" visible="true" version="1" changeset="152042179" timestamp="2024-05-30T15:42:29Z" user="Yueng" uid="21084396" lat="24.5363822" lon="118.1202918"/>
 <node id="11945325577" visible="true" version="1" changeset="152042179" timestamp="2024-05-30T15:42:29Z" user="Yueng" uid="21084396" lat="24.5363149" lon="118.1203473"/>
 <node id="11945325578" visible="true" version="1" changeset="152042179" timestamp="2024-05-30T15:42:29Z" user="Yueng" uid="21084396" lat="24.5377190" lon="118.1224098"/>
 <node id="11945325579" visible="true" version="1" changeset="152042179" timestamp="2024-05-30T15:42:29Z" user="Yueng" uid="21084396" lat="24.5395562" lon="118.1250063"/>
 <node id="11945325580" visible="true" version="1" changeset="152042179" timestamp="2024-05-30T15:42:29Z" user="Yueng" uid="21084396" lat="24.5396260" lon="118.1250162"/>
 <node id="11945325581" visible="true" version="1" changeset="152042179" timestamp="2024-05-30T15:42:29Z" user="Yueng" uid="21084396" lat="24.5396897" lon="118.1249882"/>
 <node id="11945325582" visible="true" version="1" changeset="152042179" timestamp="2024-05-30T15:42:29Z" user="Yueng" uid="21084396" lat="24.5397279" lon="118.1248901"/>
 <node id="11945325583" visible="true" version="1" changeset="152042179" timestamp="2024-05-30T15:42:29Z" user="Yueng" uid="21084396" lat="24.5397152" lon="118.1248154"/>
 <node id="11945325584" visible="true" version="1" changeset="152042179" timestamp="2024-05-30T15:42:29Z" user="Yueng" uid="21084396" lat="24.5392351" lon="118.1240729"/>
 <node id="11945325585" visible="true" version="1" changeset="152042179" timestamp="2024-05-30T15:42:29Z" user="Yueng" uid="21084396" lat="24.5382623" lon="118.1227139"/>
 <node id="11945325586" visible="true" version="1" changeset="152042179" timestamp="2024-05-30T15:42:29Z" user="Yueng" uid="21084396" lat="24.5379012" lon="118.1222796"/>
 <node id="11945325587" visible="true" version="1" changeset="152042179" timestamp="2024-05-30T15:42:29Z" user="Yueng" uid="21084396" lat="24.5378614" lon="118.1222574"/>
 <node id="11945325588" visible="true" version="1" changeset="152042179" timestamp="2024-05-30T15:42:29Z" user="Yueng" uid="21084396" lat="24.5377975" lon="118.1222541"/>
 <node id="11945325589" visible="true" version="1" changeset="152042179" timestamp="2024-05-30T15:42:29Z" user="Yueng" uid="21084396" lat="24.5377464" lon="118.1222821"/>
 <node id="11945325590" visible="true" version="1" changeset="152042179" timestamp="2024-05-30T15:42:29Z" user="Yueng" uid="21084396" lat="24.5377067" lon="118.1223229"/>
 <node id="11945325591" visible="true" version="1" changeset="152042179" timestamp="2024-05-30T15:42:29Z" user="Yueng" uid="21084396" lat="24.5376839" lon="118.1223605"/>
 <node id="11945325592" visible="true" version="1" changeset="152042179" timestamp="2024-05-30T15:42:29Z" user="Yueng" uid="21084396" lat="24.5405931" lon="118.1259523"/>
 <node id="11945325593" visible="true" version="1" changeset="152042179" timestamp="2024-05-30T15:42:29Z" user="Yueng" uid="21084396" lat="24.5401752" lon="118.1254319"/>
 <node id="11945325594" visible="true" version="1" changeset="152042179" timestamp="2024-05-30T15:42:29Z" user="Yueng" uid="21084396" lat="24.5400975" lon="118.1253954"/>
 <node id="11945325595" visible="true" version="1" changeset="152042179" timestamp="2024-05-30T15:42:29Z" user="Yueng" uid="21084396" lat="24.5400199" lon="118.1253750"/>
 <node id="11945325596" visible="true" version="1" changeset="152042179" timestamp="2024-05-30T15:42:29Z" user="Yueng" uid="21084396" lat="24.5399459" lon="118.1253913"/>
 <node id="11945325597" visible="true" version="1" changeset="152042179" timestamp="2024-05-30T15:42:29Z" user="Yueng" uid="21084396" lat="24.5399222" lon="118.1255014"/>
 <node id="11945325598" visible="true" version="1" changeset="152042179" timestamp="2024-05-30T15:42:29Z" user="Yueng" uid="21084396" lat="24.5415696" lon="118.1278132"/>
 <node id="11945325599" visible="true" version="1" changeset="152042179" timestamp="2024-05-30T15:42:29Z" user="Yueng" uid="21084396" lat="24.5416545" lon="118.1278224"/>
 <node id="11945325600" visible="true" version="1" changeset="152042179" timestamp="2024-05-30T15:42:29Z" user="Yueng" uid="21084396" lat="24.5417099" lon="118.1277858"/>
 <node id="11945325601" visible="true" version="1" changeset="152042179" timestamp="2024-05-30T15:42:29Z" user="Yueng" uid="21084396" lat="24.5417432" lon="118.1277086"/>
 <node id="11945325602" visible="true" version="1" changeset="152042179" timestamp="2024-05-30T15:42:29Z" user="Yueng" uid="21084396" lat="24.5417321" lon="118.1276314"/>
 <node id="11945325603" visible="true" version="1" changeset="152042179" timestamp="2024-05-30T15:42:29Z" user="Yueng" uid="21084396" lat="24.5412920" lon="118.1269036"/>
 <node id="11945325604" visible="true" version="1" changeset="152042179" timestamp="2024-05-30T15:42:29Z" user="Yueng" uid="21084396" lat="24.5419707" lon="118.1283760"/>
 <node id="11945325617" visible="true" version="1" changeset="152042179" timestamp="2024-05-30T15:42:29Z" user="Yueng" uid="21084396" lat="24.5441111" lon="118.1313797"/>
 <node id="11945325618" visible="true" version="1" changeset="152042179" timestamp="2024-05-30T15:42:29Z" user="Yueng" uid="21084396" lat="24.5447398" lon="118.1322619"/>
 <node id="11945325630" visible="true" version="1" changeset="152042179" timestamp="2024-05-30T15:42:29Z" user="Yueng" uid="21084396" lat="24.5460555" lon="118.1341083"/>
 <node id="11945325649" visible="true" version="1" changeset="152042179" timestamp="2024-05-30T15:42:29Z" user="Yueng" uid="21084396" lat="24.5475840" lon="118.1363017"/>
 <node id="11945325650" visible="true" version="1" changeset="152042179" timestamp="2024-05-30T15:42:29Z" user="Yueng" uid="21084396" lat="24.5479011" lon="118.1367701"/>
 <node id="11945611039" visible="true" version="1" changeset="152046958" timestamp="2024-05-30T17:21:46Z" user="Popolon" uid="27454" lat="24.5349352" lon="118.1283178">
  <tag k="amenity" v="toilets"/>
  <tag k="layer" v="-1"/>
 </node>
 <node id="11945611040" visible="true" version="1" changeset="152046958" timestamp="2024-05-30T17:21:46Z" user="Popolon" uid="27454" lat="24.5349051" lon="118.1281971"/>
 <node id="11945611041" visible="true" version="1" changeset="152046958" timestamp="2024-05-30T17:21:46Z" user="Popolon" uid="27454" lat="24.5348241" lon="118.1282696"/>
 <node id="11945611042" visible="true" version="1" changeset="152046958" timestamp="2024-05-30T17:21:46Z" user="Popolon" uid="27454" lat="24.5348403" lon="118.1282870"/>
 <node id="11945611043" visible="true" version="1" changeset="152046958" timestamp="2024-05-30T17:21:46Z" user="Popolon" uid="27454" lat="24.5348906" lon="118.1282379"/>
 <node id="11945611044" visible="true" version="1" changeset="152046958" timestamp="2024-05-30T17:21:46Z" user="Popolon" uid="27454" lat="24.5348459" lon="118.1282412"/>
 <node id="11945611045" visible="true" version="1" changeset="152046958" timestamp="2024-05-30T17:21:46Z" user="Popolon" uid="27454" lat="24.5349692" lon="118.1283857"/>
 <node id="11945611046" visible="true" version="1" changeset="152046958" timestamp="2024-05-30T17:21:46Z" user="Popolon" uid="27454" lat="24.5348734" lon="118.1282156"/>
 <node id="11945611047" visible="true" version="1" changeset="152046958" timestamp="2024-05-30T17:21:46Z" user="Popolon" uid="27454" lat="24.5347203" lon="118.1283589"/>
 <node id="11945611048" visible="true" version="1" changeset="152046958" timestamp="2024-05-30T17:21:46Z" user="Popolon" uid="27454" lat="24.5348132" lon="118.1282718"/>
 <node id="11945611049" visible="true" version="1" changeset="152046958" timestamp="2024-05-30T17:21:46Z" user="Popolon" uid="27454" lat="24.5369039" lon="118.1294311"/>
 <node id="11945611050" visible="true" version="1" changeset="152046958" timestamp="2024-05-30T17:21:46Z" user="Popolon" uid="27454" lat="24.5367320" lon="118.1295805"/>
 <node id="11945611051" visible="true" version="1" changeset="152046958" timestamp="2024-05-30T17:21:46Z" user="Popolon" uid="27454" lat="24.5372535" lon="118.1300666"/>
 <node id="11945611052" visible="true" version="1" changeset="152046958" timestamp="2024-05-30T17:21:46Z" user="Popolon" uid="27454" lat="24.5350326" lon="118.1308511"/>
 <node id="11951588894" visible="true" version="1" changeset="152152094" timestamp="2024-06-02T09:52:43Z" user="Popolon" uid="27454" lat="24.5341809" lon="118.1274190"/>
 <node id="11951588895" visible="true" version="1" changeset="152152094" timestamp="2024-06-02T09:52:43Z" user="Popolon" uid="27454" lat="24.5343939" lon="118.1276597"/>
 <node id="11951588896" visible="true" version="1" changeset="152152094" timestamp="2024-06-02T09:52:43Z" user="Popolon" uid="27454" lat="24.5345194" lon="118.1278030"/>
 <node id="11951588897" visible="true" version="1" changeset="152152094" timestamp="2024-06-02T09:52:43Z" user="Popolon" uid="27454" lat="24.5346821" lon="118.1282540"/>
 <node id="11951588898" visible="true" version="1" changeset="152152094" timestamp="2024-06-02T09:52:43Z" user="Popolon" uid="27454" lat="24.5346991" lon="118.1287594"/>
 <node id="11951588899" visible="true" version="1" changeset="152152094" timestamp="2024-06-02T09:52:43Z" user="Popolon" uid="27454" lat="24.5346550" lon="118.1288882"/>
 <node id="11951588900" visible="true" version="1" changeset="152152094" timestamp="2024-06-02T09:52:43Z" user="Popolon" uid="27454" lat="24.5346989" lon="118.1287542"/>
 <node id="11951588901" visible="true" version="1" changeset="152152094" timestamp="2024-06-02T09:52:43Z" user="Popolon" uid="27454" lat="24.5348529" lon="118.1287603"/>
 <node id="11951588902" visible="true" version="1" changeset="152152094" timestamp="2024-06-02T09:52:43Z" user="Popolon" uid="27454" lat="24.5351588" lon="118.1288537"/>
 <node id="11951588903" visible="true" version="1" changeset="152152094" timestamp="2024-06-02T09:52:43Z" user="Popolon" uid="27454" lat="24.5352551" lon="118.1288297"/>
 <node id="11951588904" visible="true" version="1" changeset="152152094" timestamp="2024-06-02T09:52:43Z" user="Popolon" uid="27454" lat="24.5354372" lon="118.1288244"/>
 <node id="11951588905" visible="true" version="1" changeset="152152094" timestamp="2024-06-02T09:52:43Z" user="Popolon" uid="27454" lat="24.5354643" lon="118.1288013"/>
 <node id="11951588906" visible="true" version="1" changeset="152152094" timestamp="2024-06-02T09:52:43Z" user="Popolon" uid="27454" lat="24.5352869" lon="118.1288288"/>
 <node id="11951588907" visible="true" version="1" changeset="152152094" timestamp="2024-06-02T09:52:43Z" user="Popolon" uid="27454" lat="24.5354221" lon="118.1292647"/>
 <node id="11951588908" visible="true" version="1" changeset="152152094" timestamp="2024-06-02T09:52:43Z" user="Popolon" uid="27454" lat="24.5355526" lon="118.1294114"/>
 <node id="11951588909" visible="true" version="1" changeset="152152094" timestamp="2024-06-02T09:52:43Z" user="Popolon" uid="27454" lat="24.5359716" lon="118.1297720"/>
 <node id="11951588910" visible="true" version="1" changeset="152152094" timestamp="2024-06-02T09:52:43Z" user="Popolon" uid="27454" lat="24.5360909" lon="118.1292443"/>
 <node id="11951588911" visible="true" version="1" changeset="152152094" timestamp="2024-06-02T09:52:43Z" user="Popolon" uid="27454" lat="24.5352215" lon="118.1280203"/>
 <node id="11951588912" visible="true" version="1" changeset="152152094" timestamp="2024-06-02T09:52:43Z" user="Popolon" uid="27454" lat="24.5351789" lon="118.1279554"/>
 <node id="11951588913" visible="true" version="1" changeset="152152094" timestamp="2024-06-02T09:52:43Z" user="Popolon" uid="27454" lat="24.5349120" lon="118.1275745"/>
 <node id="11951588914" visible="true" version="1" changeset="152152094" timestamp="2024-06-02T09:52:43Z" user="Popolon" uid="27454" lat="24.5347859" lon="118.1275300"/>
 <node id="11951588915" visible="true" version="1" changeset="152152094" timestamp="2024-06-02T09:52:43Z" user="Popolon" uid="27454" lat="24.5371028" lon="118.1285779"/>
 <node id="11951588916" visible="true" version="1" changeset="152152094" timestamp="2024-06-02T09:52:43Z" user="Popolon" uid="27454" lat="24.5344216" lon="118.1239626"/>
 <node id="11951588917" visible="true" version="1" changeset="152152094" timestamp="2024-06-02T09:52:43Z" user="Popolon" uid="27454" lat="24.5345338" lon="118.1241828"/>
 <node id="11951588918" visible="true" version="1" changeset="152152094" timestamp="2024-06-02T09:52:43Z" user="Popolon" uid="27454" lat="24.5342478" lon="118.1244467"/>
 <node id="11951588919" visible="true" version="1" changeset="152152094" timestamp="2024-06-02T09:52:43Z" user="Popolon" uid="27454" lat="24.5340656" lon="118.1241748"/>
 <node id="11951588920" visible="true" version="1" changeset="152152094" timestamp="2024-06-02T09:52:43Z" user="Popolon" uid="27454" lat="24.5346593" lon="118.1240754"/>
 <node id="11951588921" visible="true" version="1" changeset="152152094" timestamp="2024-06-02T09:52:43Z" user="Popolon" uid="27454" lat="24.5350719" lon="118.1237305"/>
 <node id="11951588922" visible="true" version="1" changeset="152152094" timestamp="2024-06-02T09:52:43Z" user="Popolon" uid="27454" lat="24.5348994" lon="118.1235541"/>
 <node id="11951588923" visible="true" version="1" changeset="152152094" timestamp="2024-06-02T09:52:43Z" user="Popolon" uid="27454" lat="24.5348028" lon="118.1234042"/>
 <node id="11951588924" visible="true" version="1" changeset="152152094" timestamp="2024-06-02T09:52:43Z" user="Popolon" uid="27454" lat="24.5347160" lon="118.1232411"/>
 <node id="11951588925" visible="true" version="1" changeset="152152094" timestamp="2024-06-02T09:52:43Z" user="Popolon" uid="27454" lat="24.5339884" lon="118.1238300"/>
 <node id="11951588926" visible="true" version="1" changeset="152152094" timestamp="2024-06-02T09:52:43Z" user="Popolon" uid="27454" lat="24.5340101" lon="118.1239480"/>
 <node id="11951588927" visible="true" version="1" changeset="152152094" timestamp="2024-06-02T09:52:43Z" user="Popolon" uid="27454" lat="24.5345174" lon="118.1239135"/>
 <node id="11951588928" visible="true" version="1" changeset="152152094" timestamp="2024-06-02T09:52:43Z" user="Popolon" uid="27454" lat="24.5344093" lon="118.1241516">
  <tag k="tourism" v="gallery"/>
 </node>
 <node id="11951588929" visible="true" version="1" changeset="152152094" timestamp="2024-06-02T09:52:43Z" user="Popolon" uid="27454" lat="24.5352387" lon="118.1239589"/>
 <node id="11951588930" visible="true" version="1" changeset="152152094" timestamp="2024-06-02T09:52:43Z" user="Popolon" uid="27454" lat="24.5356511" lon="118.1245677"/>
 <node id="11951588931" visible="true" version="1" changeset="152152094" timestamp="2024-06-02T09:52:43Z" user="Popolon" uid="27454" lat="24.5352829" lon="118.1248625"/>
 <node id="11951588932" visible="true" version="1" changeset="152152094" timestamp="2024-06-02T09:52:43Z" user="Popolon" uid="27454" lat="24.5351297" lon="118.1246795"/>
 <node id="11951588933" visible="true" version="1" changeset="152152094" timestamp="2024-06-02T09:52:43Z" user="Popolon" uid="27454" lat="24.5351709" lon="118.1246325"/>
 <node id="11951588934" visible="true" version="1" changeset="152152094" timestamp="2024-06-02T09:52:43Z" user="Popolon" uid="27454" lat="24.5350486" lon="118.1244835"/>
 <node id="11951588935" visible="true" version="1" changeset="152152094" timestamp="2024-06-02T09:52:43Z" user="Popolon" uid="27454" lat="24.5350044" lon="118.1245224"/>
 <node id="11951588936" visible="true" version="1" changeset="152152094" timestamp="2024-06-02T09:52:43Z" user="Popolon" uid="27454" lat="24.5348777" lon="118.1243329"/>
 <node id="11951588937" visible="true" version="1" changeset="152152094" timestamp="2024-06-02T09:52:43Z" user="Popolon" uid="27454" lat="24.5348822" lon="118.1242163"/>
 <node id="11951588938" visible="true" version="1" changeset="152152094" timestamp="2024-06-02T09:52:43Z" user="Popolon" uid="27454" lat="24.5351341" lon="118.1245078">
  <tag k="tourism" v="gallery"/>
 </node>
 <node id="11951588939" visible="true" version="1" changeset="152152094" timestamp="2024-06-02T09:52:43Z" user="Popolon" uid="27454" lat="24.5346265" lon="118.1244705"/>
 <node id="11951588940" visible="true" version="1" changeset="152152094" timestamp="2024-06-02T09:52:43Z" user="Popolon" uid="27454" lat="24.5346809" lon="118.1245411"/>
 <node id="11951588941" visible="true" version="1" changeset="152152094" timestamp="2024-06-02T09:52:43Z" user="Popolon" uid="27454" lat="24.5347234" lon="118.1245433"/>
 <node id="11951588942" visible="true" version="1" changeset="152152094" timestamp="2024-06-02T09:52:43Z" user="Popolon" uid="27454" lat="24.5355159" lon="118.1257176"/>
 <node id="11951588943" visible="true" version="1" changeset="152152094" timestamp="2024-06-02T09:52:43Z" user="Popolon" uid="27454" lat="24.5353341" lon="118.1259185"/>
 <node id="11951588944" visible="true" version="1" changeset="152152094" timestamp="2024-06-02T09:52:43Z" user="Popolon" uid="27454" lat="24.5351374" lon="118.1260206"/>
 <node id="11951588945" visible="true" version="1" changeset="152152094" timestamp="2024-06-02T09:52:43Z" user="Popolon" uid="27454" lat="24.5349526" lon="118.1257045"/>
 <node id="11951588946" visible="true" version="1" changeset="152152094" timestamp="2024-06-02T09:52:43Z" user="Popolon" uid="27454" lat="24.5347273" lon="118.1253439"/>
 <node id="11951588947" visible="true" version="1" changeset="152152094" timestamp="2024-06-02T09:52:43Z" user="Popolon" uid="27454" lat="24.5347669" lon="118.1253178"/>
 <node id="11951588948" visible="true" version="1" changeset="152152094" timestamp="2024-06-02T09:52:43Z" user="Popolon" uid="27454" lat="24.5346730" lon="118.1251255"/>
 <node id="11951588949" visible="true" version="1" changeset="152152094" timestamp="2024-06-02T09:52:43Z" user="Popolon" uid="27454" lat="24.5343567" lon="118.1246541"/>
 <node id="11951588950" visible="true" version="1" changeset="152152094" timestamp="2024-06-02T09:52:43Z" user="Popolon" uid="27454" lat="24.5348017" lon="118.1247537">
  <tag k="tourism" v="gallery"/>
 </node>
 <node id="11951588951" visible="true" version="1" changeset="152152094" timestamp="2024-06-02T09:52:43Z" user="Popolon" uid="27454" lat="24.5321947" lon="118.1198575">
  <tag k="crossing" v="uncontrolled"/>
  <tag k="crossing:markings" v="yes"/>
  <tag k="highway" v="crossing"/>
 </node>
 <node id="11951588953" visible="true" version="1" changeset="152152094" timestamp="2024-06-02T09:52:43Z" user="Popolon" uid="27454" lat="24.5324047" lon="118.1201646">
  <tag k="crossing" v="uncontrolled"/>
  <tag k="crossing:markings" v="yes"/>
  <tag k="highway" v="crossing"/>
 </node>
 <node id="11951588954" visible="true" version="1" changeset="152152094" timestamp="2024-06-02T09:52:43Z" user="Popolon" uid="27454" lat="24.5324518" lon="118.1201235">
  <tag k="crossing" v="uncontrolled"/>
  <tag k="crossing:markings" v="yes"/>
  <tag k="highway" v="crossing"/>
 </node>
 <node id="12059343378" visible="true" version="1" changeset="154059819" timestamp="2024-07-17T13:56:55Z" user="samsung galaxy s6" uid="3691120" lat="24.5335623" lon="118.1266664"/>
 <node id="12059343379" visible="true" version="1" changeset="154059819" timestamp="2024-07-17T13:56:55Z" user="samsung galaxy s6" uid="3691120" lat="24.5326985" lon="118.1254165"/>
 <node id="12059343380" visible="true" version="1" changeset="154059819" timestamp="2024-07-17T13:56:55Z" user="samsung galaxy s6" uid="3691120" lat="24.5330719" lon="118.1251295"/>
 <node id="12059343381" visible="true" version="1" changeset="154059819" timestamp="2024-07-17T13:56:55Z" user="samsung galaxy s6" uid="3691120" lat="24.5332109" lon="118.1251590"/>
 <node id="12059343382" visible="true" version="1" changeset="154059819" timestamp="2024-07-17T13:56:55Z" user="samsung galaxy s6" uid="3691120" lat="24.5335452" lon="118.1248827"/>
 <node id="12059343383" visible="true" version="1" changeset="154059819" timestamp="2024-07-17T13:56:55Z" user="samsung galaxy s6" uid="3691120" lat="24.5336331" lon="118.1249069"/>
 <node id="12059343384" visible="true" version="1" changeset="154059819" timestamp="2024-07-17T13:56:55Z" user="samsung galaxy s6" uid="3691120" lat="24.5331207" lon="118.1251662"/>
 <node id="12059343385" visible="true" version="1" changeset="154059819" timestamp="2024-07-17T13:56:55Z" user="samsung galaxy s6" uid="3691120" lat="24.5343588" lon="118.1259891"/>
 <node id="12310636355" visible="true" version="1" changeset="158722240" timestamp="2024-11-04T00:36:03Z" user="user_18306654" uid="18306654" lat="24.5399802" lon="118.1295276"/>
 <node id="12310636356" visible="true" version="1" changeset="158722240" timestamp="2024-11-04T00:36:03Z" user="user_18306654" uid="18306654" lat="24.5399186" lon="118.1294461"/>
 <node id="12310636357" visible="true" version="1" changeset="158722240" timestamp="2024-11-04T00:36:03Z" user="user_18306654" uid="18306654" lat="24.5399760" lon="118.1293995"/>
 <node id="12310636358" visible="true" version="1" changeset="158722240" timestamp="2024-11-04T00:36:03Z" user="user_18306654" uid="18306654" lat="24.5400727" lon="118.1293995"/>
 <node id="12310636359" visible="true" version="1" changeset="158722240" timestamp="2024-11-04T00:36:03Z" user="user_18306654" uid="18306654" lat="24.5401364" lon="118.1294575"/>
 <node id="12310636360" visible="true" version="1" changeset="158722240" timestamp="2024-11-04T00:36:03Z" user="user_18306654" uid="18306654" lat="24.5402001" lon="118.1294961"/>
 <node id="12310636361" visible="true" version="1" changeset="158722240" timestamp="2024-11-04T00:36:03Z" user="user_18306654" uid="18306654" lat="24.5402441" lon="118.1295009"/>
 <node id="12310636362" visible="true" version="1" changeset="158722240" timestamp="2024-11-04T00:36:03Z" user="user_18306654" uid="18306654" lat="24.5403034" lon="118.1294695"/>
 <node id="12310636363" visible="true" version="1" changeset="158722240" timestamp="2024-11-04T00:36:03Z" user="user_18306654" uid="18306654" lat="24.5403605" lon="118.1293101"/>
 <node id="12310636364" visible="true" version="1" changeset="158722240" timestamp="2024-11-04T00:36:03Z" user="user_18306654" uid="18306654" lat="24.5401803" lon="118.1292981"/>
 <node id="12310636365" visible="true" version="1" changeset="158722240" timestamp="2024-11-04T00:36:03Z" user="user_18306654" uid="18306654" lat="24.5398761" lon="118.1287460"/>
 <node id="12310636366" visible="true" version="1" changeset="158722240" timestamp="2024-11-04T00:36:03Z" user="user_18306654" uid="18306654" lat="24.5398524" lon="118.1289623"/>
 <node id="12310636367" visible="true" version="1" changeset="158722240" timestamp="2024-11-04T00:36:03Z" user="user_18306654" uid="18306654" lat="24.5396656" lon="118.1291264"/>
 <node id="12310636368" visible="true" version="1" changeset="158722240" timestamp="2024-11-04T00:36:03Z" user="user_18306654" uid="18306654" lat="24.5395436" lon="118.1282178"/>
 <node id="12310636369" visible="true" version="1" changeset="158722240" timestamp="2024-11-04T00:36:03Z" user="user_18306654" uid="18306654" lat="24.5395555" lon="118.1285475"/>
 <node id="12310636370" visible="true" version="1" changeset="158722240" timestamp="2024-11-04T00:36:03Z" user="user_18306654" uid="18306654" lat="24.5393607" lon="118.1287084"/>
 <node id="12310636371" visible="true" version="1" changeset="158722240" timestamp="2024-11-04T00:36:03Z" user="user_18306654" uid="18306654" lat="24.5392413" lon="118.1277812"/>
 <node id="12310636372" visible="true" version="1" changeset="158722240" timestamp="2024-11-04T00:36:03Z" user="user_18306654" uid="18306654" lat="24.5392384" lon="118.1281045"/>
 <node id="12310636373" visible="true" version="1" changeset="158722240" timestamp="2024-11-04T00:36:03Z" user="user_18306654" uid="18306654" lat="24.5390382" lon="118.1282727"/>
 <node id="12310636374" visible="true" version="1" changeset="158722240" timestamp="2024-11-04T00:36:03Z" user="user_18306654" uid="18306654" lat="24.5389041" lon="118.1273486"/>
 <node id="12310636375" visible="true" version="1" changeset="158722240" timestamp="2024-11-04T00:36:03Z" user="user_18306654" uid="18306654" lat="24.5389144" lon="118.1276518"/>
 <node id="12310636376" visible="true" version="1" changeset="158722240" timestamp="2024-11-04T00:36:03Z" user="user_18306654" uid="18306654" lat="24.5387240" lon="118.1278183"/>
 <node id="12310636377" visible="true" version="1" changeset="158722240" timestamp="2024-11-04T00:36:03Z" user="user_18306654" uid="18306654" lat="24.5386060" lon="118.1269932"/>
 <node id="12310636378" visible="true" version="1" changeset="158722240" timestamp="2024-11-04T00:36:03Z" user="user_18306654" uid="18306654" lat="24.5386012" lon="118.1272142"/>
 <node id="12310636379" visible="true" version="1" changeset="158722240" timestamp="2024-11-04T00:36:03Z" user="user_18306654" uid="18306654" lat="24.5384103" lon="118.1273798"/>
 <node id="12310636380" visible="true" version="1" changeset="158722240" timestamp="2024-11-04T00:36:03Z" user="user_18306654" uid="18306654" lat="24.5383466" lon="118.1265912"/>
 <node id="12310636381" visible="true" version="1" changeset="158722240" timestamp="2024-11-04T00:36:03Z" user="user_18306654" uid="18306654" lat="24.5382454" lon="118.1265133"/>
 <node id="12310636382" visible="true" version="1" changeset="158722240" timestamp="2024-11-04T00:36:03Z" user="user_18306654" uid="18306654" lat="24.5381560" lon="118.1266718"/>
 <node id="12310636383" visible="true" version="1" changeset="158722240" timestamp="2024-11-04T00:36:03Z" user="user_18306654" uid="18306654" lat="24.5381853" lon="118.1267262"/>
 <node id="12310636384" visible="true" version="1" changeset="158722240" timestamp="2024-11-04T00:36:03Z" user="user_18306654" uid="18306654" lat="24.5378475" lon="118.1259214"/>
 <node id="12310636385" visible="true" version="1" changeset="158722240" timestamp="2024-11-04T00:36:03Z" user="user_18306654" uid="18306654" lat="24.5378203" lon="118.1261232"/>
 <node id="12310636386" visible="true" version="1" changeset="158722240" timestamp="2024-11-04T00:36:03Z" user="user_18306654" uid="18306654" lat="24.5376261" lon="118.1262930"/>
 <node id="12310636387" visible="true" version="1" changeset="158722240" timestamp="2024-11-04T00:36:03Z" user="user_18306654" uid="18306654" lat="24.5374531" lon="118.1253060"/>
 <node id="12310636388" visible="true" version="1" changeset="158722240" timestamp="2024-11-04T00:36:03Z" user="user_18306654" uid="18306654" lat="24.5374489" lon="118.1256043"/>
 <node id="12310636389" visible="true" version="1" changeset="158722240" timestamp="2024-11-04T00:36:03Z" user="user_18306654" uid="18306654" lat="24.5372604" lon="118.1257816"/>
 <node id="12310636390" visible="true" version="1" changeset="158722240" timestamp="2024-11-04T00:36:03Z" user="user_18306654" uid="18306654" lat="24.5371293" lon="118.1251579"/>
 <node id="12310636391" visible="true" version="1" changeset="158722240" timestamp="2024-11-04T00:36:03Z" user="user_18306654" uid="18306654" lat="24.5369313" lon="118.1253436"/>
 <node id="12310636392" visible="true" version="1" changeset="158722240" timestamp="2024-11-04T00:36:03Z" user="user_18306654" uid="18306654" lat="24.5368482" lon="118.1244079"/>
 <node id="12310636393" visible="true" version="1" changeset="158722240" timestamp="2024-11-04T00:36:03Z" user="user_18306654" uid="18306654" lat="24.5368146" lon="118.1247181"/>
 <node id="12310636394" visible="true" version="1" changeset="158722240" timestamp="2024-11-04T00:36:03Z" user="user_18306654" uid="18306654" lat="24.5365255" lon="118.1240897"/>
 <node id="12310636395" visible="true" version="1" changeset="158722240" timestamp="2024-11-04T00:36:03Z" user="user_18306654" uid="18306654" lat="24.5365129" lon="118.1242966"/>
 <node id="12310636396" visible="true" version="1" changeset="158722240" timestamp="2024-11-04T00:36:03Z" user="user_18306654" uid="18306654" lat="24.5363298" lon="118.1244807"/>
 <node id="12310636397" visible="true" version="1" changeset="158722240" timestamp="2024-11-04T00:36:03Z" user="user_18306654" uid="18306654" lat="24.5362043" lon="118.1238137"/>
 <node id="12310636398" visible="true" version="1" changeset="158722240" timestamp="2024-11-04T00:36:03Z" user="user_18306654" uid="18306654" lat="24.5362451" lon="118.1235013"/>
 <node id="12310636399" visible="true" version="1" changeset="158722240" timestamp="2024-11-04T00:36:03Z" user="user_18306654" uid="18306654" lat="24.5359316" lon="118.1231554"/>
 <node id="12310636400" visible="true" version="1" changeset="158722240" timestamp="2024-11-04T00:36:03Z" user="user_18306654" uid="18306654" lat="24.5358952" lon="118.1234336"/>
 <node id="12310636401" visible="true" version="1" changeset="158722240" timestamp="2024-11-04T00:36:03Z" user="user_18306654" uid="18306654" lat="24.5357042" lon="118.1236117"/>
 <node id="13527633119" visible="true" version="1" changeset="178163235" timestamp="2026-02-06T01:29:34Z" user="Geo_2695" uid="23668222" lat="24.5350534" lon="118.1215723">
  <tag k="historic" v="ruins"/>
  <tag k="old_name" v="厦门机场T1航站楼"/>
  <tag k="ruins" v="building"/>
 </node>
 <node id="14137863850" visible="true" version="1" changeset="188316690" timestamp="2026-08-31T16:42:05Z" user="Popolon" uid="27454" lat="24.5365767" lon="118.1267422"/>
 <node id="14137863851" visible="true" version="1" changeset="188316690" timestamp="2026-08-31T16:42:05Z" user="Popolon" uid="27454" lat="24.5365174" lon="118.1266592"/>
 <node id="14137863852" visible="true" version="1" changeset="188316690" timestamp="2026-08-31T16:42:05Z" user="Popolon" uid="27454" lat="24.5365103" lon="118.1266677">
  <tag k="crossing" v="uncontrolled"/>
  <tag k="crossing:markings" v="yes"/>
  <tag k="highway" v="crossing"/>
 </node>
 <node id="14137863853" visible="true" version="1" changeset="188316690" timestamp="2026-08-31T16:42:05Z" user="Popolon" uid="27454" lat="24.5363046" lon="118.1268358"/>
 <node id="14137863854" visible="true" version="1" changeset="188316690" timestamp="2026-08-31T16:42:05Z" user="Popolon" uid="27454" lat="24.5358069" lon="118.1260747"/>
 <node id="14137863855" visible="true" version="1" changeset="188316690" timestamp="2026-08-31T16:42:05Z" user="Popolon" uid="27454" lat="24.5356501" lon="118.1258543"/>
 <node id="14137863856" visible="true" version="1" changeset="188316690" timestamp="2026-08-31T16:42:05Z" user="Popolon" uid="27454" lat="24.5356997" lon="118.1258159"/>
 <node id="14137863857" visible="true" version="1" changeset="188316690" timestamp="2026-08-31T16:42:05Z" user="Popolon" uid="27454" lat="24.5353179" lon="118.1261502"/>
 <node id="14137863858" visible="true" version="1" changeset="188316690" timestamp="2026-08-31T16:42:05Z" user="Popolon" uid="27454" lat="24.5352752" lon="118.1261523"/>
 <node id="14137863859" visible="true" version="1" changeset="188316690" timestamp="2026-08-31T16:42:05Z" user="Popolon" uid="27454" lat="24.5352227" lon="118.1261480"/>
 <node id="14137863860" visible="true" version="1" changeset="188316690" timestamp="2026-08-31T16:42:05Z" user="Popolon" uid="27454" lat="24.5351576" lon="118.1261245"/>
 <node id="14137863861" visible="true" version="1" changeset="188316690" timestamp="2026-08-31T16:42:05Z" user="Popolon" uid="27454" lat="24.5350750" lon="118.1260273"/>
 <node id="14137863862" visible="true" version="1" changeset="188316690" timestamp="2026-08-31T16:42:05Z" user="Popolon" uid="27454" lat="24.5347049" lon="118.1253855"/>
 <node id="14137863863" visible="true" version="1" changeset="188316690" timestamp="2026-08-31T16:42:05Z" user="Popolon" uid="27454" lat="24.5351890" lon="118.1262329">
  <tag k="crossing" v="uncontrolled"/>
  <tag k="crossing:markings" v="zebra"/>
  <tag k="highway" v="crossing"/>
 </node>
 <node id="14137863864" visible="true" version="1" changeset="188316690" timestamp="2026-08-31T16:42:05Z" user="Popolon" uid="27454" lat="24.5350090" lon="118.1263723"/>
 <node id="14137863865" visible="true" version="1" changeset="188316690" timestamp="2026-08-31T16:42:05Z" user="Popolon" uid="27454" lat="24.5345699" lon="118.1267845"/>
 <node id="14137863866" visible="true" version="1" changeset="188316690" timestamp="2026-08-31T16:42:05Z" user="Popolon" uid="27454" lat="24.5344348" lon="118.1269020"/>
 <node id="14137863867" visible="true" version="1" changeset="188316690" timestamp="2026-08-31T16:42:05Z" user="Popolon" uid="27454" lat="24.5340346" lon="118.1272533"/>
 <node id="14137863868" visible="true" version="1" changeset="188316690" timestamp="2026-08-31T16:42:05Z" user="Popolon" uid="27454" lat="24.5339053" lon="118.1273697"/>
 <way id="35450592" visible="true" version="11" changeset="133071871" timestamp="2023-02-27T06:06:30Z" user="Aaron_ZSAM" uid="18552639">
  <nd ref="415824400"/>
  <nd ref="1408157832"/>
  <nd ref="4880302630"/>
  <nd ref="7987036161"/>
  <nd ref="1408157791"/>
  <nd ref="1408157746"/>
  <nd ref="4406352939"/>
  <nd ref="1408157625"/>
  <nd ref="1408157437"/>
  <nd ref="6204270602"/>
  <nd ref="1408157316"/>
  <nd ref="6204270595"/>
  <nd ref="6204270585"/>
  <nd ref="415824399"/>
  <nd ref="7987036333"/>
  <nd ref="1408157243"/>
  <tag k="aeroway" v="runway"/>
  <tag k="length" v="3400"/>
  <tag k="name" v="05/23"/>
  <tag k="ref" v="05/23"/>
  <tag k="source" v="Yahoo aerial photos"/>
  <tag k="surface" v="asphalt"/>
  <tag k="width" v="45"/>
 </way>
 <way id="127162468" visible="true" version="5" changeset="152046958" timestamp="2024-05-30T17:21:46Z" user="Popolon" uid="27454">
  <nd ref="2755865329"/>
  <nd ref="2135981482"/>
  <nd ref="2135981480"/>
  <nd ref="2135981478"/>
  <nd ref="2135981476"/>
  <nd ref="2135981474"/>
  <nd ref="2135981472"/>
  <nd ref="2135981468"/>
  <nd ref="2135981466"/>
  <nd ref="11945611052"/>
  <nd ref="2135981470"/>
  <tag k="highway" v="secondary"/>
  <tag k="oneway" v="yes"/>
  <tag k="source" v="bing"/>
 </way>
 <way id="127162653" visible="true" version="3" changeset="92150627" timestamp="2020-10-08T06:55:05Z" user="ObRiver" uid="10529631">
  <nd ref="1408157414"/>
  <nd ref="6204270611"/>
  <nd ref="7987036264"/>
  <nd ref="7987036263"/>
  <nd ref="7987036262"/>
  <nd ref="6204270612"/>
  <nd ref="6204270615"/>
  <nd ref="1408157401"/>
  <nd ref="7987036261"/>
  <nd ref="6204270614"/>
  <nd ref="1408157399"/>
  <nd ref="6204270613"/>
  <nd ref="7987036260"/>
  <nd ref="1408157412"/>
  <tag k="aeroway" v="taxiway"/>
 </way>
 <way id="127162657" visible="true" version="3" changeset="92150627" timestamp="2020-10-08T06:55:05Z" user="ObRiver" uid="10529631">
  <nd ref="1408157354"/>
  <nd ref="7987036297"/>
  <nd ref="6204270608"/>
  <nd ref="6204270609"/>
  <nd ref="7987036296"/>
  <nd ref="1408157344"/>
  <nd ref="7987036295"/>
  <nd ref="1408157329"/>
  <nd ref="7987036294"/>
  <nd ref="1408157323"/>
  <nd ref="7987036293"/>
  <nd ref="6204270606"/>
  <nd ref="7987036292"/>
  <nd ref="7987036291"/>
  <nd ref="1408157334"/>
  <tag k="aeroway" v="taxiway"/>
 </way>
 <way id="127162658" visible="true" version="4" changeset="121065438" timestamp="2022-05-16T18:54:22Z" user="Airbus 350-900" uid="15443585">
  <nd ref="1408157625"/>
  <nd ref="7987036265"/>
  <nd ref="1408157613"/>
  <nd ref="7987036266"/>
  <nd ref="1408157546"/>
  <nd ref="1408157518"/>
  <nd ref="7987036267"/>
  <nd ref="7987036268"/>
  <nd ref="1408157498"/>
  <nd ref="1408157414"/>
  <nd ref="7987036269"/>
  <nd ref="7987036270"/>
  <nd ref="7987036271"/>
  <nd ref="7987036272"/>
  <nd ref="7987036273"/>
  <nd ref="7987036274"/>
  <nd ref="1408157375"/>
  <tag k="aeroway" v="taxiway"/>
  <tag k="ref" v="A5"/>
 </way>
 <way id="127162662" visible="true" version="5" changeset="133071871" timestamp="2023-02-27T06:06:30Z" user="Aaron_ZSAM" uid="18552639">
  <nd ref="1408157437"/>
  <nd ref="6204270610"/>
  <nd ref="7987036141"/>
  <nd ref="1408157409"/>
  <nd ref="7987036142"/>
  <nd ref="1408157385"/>
  <nd ref="1408157371"/>
  <nd ref="1408157362"/>
  <nd ref="1408157354"/>
  <nd ref="1408157328"/>
  <nd ref="1408157311"/>
  <nd ref="7987036298"/>
  <nd ref="6204270607"/>
  <nd ref="1408157298"/>
  <tag k="aeroway" v="taxiway"/>
  <tag k="ref" v="A4"/>
 </way>
 <way id="127474873" visible="true" version="7" changeset="188316690" timestamp="2026-08-31T16:42:05Z" user="Popolon" uid="27454">
  <nd ref="660960153"/>
  <nd ref="14137863863"/>
  <nd ref="8428613618"/>
  <nd ref="7936929506"/>
  <nd ref="8411038438"/>
  <nd ref="660960005"/>
  <nd ref="660960004"/>
  <nd ref="660960003"/>
  <nd ref="660960002"/>
  <nd ref="660960001"/>
  <nd ref="660960000"/>
  <tag k="highway" v="secondary_link"/>
  <tag k="lanes" v="1"/>
  <tag k="source" v="bing"/>
 </way>
 <way id="128840144" visible="true" version="2" changeset="12847774" timestamp="2012-08-24T17:44:38Z" user="gerg1" uid="697073">
  <nd ref="660960171"/>
  <nd ref="1422693870"/>
  <tag k="highway" v="secondary"/>
  <tag k="oneway" v="yes"/>
  <tag k="source" v="bing"/>
 </way>
 <way id="128840200" visible="true" version="8" changeset="152046958" timestamp="2024-05-30T17:21:46Z" user="Popolon" uid="27454">
  <nd ref="11945611051"/>
  <nd ref="7987165469"/>
  <nd ref="838335268"/>
  <tag k="highway" v="secondary"/>
  <tag k="oneway" v="yes"/>
  <tag k="source" v="GPS"/>
 </way>
 <way id="128840201" visible="true" version="3" changeset="32615563" timestamp="2015-07-13T22:19:22Z" user="karitotp" uid="2748195">
  <nd ref="1422693889"/>
  <nd ref="1878910555"/>
  <tag k="bridge" v="yes"/>
  <tag k="highway" v="service"/>
  <tag k="layer" v="1"/>
  <tag k="source" v="bing"/>
 </way>
 <way id="128840229" visible="true" version="4" changeset="92169710" timestamp="2020-10-08T10:53:27Z" user="ObRiver" uid="10529631">
  <nd ref="2755865326"/>
  <nd ref="7987165422"/>
  <nd ref="1422693953"/>
  <nd ref="7987165444"/>
  <nd ref="660960176"/>
  <nd ref="7987165432"/>
  <nd ref="1422693895"/>
  <tag k="highway" v="service"/>
  <tag k="oneway" v="yes"/>
  <tag k="source" v="bing"/>
 </way>
 <way id="128840261" visible="true" version="5" changeset="188316690" timestamp="2026-08-31T16:42:05Z" user="Popolon" uid="27454">
  <nd ref="1422693895"/>
  <nd ref="14137863852"/>
  <nd ref="1422693853"/>
  <nd ref="7987174922"/>
  <nd ref="8428613612"/>
  <nd ref="7987174923"/>
  <nd ref="1422693850"/>
  <nd ref="7987174924"/>
  <nd ref="7987174925"/>
  <nd ref="1422693848"/>
  <nd ref="7987174926"/>
  <nd ref="1422693845"/>
  <nd ref="660960153"/>
  <nd ref="7221329599"/>
  <nd ref="7987174927"/>
  <nd ref="7987174928"/>
  <nd ref="7221329600"/>
  <tag k="highway" v="service"/>
  <tag k="oneway" v="yes"/>
  <tag k="source" v="bing"/>
 </way>
 <way id="128840263" visible="true" version="7" changeset="152152361" timestamp="2024-06-02T10:00:02Z" user="Popolon" uid="27454">
  <nd ref="660960159"/>
  <nd ref="7221329600"/>
  <nd ref="4078025412"/>
  <nd ref="11945097484"/>
  <nd ref="2755865319"/>
  <nd ref="11945097450"/>
  <nd ref="2135981461"/>
  <nd ref="1422693820"/>
  <tag k="highway" v="secondary"/>
  <tag k="lanes" v="3"/>
  <tag k="oneway" v="yes"/>
  <tag k="source" v="bing"/>
  <tag k="turn:lanes" v="left|left|right"/>
 </way>
 <way id="164670546" visible="true" version="8" changeset="158722240" timestamp="2024-11-04T00:36:03Z" user="user_18306654" uid="18306654">
  <nd ref="1762871021"/>
  <nd ref="1762871155"/>
  <nd ref="1762871154"/>
  <nd ref="8422263214"/>
  <nd ref="12310636401"/>
  <nd ref="8422263213"/>
  <nd ref="7984833747"/>
  <nd ref="12310636396"/>
  <nd ref="8422263212"/>
  <nd ref="8422263211"/>
  <nd ref="8422263210"/>
  <nd ref="12310636389"/>
  <nd ref="8422263209"/>
  <nd ref="12310636386"/>
  <nd ref="7984833746"/>
  <nd ref="8422263208"/>
  <nd ref="7984833745"/>
  <nd ref="12310636379"/>
  <nd ref="8422263207"/>
  <nd ref="12310636376"/>
  <nd ref="8422263206"/>
  <nd ref="8422263205"/>
  <nd ref="12310636370"/>
  <nd ref="8422263204"/>
  <nd ref="12310636367"/>
  <nd ref="1762871156"/>
  <nd ref="8422263203"/>
  <nd ref="7984833744"/>
  <nd ref="1762871157"/>
  <nd ref="1762871051"/>
  <nd ref="7984833763"/>
  <nd ref="7984833762"/>
  <nd ref="7984833761"/>
  <nd ref="7984833760"/>
  <nd ref="7984833759"/>
  <nd ref="7984833757"/>
  <nd ref="7984833758"/>
  <nd ref="1762871049"/>
  <nd ref="7984833756"/>
  <nd ref="7984833755"/>
  <nd ref="7984833754"/>
  <nd ref="7984833753"/>
  <nd ref="1762871047"/>
  <nd ref="7984833751"/>
  <nd ref="7984833752"/>
  <nd ref="7984833750"/>
  <nd ref="7984833749"/>
  <nd ref="7984833748"/>
  <nd ref="1762871021"/>
  <tag k="aeroway" v="terminal"/>
  <tag k="building" v="yes"/>
  <tag k="name" v="厦门机场T3航站楼"/>
  <tag k="name:en" v="Xiamen Airport terminal 3"/>
  <tag k="name:zh" v="厦门机场T3航站楼"/>
 </way>
 <way id="164670547" visible="true" version="6" changeset="121065438" timestamp="2022-05-16T18:54:22Z" user="Airbus 350-900" uid="15443585">
  <nd ref="7987036127"/>
  <nd ref="9745065707"/>
  <nd ref="1762871040"/>
  <nd ref="7986953187"/>
  <nd ref="1762871052"/>
  <tag k="aeroway" v="taxiway"/>
 </way>
 <way id="164670548" visible="true" version="9" changeset="158722240" timestamp="2024-11-04T00:36:03Z" user="user_18306654" uid="18306654">
  <nd ref="1762871024"/>
  <nd ref="1762871019"/>
  <nd ref="1762871025"/>
  <nd ref="1762871037"/>
  <nd ref="11945318551"/>
  <nd ref="7986953188"/>
  <nd ref="11945318564"/>
  <nd ref="11945318565"/>
  <nd ref="11945325591"/>
  <nd ref="11945325578"/>
  <nd ref="11945325597"/>
  <nd ref="11945325598"/>
  <nd ref="11945325604"/>
  <nd ref="11945325617"/>
  <nd ref="11945325618"/>
  <nd ref="11945325630"/>
  <nd ref="1762871023"/>
  <nd ref="11945325649"/>
  <nd ref="11945325650"/>
  <nd ref="4880302318"/>
  <nd ref="4880302319"/>
  <nd ref="4880302622"/>
  <nd ref="4880302623"/>
  <nd ref="4880302624"/>
  <nd ref="4880302621"/>
  <nd ref="8976231256"/>
  <nd ref="4880302320"/>
  <nd ref="1762871057"/>
  <nd ref="1762871020"/>
  <nd ref="12310636366"/>
  <nd ref="12310636369"/>
  <nd ref="12310636372"/>
  <nd ref="12310636375"/>
  <nd ref="12310636378"/>
  <nd ref="12310636385"/>
  <nd ref="12310636388"/>
  <nd ref="12310636390"/>
  <nd ref="8995511057"/>
  <nd ref="12310636393"/>
  <nd ref="12310636395"/>
  <nd ref="12310636400"/>
  <nd ref="1762871026"/>
  <nd ref="1762871029"/>
  <nd ref="1762871024"/>
  <tag k="aeroway" v="apron"/>
  <tag k="surface" v="concrete"/>
 </way>
 <way id="164670550" visible="true" version="4" changeset="102404334" timestamp="2021-04-06T11:40:07Z" user="user_7130456" uid="7130456">
  <nd ref="1762871045"/>
  <nd ref="1762871041"/>
  <nd ref="1762871039"/>
  <nd ref="1762871058"/>
  <nd ref="1762871022"/>
  <nd ref="1762871043"/>
  <nd ref="1762871054"/>
  <nd ref="1762871060"/>
  <nd ref="7987111637"/>
  <nd ref="1762871038"/>
  <nd ref="1762871061"/>
  <nd ref="1762871055"/>
  <nd ref="1762871045"/>
  <tag k="aeroway" v="apron"/>
 </way>
 <way id="177433007" visible="true" version="3" changeset="92154049" timestamp="2020-10-08T07:37:29Z" user="ObRiver" uid="10529631">
  <nd ref="1878910555"/>
  <nd ref="7987174910"/>
  <nd ref="1422693926"/>
  <nd ref="7987174909"/>
  <nd ref="7987174908"/>
  <nd ref="7987174907"/>
  <nd ref="7987174906"/>
  <nd ref="7987174905"/>
  <nd ref="1422693965"/>
  <tag k="highway" v="service"/>
  <tag k="source" v="bing"/>
 </way>
 <way id="177694967" visible="true" version="1" changeset="12847774" timestamp="2012-08-24T17:44:03Z" user="gerg1" uid="697073">
  <nd ref="1881181459"/>
  <nd ref="660960159"/>
  <tag k="highway" v="secondary"/>
  <tag k="oneway" v="yes"/>
  <tag k="source" v="bing"/>
 </way>
 <way id="177695033" visible="true" version="2" changeset="92154049" timestamp="2020-10-08T07:37:29Z" user="ObRiver" uid="10529631">
  <nd ref="1422693870"/>
  <nd ref="1422693889"/>
  <nd ref="7987174911"/>
  <nd ref="7987174912"/>
  <nd ref="1422693893"/>
  <nd ref="7987174913"/>
  <nd ref="7987174914"/>
  <nd ref="1422693890"/>
  <nd ref="7987174915"/>
  <nd ref="7987174916"/>
  <nd ref="1422693854"/>
  <nd ref="7987174917"/>
  <nd ref="7987174918"/>
  <nd ref="1422693852"/>
  <nd ref="7987174919"/>
  <nd ref="7987174920"/>
  <nd ref="1422693849"/>
  <nd ref="7987174921"/>
  <nd ref="1422693846"/>
  <nd ref="1881181459"/>
  <tag k="bridge" v="yes"/>
  <tag k="highway" v="secondary"/>
  <tag k="layer" v="1"/>
  <tag k="oneway" v="yes"/>
  <tag k="source" v="bing"/>
 </way>
 <way id="203587840" visible="true" version="3" changeset="99372301" timestamp="2021-02-16T10:39:30Z" user="HualinXMN" uid="11858592">
  <nd ref="838335281"/>
  <nd ref="8428510306"/>
  <nd ref="8428510307"/>
  <nd ref="8428510305"/>
  <nd ref="8428510304"/>
  <nd ref="7987174887"/>
  <nd ref="660960176"/>
  <tag k="highway" v="service"/>
  <tag k="oneway" v="yes"/>
  <tag k="source" v="GPS"/>
 </way>
 <way id="203587846" visible="true" version="1" changeset="14859487" timestamp="2013-01-31T13:24:12Z" user="gerg1" uid="697073">
  <nd ref="2135981464"/>
  <nd ref="2135981465"/>
  <nd ref="2135981467"/>
  <nd ref="2135981470"/>
  <tag k="highway" v="secondary"/>
  <tag k="oneway" v="yes"/>
  <tag k="source" v="bing"/>
 </way>
 <way id="216568922" visible="true" version="9" changeset="132681832" timestamp="2023-02-17T15:11:56Z" user="Rudi_Z" uid="18335662">
  <nd ref="1408157237"/>
  <nd ref="6204270593"/>
  <nd ref="6204270125"/>
  <nd ref="6204270143"/>
  <nd ref="1408157285"/>
  <nd ref="6204270136"/>
  <nd ref="1408157298"/>
  <nd ref="7987036285"/>
  <nd ref="6204270604"/>
  <nd ref="1762871036"/>
  <nd ref="1408157334"/>
  <nd ref="1408157375"/>
  <nd ref="6204270616"/>
  <nd ref="2259585819"/>
  <nd ref="1408157412"/>
  <nd ref="6204270353"/>
  <nd ref="2259585823"/>
  <nd ref="6204270364"/>
  <nd ref="6204270369"/>
  <nd ref="10673804319"/>
  <nd ref="2259585827"/>
  <nd ref="6204270377"/>
  <nd ref="4406352942"/>
  <nd ref="1408157740"/>
  <nd ref="6204270296"/>
  <nd ref="6204270320"/>
  <nd ref="6204270321"/>
  <nd ref="6204270329"/>
  <nd ref="6204270301"/>
  <nd ref="1408157789"/>
  <nd ref="6204270333"/>
  <nd ref="6204270439"/>
  <nd ref="4880302313"/>
  <nd ref="6204270442"/>
  <nd ref="7987036162"/>
  <nd ref="6204270498"/>
  <nd ref="4880302635"/>
  <nd ref="6204270476"/>
  <nd ref="635763198"/>
  <tag k="aeroway" v="taxiway"/>
  <tag k="ref" v="A"/>
  <tag k="source" v="GPS"/>
 </way>
 <way id="216568925" visible="true" version="7" changeset="121065438" timestamp="2022-05-16T18:54:22Z" user="Airbus 350-900" uid="15443585">
  <nd ref="7986936667"/>
  <nd ref="7986953308"/>
  <nd ref="8995511088"/>
  <nd ref="2259585818"/>
  <tag k="aeroway" v="taxiway"/>
  <tag k="source" v="GPS"/>
 </way>
 <way id="270566838" visible="true" version="5" changeset="138505283" timestamp="2023-07-14T12:13:41Z" user="AmoyLark" uid="12663186">
  <nd ref="838335268"/>
  <nd ref="2135981476"/>
  <nd ref="2135981475"/>
  <nd ref="4663120477"/>
  <tag k="highway" v="secondary"/>
  <tag k="name" v="埭辽路"/>
  <tag k="source" v="GPS"/>
 </way>
 <way id="405637942" visible="true" version="2" changeset="152152361" timestamp="2024-06-02T10:00:02Z" user="Popolon" uid="27454">
  <nd ref="2135981463"/>
  <nd ref="2135981464"/>
  <tag k="highway" v="secondary"/>
  <tag k="lanes" v="3"/>
  <tag k="oneway" v="yes"/>
  <tag k="source" v="bing"/>
  <tag k="turn:lanes" v="left|left|through"/>
 </way>
 <way id="405637943" visible="true" version="1" changeset="38060456" timestamp="2016-03-25T11:20:40Z" user="mshlyn" uid="3137943">
  <nd ref="2135981464"/>
  <nd ref="2135981469"/>
  <nd ref="2135981471"/>
  <nd ref="2135981473"/>
  <nd ref="2135981475"/>
  <nd ref="2135981477"/>
  <nd ref="2135981479"/>
  <nd ref="2135981481"/>
  <nd ref="2755865328"/>
  <tag k="highway" v="secondary"/>
  <tag k="oneway" v="yes"/>
  <tag k="source" v="bing"/>
 </way>
 <way id="405637944" visible="true" version="2" changeset="152046958" timestamp="2024-05-30T17:21:46Z" user="Popolon" uid="27454">
  <nd ref="2135981470"/>
  <nd ref="2755865325"/>
  <nd ref="4078025411"/>
  <tag k="highway" v="secondary"/>
  <tag k="lanes" v="3"/>
  <tag k="oneway" v="yes"/>
  <tag k="source" v="bing"/>
  <tag k="turn:lanes" v="left;through|through|through"/>
 </way>
 <way id="405637945" visible="true" version="6" changeset="152046958" timestamp="2024-05-30T17:21:46Z" user="Popolon" uid="27454">
  <nd ref="4663169632"/>
  <nd ref="7221329576"/>
  <nd ref="7221329575"/>
  <nd ref="8411038457"/>
  <nd ref="4078014593"/>
  <nd ref="11945097481"/>
  <nd ref="8411038458"/>
  <nd ref="8411038464"/>
  <nd ref="7221329573"/>
  <nd ref="7221329574"/>
  <nd ref="8424454544"/>
  <nd ref="8424454541"/>
  <nd ref="4078025412"/>
  <tag k="highway" v="secondary"/>
  <tag k="oneway" v="yes"/>
 </way>
 <way id="405637946" visible="true" version="3" changeset="152046958" timestamp="2024-05-30T17:21:46Z" user="Popolon" uid="27454">
  <nd ref="4078025411"/>
  <nd ref="4663169632"/>
  <nd ref="660960171"/>
  <tag k="highway" v="secondary"/>
  <tag k="lanes" v="3"/>
  <tag k="oneway" v="yes"/>
  <tag k="source" v="bing"/>
  <tag k="turn:lanes" v="through|through|right"/>
 </way>
 <way id="442984750" visible="true" version="2" changeset="46703265" timestamp="2017-03-09T08:58:09Z" user="Jason Roy" uid="5147743">
  <nd ref="4406352947"/>
  <nd ref="4406352948"/>
  <nd ref="4406352949"/>
  <nd ref="4406352950"/>
  <nd ref="4406352951"/>
  <nd ref="4406352952"/>
  <nd ref="4406352947"/>
  <tag k="name" v="厦门航空有限公司"/>
  <tag k="office" v="company"/>
 </way>
 <way id="442984751" visible="true" version="1" changeset="42238913" timestamp="2016-09-18T03:28:48Z" user="Miss气宁轩昂" uid="1824241">
  <nd ref="4406352953"/>
  <nd ref="4406352954"/>
  <nd ref="4406352955"/>
  <nd ref="4406352956"/>
  <nd ref="4406352953"/>
  <tag k="area" v="yes"/>
  <tag k="name" v="民航华东局厦门空管站"/>
 </way>
 <way id="442984752" visible="true" version="1" changeset="42238913" timestamp="2016-09-18T03:28:48Z" user="Miss气宁轩昂" uid="1824241">
  <nd ref="4406352957"/>
  <nd ref="4406352958"/>
  <nd ref="4406352959"/>
  <nd ref="4406352960"/>
  <nd ref="4406352957"/>
  <tag k="amenity" v="parking"/>
 </way>
 <way id="472081147" visible="true" version="3" changeset="99025308" timestamp="2021-02-10T08:25:47Z" user="HualinXMN" uid="11858592">
  <nd ref="4663169639"/>
  <nd ref="4663169591"/>
  <nd ref="7987174898"/>
  <nd ref="7987174899"/>
  <tag k="covered" v="no"/>
  <tag k="highway" v="service"/>
  <tag k="layer" v="-1"/>
  <tag k="oneway" v="yes"/>
  <tag k="tunnel" v="yes"/>
 </way>
 <way id="472081148" visible="true" version="5" changeset="152152094" timestamp="2024-06-02T09:52:43Z" user="Popolon" uid="27454">
  <nd ref="4663169632"/>
  <nd ref="7987174888"/>
  <nd ref="7987174889"/>
  <nd ref="7987174891"/>
  <nd ref="4663169613"/>
  <nd ref="4663169689"/>
  <nd ref="7987174897"/>
  <nd ref="11951588915"/>
  <nd ref="4663169639"/>
  <tag k="highway" v="service"/>
  <tag k="lanes" v="2"/>
  <tag k="oneway" v="yes"/>
 </way>
 <way id="472081149" visible="true" version="4" changeset="152152094" timestamp="2024-06-02T09:52:43Z" user="Popolon" uid="27454">
  <nd ref="4663169672"/>
  <nd ref="4663166585"/>
  <nd ref="11951588951"/>
  <nd ref="4663169708"/>
  <nd ref="4663169692"/>
  <nd ref="11951588953"/>
  <nd ref="7936929505"/>
  <nd ref="4663169646"/>
  <nd ref="8411038011"/>
  <nd ref="4663169590"/>
  <nd ref="8411038428"/>
  <nd ref="8411038431"/>
  <nd ref="4663169673"/>
  <nd ref="4663169712"/>
  <nd ref="660960000"/>
  <tag k="highway" v="secondary_link"/>
  <tag k="lanes" v="1"/>
  <tag k="oneway" v="yes"/>
  <tag k="source" v="bing"/>
 </way>
 <way id="472081155" visible="true" version="6" changeset="152152094" timestamp="2024-06-02T09:52:43Z" user="Popolon" uid="27454">
  <nd ref="660960000"/>
  <nd ref="660959999"/>
  <nd ref="660959998"/>
  <nd ref="8411038434"/>
  <nd ref="8411038420"/>
  <nd ref="8411038421"/>
  <nd ref="8428613622"/>
  <nd ref="8411038419"/>
  <nd ref="8428613607"/>
  <nd ref="8411038424"/>
  <nd ref="8411038423"/>
  <nd ref="8428613620"/>
  <nd ref="8411038422"/>
  <nd ref="8411038425"/>
  <nd ref="635763202"/>
  <nd ref="8411038443"/>
  <nd ref="635763203"/>
  <nd ref="8995080503"/>
  <nd ref="8995080510"/>
  <nd ref="8976231110"/>
  <nd ref="11951588954"/>
  <nd ref="660959997"/>
  <nd ref="660959985"/>
  <nd ref="660959986"/>
  <tag k="highway" v="secondary_link"/>
  <tag k="lanes" v="1"/>
  <tag k="oneway" v="yes"/>
  <tag k="source" v="bing"/>
 </way>
 <way id="479459800" visible="true" version="1" changeset="46703265" timestamp="2017-03-09T08:58:08Z" user="Jason Roy" uid="5147743">
  <nd ref="4725548134"/>
  <nd ref="4725548132"/>
  <nd ref="4725548131"/>
  <nd ref="4725548138"/>
  <nd ref="4725548135"/>
  <nd ref="4725548142"/>
  <nd ref="4725548139"/>
  <nd ref="4725548129"/>
  <nd ref="4725548130"/>
  <nd ref="4725548133"/>
  <nd ref="4725548128"/>
  <nd ref="4725548126"/>
  <nd ref="4725548125"/>
  <nd ref="4725548127"/>
  <nd ref="4725548134"/>
  <tag k="building" v="yes"/>
 </way>
 <way id="479459801" visible="true" version="1" changeset="46703265" timestamp="2017-03-09T08:58:08Z" user="Jason Roy" uid="5147743">
  <nd ref="4725548138"/>
  <nd ref="4725548137"/>
  <nd ref="4725548136"/>
  <nd ref="4725548135"/>
  <nd ref="4725548138"/>
  <tag k="building" v="yes"/>
 </way>
 <way id="479459802" visible="true" version="1" changeset="46703265" timestamp="2017-03-09T08:58:08Z" user="Jason Roy" uid="5147743">
  <nd ref="4725548142"/>
  <nd ref="4725548141"/>
  <nd ref="4725548140"/>
  <nd ref="4725548139"/>
  <nd ref="4725548142"/>
  <tag k="building" v="yes"/>
 </way>
 <way id="479459804" visible="true" version="1" changeset="46703265" timestamp="2017-03-09T08:58:08Z" user="Jason Roy" uid="5147743">
  <nd ref="4725548146"/>
  <nd ref="4725548145"/>
  <nd ref="4725548144"/>
  <nd ref="4725548143"/>
  <nd ref="4725548146"/>
  <tag k="building" v="yes"/>
 </way>
 <way id="479459805" visible="true" version="1" changeset="46703265" timestamp="2017-03-09T08:58:08Z" user="Jason Roy" uid="5147743">
  <nd ref="4725548150"/>
  <nd ref="4725548147"/>
  <nd ref="4725548148"/>
  <nd ref="4725548149"/>
  <nd ref="4725548150"/>
  <tag k="building" v="yes"/>
 </way>
 <way id="479459807" visible="true" version="1" changeset="46703265" timestamp="2017-03-09T08:58:08Z" user="Jason Roy" uid="5147743">
  <nd ref="4725548154"/>
  <nd ref="4725548153"/>
  <nd ref="4725548152"/>
  <nd ref="4725548151"/>
  <nd ref="4725548154"/>
  <tag k="building" v="yes"/>
 </way>
 <way id="479459810" visible="true" version="1" changeset="46703265" timestamp="2017-03-09T08:58:08Z" user="Jason Roy" uid="5147743">
  <nd ref="4725548162"/>
  <nd ref="4725548161"/>
  <nd ref="4725548160"/>
  <nd ref="4725548119"/>
  <nd ref="4725548118"/>
  <nd ref="4725548117"/>
  <nd ref="4725548120"/>
  <nd ref="4725548124"/>
  <nd ref="4725548122"/>
  <nd ref="4725548121"/>
  <nd ref="4725548123"/>
  <nd ref="4725548159"/>
  <nd ref="4725548162"/>
  <tag k="building" v="yes"/>
 </way>
 <way id="479459811" visible="true" version="1" changeset="46703265" timestamp="2017-03-09T08:58:08Z" user="Jason Roy" uid="5147743">
  <nd ref="4725548166"/>
  <nd ref="4725548165"/>
  <nd ref="4725548164"/>
  <nd ref="4725548163"/>
  <nd ref="4725548166"/>
  <tag k="building" v="yes"/>
 </way>
 <way id="479459813" visible="true" version="1" changeset="46703265" timestamp="2017-03-09T08:58:08Z" user="Jason Roy" uid="5147743">
  <nd ref="4725548170"/>
  <nd ref="4725548169"/>
  <nd ref="4725548168"/>
  <nd ref="4725548167"/>
  <nd ref="4725548170"/>
  <tag k="building" v="yes"/>
 </way>
 <way id="496325037" visible="true" version="1" changeset="49027159" timestamp="2017-05-27T15:21:46Z" user="samsung galaxy s6" uid="3691120">
  <nd ref="4880302247"/>
  <nd ref="4880302248"/>
  <nd ref="4880302249"/>
  <nd ref="4880302250"/>
  <nd ref="4880302251"/>
  <nd ref="4880302252"/>
  <nd ref="4880302253"/>
  <nd ref="4880302254"/>
  <nd ref="4880302255"/>
  <nd ref="4880302256"/>
  <nd ref="4880302257"/>
  <nd ref="4880302258"/>
  <nd ref="4880302259"/>
  <nd ref="4880302260"/>
  <nd ref="4880302261"/>
  <nd ref="4880302262"/>
  <nd ref="4880302247"/>
  <tag k="landuse" v="grass"/>
 </way>
 <way id="496325038" visible="true" version="1" changeset="49027159" timestamp="2017-05-27T15:21:46Z" user="samsung galaxy s6" uid="3691120">
  <nd ref="4880302263"/>
  <nd ref="4880302264"/>
  <nd ref="4880302265"/>
  <nd ref="4880302266"/>
  <nd ref="4880302267"/>
  <nd ref="4880302268"/>
  <nd ref="4880302269"/>
  <nd ref="4880302310"/>
  <nd ref="4880302270"/>
  <nd ref="4880302309"/>
  <nd ref="4880302271"/>
  <nd ref="4880302272"/>
  <nd ref="4880302273"/>
  <nd ref="4880302274"/>
  <nd ref="4880302275"/>
  <nd ref="4880302263"/>
  <tag k="landuse" v="grass"/>
 </way>
 <way id="496325040" visible="true" version="1" changeset="49027159" timestamp="2017-05-27T15:21:46Z" user="samsung galaxy s6" uid="3691120">
  <nd ref="4880302295"/>
  <nd ref="4880302296"/>
  <nd ref="4880302297"/>
  <nd ref="4880302298"/>
  <nd ref="4880302299"/>
  <nd ref="4880302300"/>
  <nd ref="4880302301"/>
  <nd ref="4880302302"/>
  <nd ref="4880302303"/>
  <nd ref="4880302304"/>
  <nd ref="4880302305"/>
  <nd ref="4880302306"/>
  <nd ref="4880302307"/>
  <nd ref="4880302308"/>
  <nd ref="4880302295"/>
  <tag k="landuse" v="grass"/>
 </way>
 <way id="566004703" visible="true" version="1" changeset="56837985" timestamp="2018-03-03T04:43:35Z" user="WZTENG" uid="7583988">
  <nd ref="5449574386"/>
  <nd ref="5449574387"/>
  <nd ref="5449574388"/>
  <nd ref="5449574389"/>
  <nd ref="5449574386"/>
  <tag k="building" v="yes"/>
 </way>
 <way id="566004704" visible="true" version="2" changeset="154059819" timestamp="2024-07-17T13:56:55Z" user="samsung galaxy s6" uid="3691120">
  <nd ref="5449574390"/>
  <nd ref="5449574391"/>
  <nd ref="5449574392"/>
  <nd ref="12059343385"/>
  <nd ref="5449574390"/>
  <tag k="building" v="yes"/>
 </way>
 <way id="566004712" visible="true" version="1" changeset="56837985" timestamp="2018-03-03T04:43:36Z" user="WZTENG" uid="7583988">
  <nd ref="5449574527"/>
  <nd ref="5449574528"/>
  <nd ref="5449574529"/>
  <nd ref="5449574530"/>
  <nd ref="5449574531"/>
  <nd ref="5449574532"/>
  <nd ref="5449574533"/>
  <nd ref="5449574527"/>
  <tag k="building" v="yes"/>
 </way>
 <way id="566006457" visible="true" version="1" changeset="56838198" timestamp="2018-03-03T05:12:40Z" user="WZTENG" uid="7583988">
  <nd ref="5449662445"/>
  <nd ref="5449662446"/>
  <nd ref="5449662447"/>
  <nd ref="5449662448"/>
  <nd ref="5449662445"/>
  <tag k="building" v="yes"/>
 </way>
 <way id="566006458" visible="true" version="1" changeset="56838198" timestamp="2018-03-03T05:12:40Z" user="WZTENG" uid="7583988">
  <nd ref="5449662449"/>
  <nd ref="5449662450"/>
  <nd ref="5449662451"/>
  <nd ref="5449662452"/>
  <nd ref="5449662453"/>
  <nd ref="5449662454"/>
  <nd ref="5449662455"/>
  <nd ref="5449662456"/>
  <nd ref="5449662457"/>
  <nd ref="5449662458"/>
  <nd ref="5449662459"/>
  <nd ref="5449662460"/>
  <nd ref="5449662461"/>
  <nd ref="5449662462"/>
  <nd ref="5449662463"/>
  <nd ref="5449662464"/>
  <nd ref="5449662465"/>
  <nd ref="5449662466"/>
  <nd ref="5449662467"/>
  <nd ref="5449662468"/>
  <nd ref="5449662469"/>
  <nd ref="5449662449"/>
  <tag k="building" v="yes"/>
 </way>
 <way id="566006460" visible="true" version="3" changeset="178163235" timestamp="2026-02-06T01:29:34Z" user="Geo_2695" uid="23668222">
  <nd ref="1762871154"/>
  <nd ref="1762871155"/>
  <nd ref="5449662476"/>
  <nd ref="5449662477"/>
  <nd ref="5449662478"/>
  <nd ref="5449662479"/>
  <nd ref="5449662480"/>
  <nd ref="1762871154"/>
  <tag k="building" v="yes"/>
  <tag k="disused:aeroway" v="terminal"/>
  <tag k="old_name" v="厦门机场T2航站楼"/>
 </way>
 <way id="566006461" visible="true" version="1" changeset="56838198" timestamp="2018-03-03T05:12:41Z" user="WZTENG" uid="7583988">
  <nd ref="5449662481"/>
  <nd ref="5449662482"/>
  <nd ref="5449662483"/>
  <nd ref="5449662484"/>
  <nd ref="5449662485"/>
  <nd ref="5449662486"/>
  <nd ref="5449662487"/>
  <nd ref="5449662488"/>
  <nd ref="5449662481"/>
  <tag k="building" v="yes"/>
 </way>
 <way id="566006462" visible="true" version="1" changeset="56838198" timestamp="2018-03-03T05:12:41Z" user="WZTENG" uid="7583988">
  <nd ref="5449662489"/>
  <nd ref="5449662490"/>
  <nd ref="5449662491"/>
  <nd ref="5449662492"/>
  <nd ref="5449662489"/>
  <tag k="building" v="yes"/>
 </way>
 <way id="566006463" visible="true" version="1" changeset="56838198" timestamp="2018-03-03T05:12:41Z" user="WZTENG" uid="7583988">
  <nd ref="5449662493"/>
  <nd ref="5449662494"/>
  <nd ref="5449662495"/>
  <nd ref="5449662496"/>
  <nd ref="5449662497"/>
  <nd ref="5449662498"/>
  <nd ref="5449662499"/>
  <nd ref="5449662500"/>
  <nd ref="5449662501"/>
  <nd ref="5449662502"/>
  <nd ref="5449662503"/>
  <nd ref="5449662504"/>
  <nd ref="5449662505"/>
  <nd ref="5449662506"/>
  <nd ref="5449662507"/>
  <nd ref="5449662508"/>
  <nd ref="5449662509"/>
  <nd ref="5449662510"/>
  <nd ref="5449662511"/>
  <nd ref="5449662512"/>
  <nd ref="5449662513"/>
  <nd ref="5449662514"/>
  <nd ref="5449662515"/>
  <nd ref="5449662516"/>
  <nd ref="5449662517"/>
  <nd ref="5449662518"/>
  <nd ref="5449662519"/>
  <nd ref="5449662493"/>
  <tag k="building" v="yes"/>
 </way>
 <way id="566006464" visible="true" version="1" changeset="56838198" timestamp="2018-03-03T05:12:41Z" user="WZTENG" uid="7583988">
  <nd ref="5449662520"/>
  <nd ref="5449662521"/>
  <nd ref="5449662522"/>
  <nd ref="5449662523"/>
  <nd ref="5449662524"/>
  <nd ref="5449662525"/>
  <nd ref="5449662526"/>
  <nd ref="5449662527"/>
  <nd ref="5449662528"/>
  <nd ref="5449662529"/>
  <nd ref="5449662530"/>
  <nd ref="5449662531"/>
  <nd ref="5449662532"/>
  <nd ref="5449662533"/>
  <nd ref="5449662534"/>
  <nd ref="5449662535"/>
  <nd ref="5449662536"/>
  <nd ref="5449662537"/>
  <nd ref="5449662538"/>
  <nd ref="5449662539"/>
  <nd ref="5449662540"/>
  <nd ref="5449662541"/>
  <nd ref="5449662542"/>
  <nd ref="5449662543"/>
  <nd ref="5449662544"/>
  <nd ref="5449662545"/>
  <nd ref="5449662546"/>
  <nd ref="5449662547"/>
  <nd ref="5449662548"/>
  <nd ref="5449662520"/>
  <tag k="building" v="yes"/>
 </way>
 <way id="566006466" visible="true" version="1" changeset="56838198" timestamp="2018-03-03T05:12:41Z" user="WZTENG" uid="7583988">
  <nd ref="5449662549"/>
  <nd ref="5449662559"/>
  <nd ref="5449662560"/>
  <nd ref="5449662550"/>
  <nd ref="5449662551"/>
  <nd ref="5449662552"/>
  <nd ref="5449662553"/>
  <nd ref="5449662554"/>
  <nd ref="5449662555"/>
  <nd ref="5449662556"/>
  <nd ref="5449662557"/>
  <nd ref="5449662558"/>
  <nd ref="5449662549"/>
  <tag k="building" v="yes"/>
 </way>
 <way id="566006467" visible="true" version="1" changeset="56838198" timestamp="2018-03-03T05:12:41Z" user="WZTENG" uid="7583988">
  <nd ref="5449662561"/>
  <nd ref="5449662562"/>
  <nd ref="5449662563"/>
  <nd ref="5449662564"/>
  <nd ref="5449662561"/>
  <tag k="building" v="yes"/>
 </way>
 <way id="566006469" visible="true" version="1" changeset="56838198" timestamp="2018-03-03T05:12:41Z" user="WZTENG" uid="7583988">
  <nd ref="5449662574"/>
  <nd ref="5449662575"/>
  <nd ref="5449662576"/>
  <nd ref="5449662577"/>
  <nd ref="5449662574"/>
  <tag k="building" v="yes"/>
 </way>
 <way id="566006470" visible="true" version="1" changeset="56838198" timestamp="2018-03-03T05:12:41Z" user="WZTENG" uid="7583988">
  <nd ref="5449662578"/>
  <nd ref="5449662579"/>
  <nd ref="5449662580"/>
  <nd ref="5449662581"/>
  <nd ref="5449662582"/>
  <nd ref="5449662583"/>
  <nd ref="5449662584"/>
  <nd ref="5449662585"/>
  <nd ref="5449662578"/>
  <tag k="building" v="yes"/>
 </way>
 <way id="566006487" visible="true" version="1" changeset="56838198" timestamp="2018-03-03T05:12:42Z" user="WZTENG" uid="7583988">
  <nd ref="5449662666"/>
  <nd ref="5449662667"/>
  <nd ref="5449662668"/>
  <nd ref="5449662669"/>
  <nd ref="5449662666"/>
  <tag k="building" v="yes"/>
 </way>
 <way id="566006488" visible="true" version="1" changeset="56838198" timestamp="2018-03-03T05:12:42Z" user="WZTENG" uid="7583988">
  <nd ref="5449662670"/>
  <nd ref="5449662671"/>
  <nd ref="5449662672"/>
  <nd ref="5449662673"/>
  <nd ref="5449662674"/>
  <nd ref="5449662675"/>
  <nd ref="5449662676"/>
  <nd ref="5449662677"/>
  <nd ref="5449662678"/>
  <nd ref="5449662679"/>
  <nd ref="5449662680"/>
  <nd ref="5449662681"/>
  <nd ref="5449662682"/>
  <nd ref="5449662685"/>
  <nd ref="5449662684"/>
  <nd ref="5449662686"/>
  <nd ref="5449662683"/>
  <nd ref="5449662670"/>
  <tag k="building" v="yes"/>
 </way>
 <way id="566006489" visible="true" version="1" changeset="56838198" timestamp="2018-03-03T05:12:42Z" user="WZTENG" uid="7583988">
  <nd ref="5449662687"/>
  <nd ref="5449662688"/>
  <nd ref="5449662689"/>
  <nd ref="5449662690"/>
  <nd ref="5449662691"/>
  <nd ref="5449662692"/>
  <nd ref="5449662693"/>
  <nd ref="5449662694"/>
  <nd ref="5449662687"/>
  <tag k="building" v="yes"/>
 </way>
 <way id="566006490" visible="true" version="1" changeset="56838198" timestamp="2018-03-03T05:12:42Z" user="WZTENG" uid="7583988">
  <nd ref="5449662695"/>
  <nd ref="5449662696"/>
  <nd ref="5449662697"/>
  <nd ref="5449662698"/>
  <nd ref="5449662699"/>
  <nd ref="5449662700"/>
  <nd ref="5449662695"/>
  <tag k="building" v="yes"/>
 </way>
 <way id="598997467" visible="true" version="17" changeset="177198129" timestamp="2026-01-13T22:11:46Z" user="shu0410" uid="20258183">
  <nd ref="5700123987"/>
  <nd ref="7984833714"/>
  <nd ref="7984833712"/>
  <nd ref="7984833713"/>
  <nd ref="5700123988"/>
  <nd ref="5700123989"/>
  <nd ref="7984833710"/>
  <nd ref="7984833709"/>
  <nd ref="7984833707"/>
  <nd ref="7984833708"/>
  <nd ref="5700123990"/>
  <nd ref="7984833704"/>
  <nd ref="7984833705"/>
  <nd ref="7984833706"/>
  <nd ref="5700123991"/>
  <nd ref="7984833703"/>
  <nd ref="7984833702"/>
  <nd ref="7984833701"/>
  <nd ref="7984833700"/>
  <nd ref="5700123992"/>
  <nd ref="5700123993"/>
  <nd ref="7984833699"/>
  <nd ref="7984833698"/>
  <nd ref="5700123994"/>
  <nd ref="5700123995"/>
  <nd ref="7984859340"/>
  <nd ref="5700123996"/>
  <nd ref="7984859338"/>
  <nd ref="7984859339"/>
  <nd ref="7984859337"/>
  <nd ref="7984859336"/>
  <nd ref="7984859335"/>
  <nd ref="7984859334"/>
  <nd ref="7984859333"/>
  <nd ref="7984859332"/>
  <nd ref="7987111650"/>
  <nd ref="7984859331"/>
  <nd ref="5700123997"/>
  <nd ref="7984859330"/>
  <nd ref="7984859329"/>
  <nd ref="7984859328"/>
  <nd ref="7984859327"/>
  <nd ref="7984859326"/>
  <nd ref="7984859325"/>
  <nd ref="7984859324"/>
  <nd ref="7984859323"/>
  <nd ref="7984859322"/>
  <nd ref="7984859321"/>
  <nd ref="7984859320"/>
  <nd ref="5700123998"/>
  <nd ref="7984859319"/>
  <nd ref="7984859318"/>
  <nd ref="5700123999"/>
  <nd ref="7984859317"/>
  <nd ref="7984859316"/>
  <nd ref="7984859315"/>
  <nd ref="5700124000"/>
  <nd ref="7984859314"/>
  <nd ref="7984859313"/>
  <nd ref="5700124001"/>
  <nd ref="7984859312"/>
  <nd ref="7984859311"/>
  <nd ref="7984859310"/>
  <nd ref="7984859309"/>
  <nd ref="7984859308"/>
  <nd ref="7984859307"/>
  <nd ref="7984859306"/>
  <nd ref="7984859305"/>
  <nd ref="7984859304"/>
  <nd ref="7984859303"/>
  <nd ref="7984859302"/>
  <nd ref="7984859298"/>
  <nd ref="7984859301"/>
  <nd ref="7984859297"/>
  <nd ref="7984859300"/>
  <nd ref="7984859296"/>
  <nd ref="7933344092"/>
  <nd ref="5700124002"/>
  <nd ref="7984859299"/>
  <nd ref="5700124003"/>
  <nd ref="7987111649"/>
  <nd ref="7984859295"/>
  <nd ref="7984859294"/>
  <nd ref="7984859293"/>
  <nd ref="415824398"/>
  <nd ref="7984859292"/>
  <nd ref="5700124005"/>
  <nd ref="7984859291"/>
  <nd ref="7984859290"/>
  <nd ref="7984859289"/>
  <nd ref="7984859288"/>
  <nd ref="7984859287"/>
  <nd ref="7984859286"/>
  <nd ref="7984859285"/>
  <nd ref="7984859284"/>
  <nd ref="9882278710"/>
  <nd ref="5700124006"/>
  <nd ref="7984859283"/>
  <nd ref="5700124007"/>
  <nd ref="5700124008"/>
  <nd ref="7984859282"/>
  <nd ref="7984859281"/>
  <nd ref="7984859280"/>
  <nd ref="7984859279"/>
  <nd ref="7984859278"/>
  <nd ref="7984859277"/>
  <nd ref="7984859276"/>
  <nd ref="7984859275"/>
  <nd ref="5700124009"/>
  <nd ref="7984859274"/>
  <nd ref="7984859273"/>
  <nd ref="7984859272"/>
  <nd ref="9875574852"/>
  <nd ref="5700124010"/>
  <nd ref="7984859271"/>
  <nd ref="7984859270"/>
  <nd ref="7984859269"/>
  <nd ref="7984859268"/>
  <nd ref="7984859267"/>
  <nd ref="7984859266"/>
  <nd ref="7984859265"/>
  <nd ref="7984859264"/>
  <nd ref="7984859263"/>
  <nd ref="7984859262"/>
  <nd ref="7984859261"/>
  <nd ref="7984859260"/>
  <nd ref="7984859259"/>
  <nd ref="7984859258"/>
  <nd ref="7984859257"/>
  <nd ref="5700124011"/>
  <nd ref="7984859256"/>
  <nd ref="9882278725"/>
  <nd ref="7984859254"/>
  <nd ref="7984859255"/>
  <nd ref="7984859253"/>
  <nd ref="5700124012"/>
  <nd ref="7984859252"/>
  <nd ref="7984859251"/>
  <nd ref="7984859250"/>
  <nd ref="7984859249"/>
  <nd ref="7984859248"/>
  <nd ref="7984859247"/>
  <nd ref="7987111648"/>
  <nd ref="5700124013"/>
  <nd ref="7984859246"/>
  <nd ref="7984859245"/>
  <nd ref="7984859244"/>
  <nd ref="7984859237"/>
  <nd ref="7984859243"/>
  <nd ref="7984859242"/>
  <nd ref="7984859241"/>
  <nd ref="7984859240"/>
  <nd ref="7984859239"/>
  <nd ref="7984859238"/>
  <nd ref="7984859236"/>
  <nd ref="7984859235"/>
  <nd ref="7984859234"/>
  <nd ref="3333949285"/>
  <nd ref="7984859230"/>
  <nd ref="7987935397"/>
  <nd ref="7984859229"/>
  <nd ref="7984859228"/>
  <nd ref="7984859224"/>
  <nd ref="7984859227"/>
  <nd ref="7987935396"/>
  <nd ref="7984859226"/>
  <nd ref="7984859220"/>
  <nd ref="7984859221"/>
  <nd ref="7984859225"/>
  <nd ref="7984859222"/>
  <nd ref="7984859223"/>
  <nd ref="3333949265"/>
  <nd ref="7984859219"/>
  <nd ref="7984859218"/>
  <nd ref="7984859217"/>
  <nd ref="7984859216"/>
  <nd ref="7984859214"/>
  <nd ref="7984859213"/>
  <nd ref="7984859215"/>
  <nd ref="5700124015"/>
  <nd ref="7984859212"/>
  <nd ref="7984859211"/>
  <nd ref="7984859210"/>
  <nd ref="7984859209"/>
  <nd ref="7984859208"/>
  <nd ref="7984859207"/>
  <nd ref="7984859206"/>
  <nd ref="7984859204"/>
  <nd ref="7984859205"/>
  <nd ref="7984859203"/>
  <nd ref="7984859202"/>
  <nd ref="7984859201"/>
  <nd ref="7984859200"/>
  <nd ref="7984859199"/>
  <nd ref="7984859198"/>
  <nd ref="7984859197"/>
  <nd ref="7984859196"/>
  <nd ref="7984859195"/>
  <nd ref="7984859194"/>
  <nd ref="7984859193"/>
  <nd ref="7984859192"/>
  <nd ref="7984859191"/>
  <nd ref="7984859190"/>
  <nd ref="7984859189"/>
  <nd ref="7984859188"/>
  <nd ref="7984859187"/>
  <nd ref="7984859186"/>
  <nd ref="7984833784"/>
  <nd ref="7984833783"/>
  <nd ref="7987111634"/>
  <nd ref="7984833781"/>
  <nd ref="5449733061"/>
  <nd ref="5449733060"/>
  <nd ref="7984833780"/>
  <nd ref="7984833782"/>
  <nd ref="7984859185"/>
  <nd ref="7984833779"/>
  <nd ref="5700124016"/>
  <nd ref="7984833778"/>
  <nd ref="7984833777"/>
  <nd ref="7984833776"/>
  <nd ref="7984833775"/>
  <nd ref="5700124017"/>
  <nd ref="7984833774"/>
  <nd ref="7984833773"/>
  <nd ref="7984833772"/>
  <nd ref="7984833771"/>
  <nd ref="7984833770"/>
  <nd ref="7984833769"/>
  <nd ref="7984833768"/>
  <nd ref="7984833767"/>
  <nd ref="7984833766"/>
  <nd ref="7984833765"/>
  <nd ref="7984833764"/>
  <nd ref="5700124018"/>
  <nd ref="1762871157"/>
  <nd ref="1762871051"/>
  <nd ref="7984833763"/>
  <nd ref="7984833762"/>
  <nd ref="7984833761"/>
  <nd ref="7984833760"/>
  <nd ref="7984833759"/>
  <nd ref="7984833757"/>
  <nd ref="7984833758"/>
  <nd ref="1762871049"/>
  <nd ref="7984833756"/>
  <nd ref="7984833755"/>
  <nd ref="7984833754"/>
  <nd ref="7984833753"/>
  <nd ref="1762871047"/>
  <nd ref="7984833751"/>
  <nd ref="7984833752"/>
  <nd ref="7984833750"/>
  <nd ref="7984833749"/>
  <nd ref="7984833748"/>
  <nd ref="1762871021"/>
  <nd ref="1762871155"/>
  <nd ref="5449662476"/>
  <nd ref="7984833743"/>
  <nd ref="7984833742"/>
  <nd ref="8428613599"/>
  <nd ref="7984833741"/>
  <nd ref="8428613598"/>
  <nd ref="8428613606"/>
  <nd ref="7984833740"/>
  <nd ref="7984833739"/>
  <nd ref="7984833738"/>
  <nd ref="7984833737"/>
  <nd ref="7984833736"/>
  <nd ref="7984833735"/>
  <nd ref="7984833731"/>
  <nd ref="7984833734"/>
  <nd ref="7984833733"/>
  <nd ref="7984833732"/>
  <nd ref="7984833730"/>
  <nd ref="7984833729"/>
  <nd ref="7984833728"/>
  <nd ref="7984833727"/>
  <nd ref="7984833726"/>
  <nd ref="7984833725"/>
  <nd ref="7984833724"/>
  <nd ref="7984833723"/>
  <nd ref="7984833722"/>
  <nd ref="7984833721"/>
  <nd ref="7984833720"/>
  <nd ref="7984833719"/>
  <nd ref="7984833718"/>
  <nd ref="7984833717"/>
  <nd ref="7984833716"/>
  <nd ref="7984833715"/>
  <nd ref="7984833711"/>
  <nd ref="5700123987"/>
  <tag k="aerodrome" v="international"/>
  <tag k="aerodrome:type" v="international"/>
  <tag k="aeroway" v="aerodrome"/>
  <tag k="closest_town" v="Xiamen"/>
  <tag k="ele" v="18"/>
  <tag k="iata" v="XMN"/>
  <tag k="icao" v="ZSAM"/>
  <tag k="name" v="厦门高崎国际机场"/>
  <tag k="name:en" v="Xiamen Gaoqi International Airport"/>
  <tag k="name:ko-KR" v="샤먼 가오치 국제공항"/>
  <tag k="name:nan" v="Ē-mn̂g Ko-kiâ Kok-chè Ki-tiûⁿ"/>
  <tag k="name:nan-Hans" v="厦门高崎国际机场"/>
  <tag k="name:nan-Latn-pehoeji" v="Ē-mn̂g Ko-kiâ Kok-chè Ki-tiûⁿ"/>
  <tag k="name:nan-Latn-tailo" v="Ē-mn̂g Ko-kiâ Kok-tsè Ki-tiûnn"/>
  <tag k="name:vi" v="Sân bay quốc tế Cao Khi Hạ Môn"/>
  <tag k="name:zh" v="厦门高崎国际机场"/>
  <tag k="name:zh-Hans" v="厦门高崎国际机场"/>
  <tag k="name:zh-Hant" v="廈門高崎國際機場"/>
  <tag k="note" v="标注aerodrome=international是为了在公共交通地图图层显示该机场"/>
  <tag k="operator" v="Xiamen International Airport Group Co., Ltd.(XIAGC)"/>
  <tag k="source" v="wikipedia"/>
  <tag k="wikidata" v="Q177216"/>
  <tag k="wikipedia" v="zh:厦门高崎国际机场"/>
  <tag k="wikipedia:en" v="Xiamen Gaoqi International Airport"/>
  <tag k="wikipedia:zh" v="厦门高崎国际机场"/>
 </way>
 <way id="662744572" visible="true" version="9" changeset="132681457" timestamp="2023-02-17T15:04:57Z" user="Rudi_Z" uid="18335662">
  <nd ref="7986953683"/>
  <nd ref="8995511042"/>
  <nd ref="6204270177"/>
  <nd ref="7986835083"/>
  <nd ref="7986953705"/>
  <nd ref="7986835070"/>
  <nd ref="7986835069"/>
  <nd ref="7986953692"/>
  <nd ref="7986835054"/>
  <nd ref="7986953716"/>
  <nd ref="7986835055"/>
  <nd ref="7986835039"/>
  <nd ref="7986835096"/>
  <nd ref="7986835040"/>
  <nd ref="7986835026"/>
  <nd ref="7986835025"/>
  <nd ref="7986835084"/>
  <nd ref="7986835110"/>
  <nd ref="7986835010"/>
  <nd ref="7986835009"/>
  <nd ref="7986835123"/>
  <nd ref="7986835098"/>
  <nd ref="7986834997"/>
  <nd ref="7986834995"/>
  <nd ref="7986835137"/>
  <nd ref="7986835111"/>
  <nd ref="6204270178"/>
  <nd ref="7986835124"/>
  <nd ref="7986834979"/>
  <nd ref="7986835151"/>
  <nd ref="7986835188"/>
  <nd ref="7986834963"/>
  <nd ref="7986835138"/>
  <nd ref="7986835163"/>
  <nd ref="7986835176"/>
  <nd ref="6204270180"/>
  <nd ref="7986835152"/>
  <nd ref="6204270288"/>
  <tag k="aeroway" v="taxiway"/>
  <tag k="ref" v="T4"/>
 </way>
 <way id="662744579" visible="true" version="2" changeset="92148246" timestamp="2020-10-08T06:27:13Z" user="ObRiver" uid="10529631">
  <nd ref="6204270154"/>
  <nd ref="6204270155"/>
  <nd ref="7986953395"/>
  <nd ref="6204270156"/>
  <nd ref="6204270157"/>
  <nd ref="7986953394"/>
  <nd ref="1762871052"/>
  <nd ref="6204270158"/>
  <nd ref="7986953393"/>
  <nd ref="6204270159"/>
  <nd ref="7986953392"/>
  <nd ref="6204270160"/>
  <nd ref="7986953391"/>
  <nd ref="6204270152"/>
  <tag k="aeroway" v="taxiway"/>
 </way>
 <way id="662744580" visible="true" version="2" changeset="92148246" timestamp="2020-10-08T06:27:13Z" user="ObRiver" uid="10529631">
  <nd ref="6204270162"/>
  <nd ref="7986953309"/>
  <nd ref="7986953310"/>
  <nd ref="6204270163"/>
  <nd ref="6204270164"/>
  <nd ref="7986953311"/>
  <nd ref="2259585818"/>
  <nd ref="6204270165"/>
  <nd ref="6204270166"/>
  <nd ref="7986953313"/>
  <nd ref="6204270167"/>
  <nd ref="7986953312"/>
  <nd ref="6204270168"/>
  <tag k="aeroway" v="taxiway"/>
 </way>
 <way id="662744581" visible="true" version="3" changeset="109450340" timestamp="2021-08-10T09:05:01Z" user="Kirkepladsen" uid="10892567">
  <nd ref="6204270170"/>
  <nd ref="7986953672"/>
  <nd ref="7986953673"/>
  <nd ref="7986953674"/>
  <nd ref="7986953675"/>
  <nd ref="6204270171"/>
  <nd ref="6204270172"/>
  <nd ref="7986953676"/>
  <nd ref="7986953677"/>
  <nd ref="6204270173"/>
  <nd ref="2259585821"/>
  <nd ref="7986953682"/>
  <nd ref="7986953681"/>
  <nd ref="6204270174"/>
  <nd ref="7986953680"/>
  <nd ref="6204270175"/>
  <nd ref="7986953679"/>
  <nd ref="6204270176"/>
  <nd ref="7986953678"/>
  <nd ref="8995511043"/>
  <nd ref="6204270177"/>
  <tag k="aeroway" v="taxiway"/>
 </way>
 <way id="662744622" visible="true" version="1" changeset="66261389" timestamp="2019-01-12T21:50:15Z" user="lorenzo23622" uid="476483">
  <nd ref="1762871048"/>
  <nd ref="6204270603"/>
  <nd ref="6204270604"/>
  <nd ref="6204270605"/>
  <nd ref="1408157344"/>
  <tag k="aeroway" v="taxiway"/>
 </way>
 <way id="662744623" visible="true" version="2" changeset="121065438" timestamp="2022-05-16T18:54:22Z" user="Airbus 350-900" uid="15443585">
  <nd ref="6204270621"/>
  <nd ref="6204270622"/>
  <nd ref="6204270623"/>
  <nd ref="6204270624"/>
  <nd ref="6204270625"/>
  <nd ref="6204270626"/>
  <nd ref="1408157412"/>
  <tag k="aeroway" v="taxiway"/>
 </way>
 <way id="856628228" visible="true" version="1" changeset="92148246" timestamp="2020-10-08T06:27:13Z" user="ObRiver" uid="10529631">
  <nd ref="7986936667"/>
  <nd ref="7986936662"/>
  <nd ref="7986936661"/>
  <nd ref="7986936660"/>
  <nd ref="7986953205"/>
  <tag k="aeroway" v="taxiway"/>
 </way>
 <way id="856628229" visible="true" version="2" changeset="121065438" timestamp="2022-05-16T18:54:22Z" user="Airbus 350-900" uid="15443585">
  <nd ref="7986936671"/>
  <nd ref="9745256921"/>
  <nd ref="7986936669"/>
  <nd ref="7986936668"/>
  <nd ref="7986936667"/>
  <tag k="aeroway" v="taxiway"/>
 </way>
 <way id="856628230" visible="true" version="2" changeset="121065438" timestamp="2022-05-16T18:54:22Z" user="Airbus 350-900" uid="15443585">
  <nd ref="7986936680"/>
  <nd ref="7986953223"/>
  <nd ref="7986936679"/>
  <nd ref="7986936678"/>
  <nd ref="7986953265"/>
  <nd ref="7986953277"/>
  <nd ref="7986936677"/>
  <nd ref="7986953301"/>
  <nd ref="7986936671"/>
  <tag k="aeroway" v="taxiway"/>
  <tag k="ref" v="T8"/>
 </way>
 <way id="856628233" visible="true" version="2" changeset="121065438" timestamp="2022-05-16T18:54:22Z" user="Airbus 350-900" uid="15443585">
  <nd ref="7986953205"/>
  <nd ref="7986953206"/>
  <nd ref="7986953333"/>
  <nd ref="7986953207"/>
  <nd ref="7986953208"/>
  <nd ref="7986953209"/>
  <nd ref="7986953210"/>
  <nd ref="7986953216"/>
  <tag k="aeroway" v="taxiway"/>
  <tag k="ref" v="T9"/>
 </way>
 <way id="856628234" visible="true" version="2" changeset="102404334" timestamp="2021-04-06T11:40:07Z" user="user_7130456" uid="7130456">
  <nd ref="7986953224"/>
  <nd ref="7986953222"/>
  <nd ref="7986953221"/>
  <nd ref="7986953220"/>
  <nd ref="7986953219"/>
  <nd ref="7986953218"/>
  <nd ref="7986953217"/>
  <tag k="aeroway" v="parking_position"/>
 </way>
 <way id="856628235" visible="true" version="5" changeset="109450340" timestamp="2021-08-10T09:05:01Z" user="Kirkepladsen" uid="10892567">
  <nd ref="7986953229"/>
  <nd ref="7986953228"/>
  <nd ref="7986953227"/>
  <nd ref="7986953226"/>
  <nd ref="7986953225"/>
  <nd ref="7986953224"/>
  <nd ref="8995511095"/>
  <nd ref="7986953223"/>
  <tag k="aeroway" v="parking_position"/>
 </way>
 <way id="856628236" visible="true" version="2" changeset="102404334" timestamp="2021-04-06T11:40:07Z" user="user_7130456" uid="7130456">
  <nd ref="7986953238"/>
  <nd ref="7986953236"/>
  <nd ref="7986953235"/>
  <nd ref="7986953234"/>
  <nd ref="7986953233"/>
  <nd ref="7986953232"/>
  <nd ref="7986953231"/>
  <tag k="aeroway" v="parking_position"/>
 </way>
 <way id="856628237" visible="true" version="6" changeset="121065438" timestamp="2022-05-16T18:54:22Z" user="Airbus 350-900" uid="15443585">
  <nd ref="7986953243"/>
  <nd ref="7986953230"/>
  <nd ref="7986953242"/>
  <nd ref="7986953241"/>
  <nd ref="7986953240"/>
  <nd ref="7986953239"/>
  <nd ref="7986953238"/>
  <nd ref="8995511094"/>
  <nd ref="7986936679"/>
  <tag k="aeroway" v="parking_position"/>
 </way>
 <way id="856628238" visible="true" version="5" changeset="109450340" timestamp="2021-08-10T09:05:01Z" user="Kirkepladsen" uid="10892567">
  <nd ref="7986953253"/>
  <nd ref="7986953251"/>
  <nd ref="7986953250"/>
  <nd ref="7986953249"/>
  <nd ref="7986953248"/>
  <nd ref="7986953247"/>
  <nd ref="8995511061"/>
  <nd ref="7986953246"/>
  <nd ref="7986953245"/>
  <tag k="aeroway" v="parking_position"/>
 </way>
 <way id="856628239" visible="true" version="6" changeset="121065438" timestamp="2022-05-16T18:54:22Z" user="Airbus 350-900" uid="15443585">
  <nd ref="7986953258"/>
  <nd ref="7986953244"/>
  <nd ref="7986953257"/>
  <nd ref="7986953256"/>
  <nd ref="7986953255"/>
  <nd ref="7986953254"/>
  <nd ref="7986953253"/>
  <nd ref="8995511093"/>
  <nd ref="7986936678"/>
  <tag k="aeroway" v="parking_position"/>
 </way>
 <way id="856628240" visible="true" version="2" changeset="102404334" timestamp="2021-04-06T11:40:07Z" user="user_7130456" uid="7130456">
  <nd ref="7986953266"/>
  <nd ref="7986953264"/>
  <nd ref="7986953263"/>
  <nd ref="7986953262"/>
  <nd ref="7986953261"/>
  <nd ref="7986953260"/>
  <nd ref="7986953259"/>
  <tag k="aeroway" v="parking_position"/>
 </way>
 <way id="856628241" visible="true" version="5" changeset="109450340" timestamp="2021-08-10T09:05:01Z" user="Kirkepladsen" uid="10892567">
  <nd ref="7986953271"/>
  <nd ref="7986953270"/>
  <nd ref="7986953269"/>
  <nd ref="7986953268"/>
  <nd ref="7986953267"/>
  <nd ref="7986953266"/>
  <nd ref="8995511092"/>
  <nd ref="7986953265"/>
  <tag k="aeroway" v="parking_position"/>
 </way>
 <way id="856628242" visible="true" version="2" changeset="102404334" timestamp="2021-04-06T11:40:07Z" user="user_7130456" uid="7130456">
  <nd ref="7986953278"/>
  <nd ref="7986953276"/>
  <nd ref="7986953275"/>
  <nd ref="7986953274"/>
  <nd ref="7986953273"/>
  <nd ref="7986953272"/>
  <tag k="aeroway" v="parking_position"/>
 </way>
 <way id="856628243" visible="true" version="5" changeset="109450340" timestamp="2021-08-10T09:05:01Z" user="Kirkepladsen" uid="10892567">
  <nd ref="7986953283"/>
  <nd ref="7986953282"/>
  <nd ref="7986953281"/>
  <nd ref="7986953280"/>
  <nd ref="7986953279"/>
  <nd ref="7986953278"/>
  <nd ref="8995511091"/>
  <nd ref="7986953277"/>
  <tag k="aeroway" v="parking_position"/>
 </way>
 <way id="856628244" visible="true" version="2" changeset="102404334" timestamp="2021-04-06T11:40:07Z" user="user_7130456" uid="7130456">
  <nd ref="7986953290"/>
  <nd ref="7986953288"/>
  <nd ref="7986953287"/>
  <nd ref="7986953286"/>
  <nd ref="7986953285"/>
  <nd ref="7986953284"/>
  <tag k="aeroway" v="parking_position"/>
 </way>
 <way id="856628245" visible="true" version="6" changeset="121065438" timestamp="2022-05-16T18:54:22Z" user="Airbus 350-900" uid="15443585">
  <nd ref="7986953295"/>
  <nd ref="7986953294"/>
  <nd ref="7986953293"/>
  <nd ref="7986953292"/>
  <nd ref="7986953291"/>
  <nd ref="7986953290"/>
  <nd ref="8995511090"/>
  <nd ref="7986936677"/>
  <tag k="aeroway" v="parking_position"/>
 </way>
 <way id="856628246" visible="true" version="3" changeset="109440996" timestamp="2021-08-10T06:15:17Z" user="Kirkepladsen" uid="10892567">
  <nd ref="7986953302"/>
  <nd ref="7986953300"/>
  <nd ref="7986953299"/>
  <nd ref="7986953298"/>
  <nd ref="7986953297"/>
  <nd ref="7986953296"/>
  <tag k="aeroway" v="parking_position"/>
 </way>
 <way id="856628247" visible="true" version="5" changeset="109450340" timestamp="2021-08-10T09:05:01Z" user="Kirkepladsen" uid="10892567">
  <nd ref="7986953307"/>
  <nd ref="7986953306"/>
  <nd ref="7986953305"/>
  <nd ref="7986953304"/>
  <nd ref="7986953303"/>
  <nd ref="7986953302"/>
  <nd ref="8995511089"/>
  <nd ref="7986953301"/>
  <tag k="aeroway" v="parking_position"/>
 </way>
 <way id="856628248" visible="true" version="2" changeset="102404334" timestamp="2021-04-06T11:40:07Z" user="user_7130456" uid="7130456">
  <nd ref="7986953321"/>
  <nd ref="7986953319"/>
  <nd ref="7986953318"/>
  <nd ref="7986953317"/>
  <nd ref="7986953316"/>
  <nd ref="7986953315"/>
  <nd ref="7986953314"/>
  <tag k="aeroway" v="parking_position"/>
 </way>
 <way id="856628249" visible="true" version="6" changeset="121065438" timestamp="2022-05-16T18:54:22Z" user="Airbus 350-900" uid="15443585">
  <nd ref="7986953326"/>
  <nd ref="7986953325"/>
  <nd ref="7986953324"/>
  <nd ref="7986953323"/>
  <nd ref="7986953322"/>
  <nd ref="7986953321"/>
  <nd ref="8995511087"/>
  <nd ref="7986953206"/>
  <tag k="aeroway" v="parking_position"/>
 </way>
 <way id="856628250" visible="true" version="2" changeset="102404334" timestamp="2021-04-06T11:40:07Z" user="user_7130456" uid="7130456">
  <nd ref="7986953334"/>
  <nd ref="7986953332"/>
  <nd ref="7986953331"/>
  <nd ref="7986953330"/>
  <nd ref="7986953329"/>
  <nd ref="7986953328"/>
  <nd ref="7986953327"/>
  <tag k="aeroway" v="parking_position"/>
 </way>
 <way id="856628251" visible="true" version="5" changeset="109450340" timestamp="2021-08-10T09:05:01Z" user="Kirkepladsen" uid="10892567">
  <nd ref="7986953339"/>
  <nd ref="7986953338"/>
  <nd ref="7986953337"/>
  <nd ref="7986953336"/>
  <nd ref="7986953335"/>
  <nd ref="7986953334"/>
  <nd ref="8995511086"/>
  <nd ref="7986953333"/>
  <tag k="aeroway" v="parking_position"/>
 </way>
 <way id="856628252" visible="true" version="2" changeset="102404334" timestamp="2021-04-06T11:40:07Z" user="user_7130456" uid="7130456">
  <nd ref="7986953346"/>
  <nd ref="7986953344"/>
  <nd ref="7986953343"/>
  <nd ref="7986953342"/>
  <nd ref="7986953341"/>
  <nd ref="7986953340"/>
  <tag k="aeroway" v="parking_position"/>
 </way>
 <way id="856628253" visible="true" version="6" changeset="121065438" timestamp="2022-05-16T18:54:22Z" user="Airbus 350-900" uid="15443585">
  <nd ref="7986953350"/>
  <nd ref="7986953349"/>
  <nd ref="7986953348"/>
  <nd ref="7986953347"/>
  <nd ref="7986953346"/>
  <nd ref="8995511085"/>
  <nd ref="7986953207"/>
  <tag k="aeroway" v="parking_position"/>
 </way>
 <way id="856628254" visible="true" version="2" changeset="102404334" timestamp="2021-04-06T11:40:07Z" user="user_7130456" uid="7130456">
  <nd ref="7986953358"/>
  <nd ref="7986953356"/>
  <nd ref="7986953355"/>
  <nd ref="7986953354"/>
  <nd ref="7986953353"/>
  <nd ref="7986953352"/>
  <nd ref="7986953351"/>
  <tag k="aeroway" v="parking_position"/>
 </way>
 <way id="856628255" visible="true" version="6" changeset="121065438" timestamp="2022-05-16T18:54:22Z" user="Airbus 350-900" uid="15443585">
  <nd ref="7986953362"/>
  <nd ref="7986953361"/>
  <nd ref="7986953360"/>
  <nd ref="7986953359"/>
  <nd ref="7986953358"/>
  <nd ref="8995511084"/>
  <nd ref="7986953208"/>
  <tag k="aeroway" v="parking_position"/>
 </way>
 <way id="856628256" visible="true" version="2" changeset="102404334" timestamp="2021-04-06T11:40:07Z" user="user_7130456" uid="7130456">
  <nd ref="7986953370"/>
  <nd ref="7986953368"/>
  <nd ref="7986953367"/>
  <nd ref="7986953366"/>
  <nd ref="7986953365"/>
  <nd ref="7986953364"/>
  <nd ref="7986953363"/>
  <tag k="aeroway" v="parking_position"/>
 </way>
 <way id="856628257" visible="true" version="6" changeset="121065438" timestamp="2022-05-16T18:54:22Z" user="Airbus 350-900" uid="15443585">
  <nd ref="7986953375"/>
  <nd ref="7986953374"/>
  <nd ref="7986953373"/>
  <nd ref="7986953372"/>
  <nd ref="7986953371"/>
  <nd ref="7986953370"/>
  <nd ref="8995511083"/>
  <nd ref="7986953209"/>
  <tag k="aeroway" v="parking_position"/>
 </way>
 <way id="856628258" visible="true" version="2" changeset="102404334" timestamp="2021-04-06T11:40:07Z" user="user_7130456" uid="7130456">
  <nd ref="7986953382"/>
  <nd ref="7986953380"/>
  <nd ref="7986953379"/>
  <nd ref="7986953378"/>
  <nd ref="7986953377"/>
  <nd ref="7986953376"/>
  <tag k="aeroway" v="parking_position"/>
 </way>
 <way id="856628259" visible="true" version="5" changeset="121065438" timestamp="2022-05-16T18:54:22Z" user="Airbus 350-900" uid="15443585">
  <nd ref="7986953386"/>
  <nd ref="7986953385"/>
  <nd ref="7986953384"/>
  <nd ref="7986953383"/>
  <nd ref="7986953382"/>
  <nd ref="8995105320"/>
  <nd ref="7986953210"/>
  <tag k="aeroway" v="parking_position"/>
 </way>
 <way id="856628260" visible="true" version="2" changeset="102404334" timestamp="2021-04-06T11:40:07Z" user="user_7130456" uid="7130456">
  <nd ref="7986953406"/>
  <nd ref="7986953404"/>
  <nd ref="7986953403"/>
  <nd ref="7986953402"/>
  <nd ref="7986953401"/>
  <nd ref="7986953400"/>
  <nd ref="7986953399"/>
  <nd ref="7986953398"/>
  <nd ref="7986953397"/>
  <nd ref="7986953396"/>
  <tag k="aeroway" v="parking_position"/>
 </way>
 <way id="856628261" visible="true" version="6" changeset="133071871" timestamp="2023-02-27T06:06:30Z" user="Aaron_ZSAM" uid="18552639">
  <nd ref="7986953413"/>
  <nd ref="7986953412"/>
  <nd ref="7986953411"/>
  <nd ref="7986953410"/>
  <nd ref="7986953409"/>
  <nd ref="7986953408"/>
  <nd ref="7986953407"/>
  <nd ref="7986953406"/>
  <nd ref="8995511046"/>
  <nd ref="7986953405"/>
  <nd ref="7986953387"/>
  <tag k="aeroway" v="parking_position"/>
  <tag k="ref" v="34"/>
 </way>
 <way id="856628262" visible="true" version="2" changeset="102404334" timestamp="2021-04-06T11:40:07Z" user="user_7130456" uid="7130456">
  <nd ref="7986953424"/>
  <nd ref="7986953422"/>
  <nd ref="7986953421"/>
  <nd ref="7986953420"/>
  <nd ref="7986953419"/>
  <nd ref="7986953418"/>
  <nd ref="7986953417"/>
  <nd ref="7986953416"/>
  <nd ref="7986953415"/>
  <nd ref="7986953414"/>
  <tag k="aeroway" v="parking_position"/>
 </way>
 <way id="856628263" visible="true" version="6" changeset="121065438" timestamp="2022-05-16T18:54:22Z" user="Airbus 350-900" uid="15443585">
  <nd ref="7986953430"/>
  <nd ref="7986953429"/>
  <nd ref="7986953428"/>
  <nd ref="7986953427"/>
  <nd ref="7986953426"/>
  <nd ref="7986953425"/>
  <nd ref="7986953424"/>
  <nd ref="8995511047"/>
  <nd ref="7986953388"/>
  <tag k="aeroway" v="parking_position"/>
 </way>
 <way id="856628264" visible="true" version="2" changeset="102404334" timestamp="2021-04-06T11:40:07Z" user="user_7130456" uid="7130456">
  <nd ref="7986953440"/>
  <nd ref="7986953438"/>
  <nd ref="7986953437"/>
  <nd ref="7986953436"/>
  <nd ref="7986953435"/>
  <nd ref="7986953434"/>
  <nd ref="7986953433"/>
  <nd ref="7986953432"/>
  <nd ref="7986953431"/>
  <tag k="aeroway" v="parking_position"/>
 </way>
 <way id="856628265" visible="true" version="6" changeset="121065438" timestamp="2022-05-16T18:54:22Z" user="Airbus 350-900" uid="15443585">
  <nd ref="6204270115"/>
  <nd ref="7986953446"/>
  <nd ref="7986953445"/>
  <nd ref="7986953444"/>
  <nd ref="7986953443"/>
  <nd ref="7986953442"/>
  <nd ref="7986953441"/>
  <nd ref="7986953440"/>
  <nd ref="8995511048"/>
  <nd ref="7986953389"/>
  <tag k="aeroway" v="parking_position"/>
 </way>
 <way id="856628266" visible="true" version="2" changeset="102404334" timestamp="2021-04-06T11:40:07Z" user="user_7130456" uid="7130456">
  <nd ref="7986953457"/>
  <nd ref="7986953455"/>
  <nd ref="7986953454"/>
  <nd ref="7986953453"/>
  <nd ref="7986953452"/>
  <nd ref="7986953451"/>
  <nd ref="7986953450"/>
  <nd ref="7986953449"/>
  <nd ref="7986953448"/>
  <nd ref="7986953447"/>
  <tag k="aeroway" v="parking_position"/>
 </way>
 <way id="856628267" visible="true" version="6" changeset="121065438" timestamp="2022-05-16T18:54:22Z" user="Airbus 350-900" uid="15443585">
  <nd ref="6204270114"/>
  <nd ref="7986953463"/>
  <nd ref="7986953462"/>
  <nd ref="8995511054"/>
  <nd ref="7986953461"/>
  <nd ref="7986953460"/>
  <nd ref="7986953459"/>
  <nd ref="7986953458"/>
  <nd ref="7986953457"/>
  <nd ref="8995511050"/>
  <nd ref="7986953390"/>
  <tag k="aeroway" v="parking_position"/>
 </way>
 <way id="856628268" visible="true" version="3" changeset="133071871" timestamp="2023-02-27T06:06:30Z" user="Aaron_ZSAM" uid="18552639">
  <nd ref="7986953471"/>
  <nd ref="7986953469"/>
  <nd ref="7986953468"/>
  <nd ref="7986953467"/>
  <nd ref="7986953466"/>
  <nd ref="7986953465"/>
  <nd ref="7986953464"/>
  <tag k="aeroway" v="parking_position"/>
  <tag k="ref" v="1"/>
 </way>
 <way id="856628269" visible="true" version="5" changeset="133071871" timestamp="2023-02-27T06:06:30Z" user="Aaron_ZSAM" uid="18552639">
  <nd ref="7986953477"/>
  <nd ref="8995105322"/>
  <nd ref="8995511100"/>
  <nd ref="7986953475"/>
  <nd ref="7986953474"/>
  <nd ref="7986953473"/>
  <nd ref="7986953472"/>
  <nd ref="7986953471"/>
  <nd ref="7986953470"/>
  <tag k="aeroway" v="parking_position"/>
  <tag k="ref" v="1"/>
 </way>
 <way id="856628270" visible="true" version="3" changeset="133071871" timestamp="2023-02-27T06:06:30Z" user="Aaron_ZSAM" uid="18552639">
  <nd ref="7986953489"/>
  <nd ref="7986953487"/>
  <nd ref="7986953486"/>
  <nd ref="7986953485"/>
  <nd ref="7986953484"/>
  <nd ref="7986953483"/>
  <nd ref="7986953482"/>
  <nd ref="7986953480"/>
  <nd ref="7986953479"/>
  <nd ref="7986953478"/>
  <tag k="aeroway" v="parking_position"/>
  <tag k="ref" v="2"/>
 </way>
 <way id="856628271" visible="true" version="4" changeset="158722240" timestamp="2024-11-04T00:36:03Z" user="user_18306654" uid="18306654">
  <nd ref="7986953496"/>
  <nd ref="7986953465"/>
  <nd ref="7986953495"/>
  <nd ref="7986953494"/>
  <nd ref="7986953493"/>
  <nd ref="7986953492"/>
  <nd ref="7986953491"/>
  <nd ref="7986953490"/>
  <nd ref="7986953489"/>
  <nd ref="12310636398"/>
  <nd ref="7986953488"/>
  <tag k="aeroway" v="parking_position"/>
  <tag k="ref" v="2"/>
 </way>
 <way id="856628272" visible="true" version="3" changeset="133071871" timestamp="2023-02-27T06:06:30Z" user="Aaron_ZSAM" uid="18552639">
  <nd ref="10696318060"/>
  <nd ref="7986953505"/>
  <nd ref="7986953503"/>
  <nd ref="7986953502"/>
  <nd ref="7986953501"/>
  <nd ref="7986953500"/>
  <nd ref="7986953499"/>
  <nd ref="7986953498"/>
  <nd ref="10696318058"/>
  <nd ref="7986953497"/>
  <tag k="aeroway" v="parking_position"/>
  <tag k="ref" v="3"/>
 </way>
 <way id="856628274" visible="true" version="6" changeset="133071871" timestamp="2023-02-27T06:06:30Z" user="Aaron_ZSAM" uid="18552639">
  <nd ref="7986953520"/>
  <nd ref="7986953518"/>
  <nd ref="7986953517"/>
  <nd ref="7986953516"/>
  <nd ref="7986953515"/>
  <nd ref="7986953514"/>
  <nd ref="7986953541"/>
  <nd ref="8995511059"/>
  <nd ref="7986953513"/>
  <tag k="aeroway" v="parking_position"/>
  <tag k="ref" v="5"/>
 </way>
 <way id="856628275" visible="true" version="4" changeset="158722240" timestamp="2024-11-04T00:36:03Z" user="user_18306654" uid="18306654">
  <nd ref="7986953526"/>
  <nd ref="7986953525"/>
  <nd ref="7986953524"/>
  <nd ref="7986953523"/>
  <nd ref="7986953522"/>
  <nd ref="7986953521"/>
  <nd ref="7986953520"/>
  <nd ref="12310636392"/>
  <nd ref="7986953519"/>
  <tag k="aeroway" v="parking_position"/>
  <tag k="ref" v="5"/>
 </way>
 <way id="856628276" visible="true" version="3" changeset="133071871" timestamp="2023-02-27T06:06:30Z" user="Aaron_ZSAM" uid="18552639">
  <nd ref="7986953534"/>
  <nd ref="7986953532"/>
  <nd ref="7986953531"/>
  <nd ref="7986953530"/>
  <nd ref="7986953529"/>
  <nd ref="7986953528"/>
  <nd ref="7986953558"/>
  <nd ref="7986953527"/>
  <tag k="aeroway" v="parking_position"/>
  <tag k="ref" v="6"/>
 </way>
 <way id="856628277" visible="true" version="5" changeset="133071871" timestamp="2023-02-27T06:06:30Z" user="Aaron_ZSAM" uid="18552639">
  <nd ref="7986953542"/>
  <nd ref="7986953541"/>
  <nd ref="8995511058"/>
  <nd ref="8995080512"/>
  <nd ref="7986953539"/>
  <nd ref="7986953538"/>
  <nd ref="7986953537"/>
  <nd ref="7986953536"/>
  <nd ref="7986953535"/>
  <nd ref="7986953534"/>
  <nd ref="7986953533"/>
  <tag k="aeroway" v="parking_position"/>
  <tag k="ref" v="6"/>
 </way>
 <way id="856628278" visible="true" version="3" changeset="133071871" timestamp="2023-02-27T06:06:30Z" user="Aaron_ZSAM" uid="18552639">
  <nd ref="7986953551"/>
  <nd ref="7986953549"/>
  <nd ref="7986953548"/>
  <nd ref="7986953547"/>
  <nd ref="7986953546"/>
  <nd ref="7986953545"/>
  <nd ref="7986953544"/>
  <nd ref="7986953543"/>
  <tag k="aeroway" v="parking_position"/>
  <tag k="ref" v="7"/>
 </way>
 <way id="856628279" visible="true" version="4" changeset="158722240" timestamp="2024-11-04T00:36:03Z" user="user_18306654" uid="18306654">
  <nd ref="7986953559"/>
  <nd ref="7986953558"/>
  <nd ref="7986953557"/>
  <nd ref="7986953556"/>
  <nd ref="7986953555"/>
  <nd ref="7986953554"/>
  <nd ref="7986953553"/>
  <nd ref="7986953552"/>
  <nd ref="7986953551"/>
  <nd ref="12310636387"/>
  <nd ref="7986953550"/>
  <tag k="aeroway" v="parking_position"/>
  <tag k="ref" v="7"/>
 </way>
 <way id="856628280" visible="true" version="5" changeset="133071871" timestamp="2023-02-27T06:06:30Z" user="Aaron_ZSAM" uid="18552639">
  <nd ref="7986953568"/>
  <nd ref="7986953566"/>
  <nd ref="7986953565"/>
  <nd ref="7986953564"/>
  <nd ref="7986953563"/>
  <nd ref="7986953562"/>
  <nd ref="7986953561"/>
  <nd ref="7986953560"/>
  <nd ref="7986953593"/>
  <tag k="aeroway" v="parking_position"/>
  <tag k="ref" v="8"/>
 </way>
 <way id="856628281" visible="true" version="3" changeset="133071871" timestamp="2023-02-27T06:06:30Z" user="Aaron_ZSAM" uid="18552639">
  <nd ref="7986953575"/>
  <nd ref="7986953544"/>
  <nd ref="7986953574"/>
  <nd ref="7986953573"/>
  <nd ref="7986953572"/>
  <nd ref="7986953571"/>
  <nd ref="7986953570"/>
  <nd ref="7986953569"/>
  <nd ref="7986953568"/>
  <nd ref="7986953567"/>
  <tag k="aeroway" v="parking_position"/>
  <tag k="ref" v="8"/>
 </way>
 <way id="856628282" visible="true" version="3" changeset="133071871" timestamp="2023-02-27T06:06:30Z" user="Aaron_ZSAM" uid="18552639">
  <nd ref="7986953586"/>
  <nd ref="7986953584"/>
  <nd ref="7986953583"/>
  <nd ref="7986953582"/>
  <nd ref="7986953581"/>
  <nd ref="7986953580"/>
  <nd ref="7986953579"/>
  <nd ref="7986953578"/>
  <nd ref="7986953609"/>
  <tag k="aeroway" v="parking_position"/>
  <tag k="ref" v="9"/>
 </way>
 <way id="856628283" visible="true" version="4" changeset="133071871" timestamp="2023-02-27T06:06:30Z" user="Aaron_ZSAM" uid="18552639">
  <nd ref="7986953593"/>
  <nd ref="8995511039"/>
  <nd ref="7986953592"/>
  <nd ref="7986953591"/>
  <nd ref="7986953590"/>
  <nd ref="7986953589"/>
  <nd ref="7986953588"/>
  <nd ref="7986953587"/>
  <nd ref="7986953586"/>
  <nd ref="7986953585"/>
  <tag k="aeroway" v="parking_position"/>
  <tag k="ref" v="9"/>
 </way>
 <way id="856628284" visible="true" version="3" changeset="133071871" timestamp="2023-02-27T06:06:30Z" user="Aaron_ZSAM" uid="18552639">
  <nd ref="7986953602"/>
  <nd ref="7986953600"/>
  <nd ref="7986953599"/>
  <nd ref="7986953598"/>
  <nd ref="7986953597"/>
  <nd ref="7986953596"/>
  <nd ref="7986953595"/>
  <nd ref="7986953594"/>
  <tag k="aeroway" v="parking_position"/>
  <tag k="ref" v="10"/>
 </way>
 <way id="856628285" visible="true" version="3" changeset="133071871" timestamp="2023-02-27T06:06:30Z" user="Aaron_ZSAM" uid="18552639">
  <nd ref="7986953609"/>
  <nd ref="7986953608"/>
  <nd ref="7986953607"/>
  <nd ref="7986953606"/>
  <nd ref="7986953605"/>
  <nd ref="7986953604"/>
  <nd ref="7986953603"/>
  <nd ref="7986953602"/>
  <nd ref="7986953601"/>
  <tag k="aeroway" v="parking_position"/>
  <tag k="ref" v="10"/>
 </way>
 <way id="856628286" visible="true" version="3" changeset="133071871" timestamp="2023-02-27T06:06:30Z" user="Aaron_ZSAM" uid="18552639">
  <nd ref="7986953619"/>
  <nd ref="7986953617"/>
  <nd ref="7986953616"/>
  <nd ref="7986953615"/>
  <nd ref="7986953614"/>
  <nd ref="7986953613"/>
  <nd ref="7986953612"/>
  <nd ref="7986953611"/>
  <nd ref="7986953610"/>
  <tag k="aeroway" v="parking_position"/>
  <tag k="ref" v="11"/>
 </way>
 <way id="856628287" visible="true" version="4" changeset="158722240" timestamp="2024-11-04T00:36:03Z" user="user_18306654" uid="18306654">
  <nd ref="7986953627"/>
  <nd ref="7986953595"/>
  <nd ref="7986953626"/>
  <nd ref="7986953625"/>
  <nd ref="7986953624"/>
  <nd ref="7986953623"/>
  <nd ref="7986953622"/>
  <nd ref="7986953621"/>
  <nd ref="7986953620"/>
  <nd ref="7986953619"/>
  <nd ref="12310636374"/>
  <nd ref="7986953618"/>
  <tag k="aeroway" v="parking_position"/>
  <tag k="ref" v="11"/>
 </way>
 <way id="856628288" visible="true" version="3" changeset="133071871" timestamp="2023-02-27T06:06:30Z" user="Aaron_ZSAM" uid="18552639">
  <nd ref="7986953636"/>
  <nd ref="7986953634"/>
  <nd ref="7986953633"/>
  <nd ref="7986953632"/>
  <nd ref="7986953631"/>
  <nd ref="7986953630"/>
  <nd ref="7986953629"/>
  <nd ref="7986953628"/>
  <tag k="aeroway" v="parking_position"/>
  <tag k="ref" v="12"/>
 </way>
 <way id="856628289" visible="true" version="4" changeset="158722240" timestamp="2024-11-04T00:36:03Z" user="user_18306654" uid="18306654">
  <nd ref="7986953642"/>
  <nd ref="7986953611"/>
  <nd ref="7986953641"/>
  <nd ref="7986953640"/>
  <nd ref="7986953639"/>
  <nd ref="7986953638"/>
  <nd ref="7986953637"/>
  <nd ref="7986953636"/>
  <nd ref="12310636371"/>
  <nd ref="7986953635"/>
  <tag k="aeroway" v="parking_position"/>
  <tag k="ref" v="12"/>
 </way>
 <way id="856628290" visible="true" version="3" changeset="133071871" timestamp="2023-02-27T06:06:30Z" user="Aaron_ZSAM" uid="18552639">
  <nd ref="7986953650"/>
  <nd ref="7986953648"/>
  <nd ref="7986953647"/>
  <nd ref="7986953646"/>
  <nd ref="7986953645"/>
  <nd ref="7986953644"/>
  <nd ref="7986953643"/>
  <tag k="aeroway" v="parking_position"/>
  <tag k="ref" v="15"/>
 </way>
 <way id="856628291" visible="true" version="4" changeset="158722240" timestamp="2024-11-04T00:36:03Z" user="user_18306654" uid="18306654">
  <nd ref="7986953657"/>
  <nd ref="7986953629"/>
  <nd ref="7986953656"/>
  <nd ref="7986953655"/>
  <nd ref="7986953654"/>
  <nd ref="7986953653"/>
  <nd ref="7986953652"/>
  <nd ref="7986953651"/>
  <nd ref="7986953650"/>
  <nd ref="12310636368"/>
  <nd ref="7986953649"/>
  <tag k="aeroway" v="parking_position"/>
  <tag k="ref" v="15"/>
 </way>
 <way id="856628292" visible="true" version="3" changeset="133071871" timestamp="2023-02-27T06:06:30Z" user="Aaron_ZSAM" uid="18552639">
  <nd ref="7986953665"/>
  <nd ref="7986953663"/>
  <nd ref="7986953662"/>
  <nd ref="7986953661"/>
  <nd ref="7986953660"/>
  <nd ref="7986953659"/>
  <nd ref="7986953658"/>
  <tag k="aeroway" v="parking_position"/>
  <tag k="ref" v="16"/>
 </way>
 <way id="856628293" visible="true" version="3" changeset="133071871" timestamp="2023-02-27T06:06:30Z" user="Aaron_ZSAM" uid="18552639">
  <nd ref="7986953671"/>
  <nd ref="7986953670"/>
  <nd ref="7986953669"/>
  <nd ref="7986953668"/>
  <nd ref="7986953667"/>
  <nd ref="7986953666"/>
  <nd ref="7986953665"/>
  <nd ref="7986953664"/>
  <tag k="aeroway" v="parking_position"/>
  <tag k="ref" v="16"/>
 </way>
 <way id="856628294" visible="true" version="3" changeset="121065438" timestamp="2022-05-16T18:54:22Z" user="Airbus 350-900" uid="15443585">
  <nd ref="7986953683"/>
  <nd ref="2259585821"/>
  <tag k="aeroway" v="parking_position"/>
 </way>
 <way id="856628295" visible="true" version="3" changeset="133071871" timestamp="2023-02-27T06:06:30Z" user="Aaron_ZSAM" uid="18552639">
  <nd ref="7986953691"/>
  <nd ref="7986953690"/>
  <nd ref="7986953689"/>
  <nd ref="7986953688"/>
  <nd ref="7986953687"/>
  <nd ref="7986953686"/>
  <nd ref="7986953685"/>
  <nd ref="7986953684"/>
  <tag k="aeroway" v="parking_position"/>
  <tag k="ref" v="17"/>
 </way>
 <way id="856628297" visible="true" version="2" changeset="102404334" timestamp="2021-04-06T11:40:07Z" user="user_7130456" uid="7130456">
  <nd ref="7986953705"/>
  <nd ref="7986953704"/>
  <nd ref="7986953703"/>
  <nd ref="7986953702"/>
  <nd ref="7986953701"/>
  <nd ref="7986953700"/>
  <nd ref="7986953699"/>
  <nd ref="7986953698"/>
  <tag k="aeroway" v="parking_position"/>
 </way>
 <way id="856636368" visible="true" version="2" changeset="121065438" timestamp="2022-05-16T18:54:22Z" user="Airbus 350-900" uid="15443585">
  <nd ref="7987036127"/>
  <nd ref="7987036125"/>
  <nd ref="7987036123"/>
  <nd ref="7987036121"/>
  <nd ref="7986936680"/>
  <tag k="aeroway" v="taxiway"/>
 </way>
 <way id="856636369" visible="true" version="2" changeset="121065438" timestamp="2022-05-16T18:54:22Z" user="Airbus 350-900" uid="15443585">
  <nd ref="7987036140"/>
  <nd ref="7987036133"/>
  <nd ref="7987036132"/>
  <nd ref="7987036131"/>
  <nd ref="7987036130"/>
  <nd ref="7987036128"/>
  <nd ref="7987036127"/>
  <tag k="aeroway" v="taxiway"/>
 </way>
 <way id="856636371" visible="true" version="1" changeset="92150627" timestamp="2020-10-08T06:55:05Z" user="ObRiver" uid="10529631">
  <nd ref="7987036285"/>
  <nd ref="7987036284"/>
  <nd ref="7987036283"/>
  <nd ref="7987036282"/>
  <nd ref="7987036281"/>
  <nd ref="7987036280"/>
  <nd ref="7987036279"/>
  <nd ref="7987036278"/>
  <nd ref="7987036277"/>
  <nd ref="7987036276"/>
  <nd ref="7987036275"/>
  <nd ref="1762871048"/>
  <tag k="aeroway" v="taxiway"/>
 </way>
 <way id="856651867" visible="true" version="1" changeset="92154049" timestamp="2020-10-08T07:37:29Z" user="ObRiver" uid="10529631">
  <nd ref="7987165407"/>
  <nd ref="7987165406"/>
  <nd ref="7987165405"/>
  <nd ref="7987165404"/>
  <nd ref="7987165403"/>
  <nd ref="7987165402"/>
  <nd ref="7987165401"/>
  <nd ref="7987165400"/>
  <tag k="highway" v="service"/>
  <tag k="service" v="parking_aisle"/>
 </way>
 <way id="856651868" visible="true" version="1" changeset="92154049" timestamp="2020-10-08T07:37:29Z" user="ObRiver" uid="10529631">
  <nd ref="7987165420"/>
  <nd ref="7987165421"/>
  <nd ref="7987165400"/>
  <tag k="highway" v="service"/>
  <tag k="service" v="parking_aisle"/>
 </way>
 <way id="856651869" visible="true" version="1" changeset="92154049" timestamp="2020-10-08T07:37:29Z" user="ObRiver" uid="10529631">
  <nd ref="7987165400"/>
  <nd ref="7987165419"/>
  <nd ref="7987165418"/>
  <nd ref="7987165417"/>
  <nd ref="7987165416"/>
  <nd ref="7987165415"/>
  <nd ref="7987165414"/>
  <nd ref="7987165413"/>
  <nd ref="7987165412"/>
  <nd ref="7987165411"/>
  <nd ref="7987165410"/>
  <nd ref="7987165409"/>
  <nd ref="7987165408"/>
  <nd ref="7987165407"/>
  <tag k="highway" v="service"/>
  <tag k="service" v="parking_aisle"/>
 </way>
 <way id="856651870" visible="true" version="1" changeset="92154049" timestamp="2020-10-08T07:37:29Z" user="ObRiver" uid="10529631">
  <nd ref="7987165422"/>
  <nd ref="7987165421"/>
  <tag k="highway" v="service"/>
 </way>
 <way id="856651871" visible="true" version="1" changeset="92154049" timestamp="2020-10-08T07:37:29Z" user="ObRiver" uid="10529631">
  <nd ref="7987165425"/>
  <nd ref="7987165432"/>
  <tag k="highway" v="service"/>
 </way>
 <way id="856651872" visible="true" version="1" changeset="92154049" timestamp="2020-10-08T07:37:29Z" user="ObRiver" uid="10529631">
  <nd ref="7987165444"/>
  <nd ref="7987165423"/>
  <tag k="highway" v="service"/>
 </way>
 <way id="856651873" visible="true" version="1" changeset="92154049" timestamp="2020-10-08T07:37:29Z" user="ObRiver" uid="10529631">
  <nd ref="7987165425"/>
  <nd ref="7987165424"/>
  <nd ref="7987165423"/>
  <tag k="highway" v="service"/>
  <tag k="service" v="parking_aisle"/>
 </way>
 <way id="856651874" visible="true" version="1" changeset="92154049" timestamp="2020-10-08T07:37:29Z" user="ObRiver" uid="10529631">
  <nd ref="7987165427"/>
  <nd ref="7987165426"/>
  <tag k="highway" v="service"/>
  <tag k="service" v="parking_aisle"/>
 </way>
 <way id="856651875" visible="true" version="1" changeset="92154049" timestamp="2020-10-08T07:37:29Z" user="ObRiver" uid="10529631">
  <nd ref="7987165429"/>
  <nd ref="7987165428"/>
  <tag k="highway" v="service"/>
  <tag k="service" v="parking_aisle"/>
 </way>
 <way id="856651876" visible="true" version="1" changeset="92154049" timestamp="2020-10-08T07:37:29Z" user="ObRiver" uid="10529631">
  <nd ref="7987165431"/>
  <nd ref="7987165430"/>
  <tag k="highway" v="service"/>
  <tag k="service" v="parking_aisle"/>
 </way>
 <way id="856651877" visible="true" version="2" changeset="92570192" timestamp="2020-10-16T08:53:15Z" user="ObRiver" uid="10529631">
  <nd ref="7987165423"/>
  <nd ref="7987165426"/>
  <nd ref="7987165428"/>
  <nd ref="7987165430"/>
  <nd ref="7987165443"/>
  <nd ref="7987165442"/>
  <nd ref="7987165441"/>
  <nd ref="7987165440"/>
  <nd ref="7987165439"/>
  <nd ref="7987165438"/>
  <nd ref="7987165437"/>
  <nd ref="7987165436"/>
  <nd ref="7987165435"/>
  <nd ref="7987165434"/>
  <nd ref="7987165433"/>
  <nd ref="7987165431"/>
  <nd ref="7987165429"/>
  <nd ref="7987165427"/>
  <nd ref="7987165425"/>
  <tag k="highway" v="service"/>
 </way>
 <way id="856651878" visible="true" version="1" changeset="92154049" timestamp="2020-10-08T07:37:29Z" user="ObRiver" uid="10529631">
  <nd ref="7987165474"/>
  <nd ref="7987165473"/>
  <nd ref="7987165472"/>
  <nd ref="7987165471"/>
  <nd ref="7987165470"/>
  <nd ref="7987165469"/>
  <tag k="highway" v="service"/>
 </way>
 <way id="856651879" visible="true" version="1" changeset="92154049" timestamp="2020-10-08T07:37:29Z" user="ObRiver" uid="10529631">
  <nd ref="7987165450"/>
  <nd ref="7987165447"/>
  <nd ref="7987165446"/>
  <nd ref="7987165445"/>
  <nd ref="7987165474"/>
  <tag k="highway" v="service"/>
 </way>
 <way id="856651880" visible="true" version="1" changeset="92154049" timestamp="2020-10-08T07:37:29Z" user="ObRiver" uid="10529631">
  <nd ref="7987165453"/>
  <nd ref="7987165452"/>
  <nd ref="7987165451"/>
  <nd ref="7987165450"/>
  <nd ref="7987165449"/>
  <nd ref="7987165448"/>
  <nd ref="7987165465"/>
  <tag k="highway" v="service"/>
  <tag k="service" v="parking_aisle"/>
 </way>
 <way id="856651881" visible="true" version="1" changeset="92154049" timestamp="2020-10-08T07:37:29Z" user="ObRiver" uid="10529631">
  <nd ref="7987165455"/>
  <nd ref="7987165454"/>
  <tag k="highway" v="service"/>
  <tag k="service" v="parking_aisle"/>
 </way>
 <way id="856651882" visible="true" version="1" changeset="92154049" timestamp="2020-10-08T07:37:29Z" user="ObRiver" uid="10529631">
  <nd ref="7987165457"/>
  <nd ref="7987165456"/>
  <tag k="highway" v="service"/>
  <tag k="service" v="parking_aisle"/>
 </way>
 <way id="856651883" visible="true" version="1" changeset="92154049" timestamp="2020-10-08T07:37:29Z" user="ObRiver" uid="10529631">
  <nd ref="7987174885"/>
  <nd ref="7987165468"/>
  <nd ref="7987165467"/>
  <nd ref="7987165466"/>
  <nd ref="7987165465"/>
  <nd ref="7987165464"/>
  <nd ref="7987165454"/>
  <nd ref="7987165456"/>
  <nd ref="7987165463"/>
  <nd ref="7987165462"/>
  <nd ref="7987165461"/>
  <nd ref="7987165460"/>
  <nd ref="7987165459"/>
  <nd ref="7987165458"/>
  <tag k="highway" v="service"/>
  <tag k="service" v="parking_aisle"/>
 </way>
 <way id="856651884" visible="true" version="2" changeset="92570192" timestamp="2020-10-16T08:53:15Z" user="ObRiver" uid="10529631">
  <nd ref="7987174887"/>
  <nd ref="7987165458"/>
  <nd ref="7987174886"/>
  <nd ref="7987165457"/>
  <nd ref="7987165455"/>
  <nd ref="7987174885"/>
  <nd ref="7987165484"/>
  <nd ref="7987165453"/>
  <nd ref="7987165483"/>
  <nd ref="7987165482"/>
  <nd ref="7987165481"/>
  <nd ref="7987165480"/>
  <nd ref="7987165479"/>
  <nd ref="7987165478"/>
  <nd ref="7987165477"/>
  <nd ref="7987165476"/>
  <nd ref="7987165475"/>
  <nd ref="7987165474"/>
  <tag k="highway" v="service"/>
 </way>
 <way id="856655408" visible="true" version="1" changeset="92154703" timestamp="2020-10-08T07:46:10Z" user="ObRiver" uid="10529631">
  <nd ref="7987196346"/>
  <nd ref="7987196345"/>
  <nd ref="7987196344"/>
  <nd ref="7987196343"/>
  <nd ref="7987196346"/>
  <tag k="amenity" v="parking"/>
 </way>
 <way id="856655409" visible="true" version="1" changeset="92154703" timestamp="2020-10-08T07:46:10Z" user="ObRiver" uid="10529631">
  <nd ref="7987196353"/>
  <nd ref="7987196352"/>
  <nd ref="7987196351"/>
  <nd ref="7987196350"/>
  <nd ref="7987196349"/>
  <nd ref="7987196348"/>
  <nd ref="7987196347"/>
  <nd ref="7987196353"/>
  <tag k="amenity" v="parking"/>
 </way>
 <way id="856655410" visible="true" version="1" changeset="92154703" timestamp="2020-10-08T07:46:10Z" user="ObRiver" uid="10529631">
  <nd ref="7987196359"/>
  <nd ref="7987196358"/>
  <nd ref="7987196357"/>
  <nd ref="7987196356"/>
  <nd ref="7987196355"/>
  <nd ref="7987196354"/>
  <nd ref="7987196359"/>
  <tag k="amenity" v="parking"/>
 </way>
 <way id="856655411" visible="true" version="1" changeset="92154703" timestamp="2020-10-08T07:46:10Z" user="ObRiver" uid="10529631">
  <nd ref="7987196367"/>
  <nd ref="7987196366"/>
  <nd ref="7987196365"/>
  <nd ref="7987196364"/>
  <nd ref="7987196363"/>
  <nd ref="7987196362"/>
  <nd ref="7987196361"/>
  <nd ref="7987196360"/>
  <nd ref="7987196367"/>
  <tag k="amenity" v="parking"/>
 </way>
 <way id="856657994" visible="true" version="2" changeset="92169384" timestamp="2020-10-08T10:48:36Z" user="ObRiver" uid="10529631">
  <nd ref="7987227047"/>
  <nd ref="7987227046"/>
  <nd ref="7987227045"/>
  <nd ref="7987227044"/>
  <nd ref="7987227043"/>
  <nd ref="7987227042"/>
  <nd ref="7987227041"/>
  <nd ref="7987227040"/>
  <nd ref="7987227039"/>
  <nd ref="7987227038"/>
  <nd ref="838335268"/>
  <tag k="highway" v="service"/>
  <tag k="service" v="parking_aisle"/>
 </way>
 <way id="856742552" visible="true" version="1" changeset="92169384" timestamp="2020-10-08T10:48:36Z" user="ObRiver" uid="10529631">
  <nd ref="2755865326"/>
  <nd ref="7987227047"/>
  <nd ref="838335268"/>
  <tag k="highway" v="service"/>
  <tag k="source" v="GPS"/>
 </way>
 <way id="856744498" visible="true" version="2" changeset="92570192" timestamp="2020-10-16T08:53:15Z" user="ObRiver" uid="10529631">
  <nd ref="7987904002"/>
  <nd ref="7987904004"/>
  <tag k="highway" v="service"/>
 </way>
 <way id="856744499" visible="true" version="1" changeset="92169710" timestamp="2020-10-08T10:53:27Z" user="ObRiver" uid="10529631">
  <nd ref="7987904003"/>
  <nd ref="7987904002"/>
  <tag k="highway" v="service"/>
  <tag k="service" v="parking_aisle"/>
 </way>
 <way id="856744500" visible="true" version="2" changeset="92570192" timestamp="2020-10-16T08:53:15Z" user="ObRiver" uid="10529631">
  <nd ref="7987904004"/>
  <nd ref="7987904016"/>
  <tag k="highway" v="service"/>
  <tag k="service" v="parking_aisle"/>
 </way>
 <way id="856744501" visible="true" version="1" changeset="92169710" timestamp="2020-10-08T10:53:27Z" user="ObRiver" uid="10529631">
  <nd ref="7987904017"/>
  <nd ref="7987904002"/>
  <tag k="highway" v="service"/>
 </way>
 <way id="856744502" visible="true" version="1" changeset="92169710" timestamp="2020-10-08T10:53:27Z" user="ObRiver" uid="10529631">
  <nd ref="7987904016"/>
  <nd ref="7987904015"/>
  <nd ref="7987904014"/>
  <nd ref="7987904013"/>
  <nd ref="7987904012"/>
  <nd ref="7987904011"/>
  <nd ref="7987904010"/>
  <nd ref="7987904009"/>
  <nd ref="7987904008"/>
  <nd ref="7987904007"/>
  <nd ref="7987904006"/>
  <nd ref="7987904005"/>
  <nd ref="7987904004"/>
  <tag k="highway" v="service"/>
  <tag k="service" v="parking_aisle"/>
 </way>
 <way id="856744503" visible="true" version="2" changeset="109451171" timestamp="2021-08-10T09:19:25Z" user="Kirkepladsen" uid="10892567">
  <nd ref="8995534187"/>
  <nd ref="8995534188"/>
  <nd ref="8995534189"/>
  <nd ref="8995534194"/>
  <nd ref="1422694007"/>
  <nd ref="7987904017"/>
  <nd ref="2755865326"/>
  <tag k="highway" v="service"/>
  <tag k="source" v="bing"/>
 </way>
 <way id="856745766" visible="true" version="1" changeset="92169997" timestamp="2020-10-08T10:57:46Z" user="ObRiver" uid="10529631">
  <nd ref="7987919256"/>
  <nd ref="7987919255"/>
  <nd ref="7987919254"/>
  <nd ref="7987919253"/>
  <nd ref="7987919256"/>
  <tag k="amenity" v="parking"/>
 </way>
 <way id="895910674" visible="true" version="3" changeset="152042116" timestamp="2024-05-30T15:41:00Z" user="Popolon" uid="27454">
  <nd ref="8327877409"/>
  <nd ref="8327877410"/>
  <nd ref="8327877411"/>
  <nd ref="8327877412"/>
  <nd ref="8327877413"/>
  <nd ref="8327877414"/>
  <nd ref="11945298943"/>
  <nd ref="8327877415"/>
  <nd ref="8327877416"/>
  <nd ref="8327877917"/>
  <nd ref="8327877918"/>
  <nd ref="8327877919"/>
  <nd ref="8327877920"/>
  <nd ref="11945323434"/>
  <nd ref="11945323435"/>
  <nd ref="11945323433"/>
  <nd ref="8327877921"/>
  <nd ref="8327877409"/>
  <tag k="leisure" v="park"/>
 </way>
 <way id="905720613" visible="true" version="2" changeset="99375037" timestamp="2021-02-16T11:09:55Z" user="HualinXMN" uid="11858592">
  <nd ref="8411038422"/>
  <nd ref="8411038429"/>
  <nd ref="8411038426"/>
  <nd ref="8411038430"/>
  <nd ref="8411038427"/>
  <nd ref="8411038428"/>
  <tag k="highway" v="service"/>
  <tag k="oneway" v="yes"/>
 </way>
 <way id="905720614" visible="true" version="2" changeset="99375037" timestamp="2021-02-16T11:09:55Z" user="HualinXMN" uid="11858592">
  <nd ref="8411038431"/>
  <nd ref="8411038435"/>
  <nd ref="8411038432"/>
  <nd ref="8411038436"/>
  <nd ref="8411038433"/>
  <nd ref="8411038437"/>
  <nd ref="8411038434"/>
  <tag k="highway" v="service"/>
  <tag k="oneway" v="yes"/>
 </way>
 <way id="905720615" visible="true" version="3" changeset="109067178" timestamp="2021-08-03T06:12:47Z" user="Kirkepladsen" uid="10892567">
  <nd ref="8411038439"/>
  <nd ref="8428613597"/>
  <nd ref="8428613596"/>
  <nd ref="8411038445"/>
  <nd ref="8411038440"/>
  <nd ref="8411038444"/>
  <nd ref="8411038441"/>
  <nd ref="8428613625"/>
  <nd ref="8411038442"/>
  <nd ref="8411038443"/>
  <tag k="highway" v="service"/>
 </way>
 <way id="905720616" visible="true" version="3" changeset="152152094" timestamp="2024-06-02T09:52:43Z" user="Popolon" uid="27454">
  <nd ref="7221329575"/>
  <nd ref="8411038465"/>
  <nd ref="8411038451"/>
  <nd ref="11951588910"/>
  <tag k="highway" v="service"/>
  <tag k="oneway" v="yes"/>
  <tag k="service" v="driveway"/>
 </way>
 <way id="905720617" visible="true" version="1" changeset="99025308" timestamp="2021-02-10T08:25:47Z" user="HualinXMN" uid="11858592">
  <nd ref="8411038453"/>
  <nd ref="8411038454"/>
  <nd ref="8411038455"/>
  <nd ref="8411038456"/>
  <nd ref="8411038457"/>
  <tag k="highway" v="service"/>
  <tag k="oneway" v="yes"/>
 </way>
 <way id="905720618" visible="true" version="2" changeset="152152094" timestamp="2024-06-02T09:52:43Z" user="Popolon" uid="27454">
  <nd ref="8411038458"/>
  <nd ref="8411038459"/>
  <nd ref="11951588911"/>
  <nd ref="11951588912"/>
  <tag k="highway" v="service"/>
  <tag k="oneway" v="yes"/>
 </way>
 <way id="905720619" visible="true" version="3" changeset="152152094" timestamp="2024-06-02T09:52:43Z" user="Popolon" uid="27454">
  <nd ref="8411038462"/>
  <nd ref="8411038463"/>
  <nd ref="11951588913"/>
  <nd ref="11951588914"/>
  <nd ref="8411038464"/>
  <tag k="highway" v="service"/>
  <tag k="oneway" v="yes"/>
  <tag k="service" v="driveway"/>
 </way>
 <way id="905720620" visible="true" version="3" changeset="152152094" timestamp="2024-06-02T09:52:43Z" user="Popolon" uid="27454">
  <nd ref="7987174899"/>
  <nd ref="7987174901"/>
  <nd ref="4663169629"/>
  <nd ref="7987174902"/>
  <nd ref="4663169696"/>
  <nd ref="7987174904"/>
  <nd ref="660960159"/>
  <tag k="covered" v="no"/>
  <tag k="highway" v="service"/>
  <tag k="incline" v="up"/>
  <tag k="oneway" v="yes"/>
 </way>
 <way id="907230630" visible="true" version="2" changeset="99372301" timestamp="2021-02-16T10:39:30Z" user="HualinXMN" uid="11858592">
  <nd ref="8424454545"/>
  <nd ref="8424454546"/>
  <nd ref="8424454547"/>
  <nd ref="8424454548"/>
  <nd ref="8428510306"/>
  <nd ref="8424454549"/>
  <nd ref="8424454545"/>
  <tag k="amenity" v="parking"/>
 </way>
 <way id="907689443" visible="true" version="1" changeset="99372301" timestamp="2021-02-16T10:39:30Z" user="HualinXMN" uid="11858592">
  <nd ref="8428510308"/>
  <nd ref="8428510309"/>
  <nd ref="8428510310"/>
  <nd ref="8428510311"/>
  <nd ref="8428510312"/>
  <nd ref="8428510313"/>
  <nd ref="8428510314"/>
  <nd ref="8428510315"/>
  <nd ref="8428510316"/>
  <nd ref="8428512517"/>
  <nd ref="8428512518"/>
  <nd ref="8428512519"/>
  <nd ref="8428512520"/>
  <nd ref="8428512521"/>
  <nd ref="8428512522"/>
  <nd ref="8428512523"/>
  <nd ref="8428512524"/>
  <nd ref="8428512525"/>
  <nd ref="8428512526"/>
  <nd ref="8428512527"/>
  <nd ref="8428510308"/>
  <tag k="building" v="yes"/>
 </way>
 <way id="907700681" visible="true" version="1" changeset="99375037" timestamp="2021-02-16T11:09:55Z" user="HualinXMN" uid="11858592">
  <nd ref="8428613598"/>
  <nd ref="8428613599"/>
  <nd ref="8428613600"/>
  <nd ref="8428613601"/>
  <nd ref="8428613602"/>
  <nd ref="8428613603"/>
  <nd ref="8428613604"/>
  <nd ref="8428613605"/>
  <nd ref="8428613606"/>
  <nd ref="8428613598"/>
  <tag k="amenity" v="parking"/>
 </way>
 <way id="907700682" visible="true" version="1" changeset="99375037" timestamp="2021-02-16T11:09:55Z" user="HualinXMN" uid="11858592">
  <nd ref="8428613608"/>
  <nd ref="8428613615"/>
  <nd ref="8428613609"/>
  <nd ref="8428613610"/>
  <nd ref="8428613611"/>
  <nd ref="8411038419"/>
  <tag k="highway" v="service"/>
 </way>
 <way id="907700683" visible="true" version="1" changeset="99375037" timestamp="2021-02-16T11:09:55Z" user="HualinXMN" uid="11858592">
  <nd ref="8428613612"/>
  <nd ref="8428613613"/>
  <nd ref="8428613614"/>
  <nd ref="8428613615"/>
  <tag k="highway" v="service"/>
 </way>
 <way id="907700684" visible="true" version="1" changeset="99375037" timestamp="2021-02-16T11:09:55Z" user="HualinXMN" uid="11858592">
  <nd ref="8428613610"/>
  <nd ref="8428613616"/>
  <nd ref="8428613617"/>
  <nd ref="8428613626"/>
  <nd ref="8428613614"/>
  <tag k="highway" v="service"/>
 </way>
 <way id="907700685" visible="true" version="1" changeset="99375037" timestamp="2021-02-16T11:09:55Z" user="HualinXMN" uid="11858592">
  <nd ref="8428613616"/>
  <nd ref="8428613618"/>
  <tag k="highway" v="service"/>
 </way>
 <way id="907700686" visible="true" version="1" changeset="99375037" timestamp="2021-02-16T11:09:55Z" user="HualinXMN" uid="11858592">
  <nd ref="8411038419"/>
  <nd ref="8428613621"/>
  <nd ref="8428613619"/>
  <nd ref="8428613620"/>
  <tag k="highway" v="unclassified"/>
 </way>
 <way id="907700687" visible="true" version="1" changeset="99375037" timestamp="2021-02-16T11:09:55Z" user="HualinXMN" uid="11858592">
  <nd ref="8428613619"/>
  <nd ref="8428613623"/>
  <nd ref="8428613624"/>
  <nd ref="8428613625"/>
  <tag k="highway" v="service"/>
 </way>
 <way id="969991657" visible="true" version="2" changeset="109451171" timestamp="2021-08-10T09:19:25Z" user="Kirkepladsen" uid="10892567">
  <nd ref="8976231020"/>
  <nd ref="8976231019"/>
  <nd ref="8976231018"/>
  <nd ref="8976231017"/>
  <nd ref="8995534186"/>
  <nd ref="8976230116"/>
  <nd ref="8976230115"/>
  <nd ref="8976230114"/>
  <nd ref="7987081361"/>
  <nd ref="8976230100"/>
  <nd ref="8976230096"/>
  <nd ref="8976230113"/>
  <nd ref="8976230112"/>
  <nd ref="8976230111"/>
  <nd ref="8976230110"/>
  <nd ref="8976230097"/>
  <nd ref="8976230109"/>
  <nd ref="8976230107"/>
  <nd ref="8976230108"/>
  <tag k="access" v="private"/>
  <tag k="highway" v="service"/>
 </way>
 <way id="969991662" visible="true" version="1" changeset="109067178" timestamp="2021-08-03T06:12:47Z" user="Kirkepladsen" uid="10892567">
  <nd ref="8976231092"/>
  <nd ref="8976231091"/>
  <nd ref="8976231090"/>
  <nd ref="8976231089"/>
  <nd ref="8976231088"/>
  <nd ref="8976231087"/>
  <tag k="access" v="private"/>
  <tag k="highway" v="service"/>
 </way>
 <way id="969991663" visible="true" version="1" changeset="109067178" timestamp="2021-08-03T06:12:47Z" user="Kirkepladsen" uid="10892567">
  <nd ref="8976231096"/>
  <nd ref="8976231095"/>
  <nd ref="8976231092"/>
  <nd ref="8976231087"/>
  <nd ref="8976231094"/>
  <nd ref="8976231093"/>
  <tag k="access" v="private"/>
  <tag k="highway" v="service"/>
 </way>
 <way id="969991698" visible="true" version="2" changeset="109450340" timestamp="2021-08-10T09:05:01Z" user="Kirkepladsen" uid="10892567">
  <nd ref="8976231347"/>
  <nd ref="8976231346"/>
  <nd ref="8976231345"/>
  <nd ref="8976231344"/>
  <nd ref="8976231343"/>
  <nd ref="8976231342"/>
  <nd ref="8976231341"/>
  <nd ref="8976231340"/>
  <nd ref="8976231339"/>
  <nd ref="1762871046"/>
  <nd ref="7099867807"/>
  <tag k="access" v="private"/>
  <tag k="highway" v="service"/>
 </way>
 <way id="969991704" visible="true" version="3" changeset="109450340" timestamp="2021-08-10T09:05:01Z" user="Kirkepladsen" uid="10892567">
  <nd ref="8976231120"/>
  <nd ref="8976231381"/>
  <nd ref="8976231096"/>
  <nd ref="8976231336"/>
  <nd ref="8995511056"/>
  <nd ref="8976231093"/>
  <nd ref="8976231380"/>
  <nd ref="8976231379"/>
  <nd ref="8995105323"/>
  <nd ref="8976231377"/>
  <nd ref="8976231376"/>
  <nd ref="8976231375"/>
  <nd ref="8976231374"/>
  <nd ref="8976231373"/>
  <nd ref="8976231323"/>
  <nd ref="8995511038"/>
  <nd ref="8976231372"/>
  <nd ref="8976231337"/>
  <nd ref="8976231347"/>
  <tag k="access" v="private"/>
  <tag k="highway" v="service"/>
 </way>
 <way id="971873895" visible="true" version="1" changeset="109440996" timestamp="2021-08-10T06:15:17Z" user="Kirkepladsen" uid="10892567">
  <nd ref="8995080488"/>
  <nd ref="8995080487"/>
  <nd ref="8995080486"/>
  <nd ref="8995080485"/>
  <nd ref="8995080484"/>
  <nd ref="8995080483"/>
  <nd ref="8995080482"/>
  <nd ref="8995080481"/>
  <nd ref="8995080480"/>
  <nd ref="8995080479"/>
  <nd ref="8995080478"/>
  <nd ref="8995080477"/>
  <tag k="access" v="private"/>
  <tag k="highway" v="service"/>
 </way>
 <way id="971916332" visible="true" version="1" changeset="109450340" timestamp="2021-08-10T09:05:01Z" user="Kirkepladsen" uid="10892567">
  <nd ref="8995511041"/>
  <nd ref="8995511040"/>
  <nd ref="8995511039"/>
  <nd ref="8995511038"/>
  <tag k="access" v="private"/>
  <tag k="highway" v="service"/>
 </way>
 <way id="971916333" visible="true" version="1" changeset="109450340" timestamp="2021-08-10T09:05:01Z" user="Kirkepladsen" uid="10892567">
  <nd ref="8995511081"/>
  <nd ref="8995511043"/>
  <nd ref="8995511042"/>
  <nd ref="8976231347"/>
  <tag k="access" v="private"/>
  <tag k="highway" v="service"/>
 </way>
 <way id="971916334" visible="true" version="1" changeset="109450340" timestamp="2021-08-10T09:05:01Z" user="Kirkepladsen" uid="10892567">
  <nd ref="8995511056"/>
  <nd ref="8995511055"/>
  <nd ref="8995511054"/>
  <nd ref="8995511053"/>
  <nd ref="8995511052"/>
  <nd ref="8995511051"/>
  <nd ref="8995511050"/>
  <nd ref="8995511049"/>
  <nd ref="8995511048"/>
  <nd ref="8995511047"/>
  <nd ref="8995511046"/>
  <nd ref="8995511045"/>
  <nd ref="8995511044"/>
  <nd ref="1762871052"/>
  <tag k="access" v="private"/>
  <tag k="highway" v="service"/>
 </way>
 <way id="971916335" visible="true" version="1" changeset="109450340" timestamp="2021-08-10T09:05:01Z" user="Kirkepladsen" uid="10892567">
  <nd ref="8995511062"/>
  <nd ref="8995511061"/>
  <nd ref="8995511060"/>
  <nd ref="8995511059"/>
  <nd ref="8995511058"/>
  <nd ref="8995511057"/>
  <tag k="access" v="private"/>
  <tag k="highway" v="service"/>
 </way>
 <way id="971916336" visible="true" version="1" changeset="109450340" timestamp="2021-08-10T09:05:01Z" user="Kirkepladsen" uid="10892567">
  <nd ref="8995105323"/>
  <nd ref="8995511100"/>
  <nd ref="8995511099"/>
  <nd ref="1762871052"/>
  <nd ref="8995511098"/>
  <nd ref="8995511097"/>
  <nd ref="8995511096"/>
  <nd ref="8995511095"/>
  <nd ref="8995511094"/>
  <nd ref="8995511093"/>
  <nd ref="8995511062"/>
  <nd ref="8995511092"/>
  <nd ref="8995511091"/>
  <nd ref="8995511090"/>
  <nd ref="8995511089"/>
  <nd ref="8995511041"/>
  <nd ref="8995511088"/>
  <nd ref="8995511087"/>
  <nd ref="8995511086"/>
  <nd ref="8995511085"/>
  <nd ref="8995511084"/>
  <nd ref="8995511083"/>
  <nd ref="8995105320"/>
  <nd ref="8995105319"/>
  <nd ref="8995511082"/>
  <nd ref="8995511081"/>
  <nd ref="8995511080"/>
  <nd ref="8995511079"/>
  <nd ref="8995511078"/>
  <nd ref="8995511077"/>
  <nd ref="8995511076"/>
  <nd ref="8995511075"/>
  <nd ref="8995511074"/>
  <nd ref="8995511073"/>
  <nd ref="8995511072"/>
  <nd ref="8995511071"/>
  <nd ref="8995511070"/>
  <nd ref="8995511067"/>
  <nd ref="8995511069"/>
  <nd ref="8995105318"/>
  <nd ref="8995105317"/>
  <nd ref="8995080516"/>
  <nd ref="8995511068"/>
  <nd ref="8995080515"/>
  <nd ref="6204270179"/>
  <nd ref="8995080514"/>
  <nd ref="8995511066"/>
  <nd ref="8995511065"/>
  <nd ref="8995511064"/>
  <nd ref="8995511063"/>
  <nd ref="8995080513"/>
  <tag k="access" v="private"/>
  <tag k="highway" v="service"/>
 </way>
 <way id="1060664633" visible="true" version="1" changeset="121065438" timestamp="2022-05-16T18:54:22Z" user="Airbus 350-900" uid="15443585">
  <nd ref="9745065699"/>
  <nd ref="9745065700"/>
  <nd ref="9745065701"/>
  <tag k="aeroway" v="parking_position"/>
 </way>
 <way id="1060664634" visible="true" version="1" changeset="121065438" timestamp="2022-05-16T18:54:22Z" user="Airbus 350-900" uid="15443585">
  <nd ref="9745065701"/>
  <nd ref="9745065702"/>
  <nd ref="9745065703"/>
  <nd ref="9745065704"/>
  <nd ref="9745065705"/>
  <nd ref="9745065706"/>
  <nd ref="9745065707"/>
  <tag k="aeroway" v="parking_position"/>
 </way>
 <way id="1060664637" visible="true" version="1" changeset="121065438" timestamp="2022-05-16T18:54:22Z" user="Airbus 350-900" uid="15443585">
  <nd ref="7987036140"/>
  <nd ref="7987036138"/>
  <nd ref="7987036137"/>
  <nd ref="7987036136"/>
  <nd ref="7987036135"/>
  <nd ref="7986953187"/>
  <tag k="aeroway" v="taxiway"/>
 </way>
 <way id="1060664638" visible="true" version="1" changeset="121065438" timestamp="2022-05-16T18:54:22Z" user="Airbus 350-900" uid="15443585">
  <nd ref="7986953187"/>
  <nd ref="7986953186"/>
  <nd ref="7986953185"/>
  <nd ref="7986936684"/>
  <nd ref="7986936682"/>
  <nd ref="7986936680"/>
  <tag k="aeroway" v="taxiway"/>
 </way>
 <way id="1060664639" visible="true" version="1" changeset="121065438" timestamp="2022-05-16T18:54:22Z" user="Airbus 350-900" uid="15443585">
  <nd ref="7986936671"/>
  <nd ref="7986936674"/>
  <nd ref="7986936672"/>
  <nd ref="7986953308"/>
  <tag k="aeroway" v="taxiway"/>
 </way>
 <way id="1060664640" visible="true" version="1" changeset="121065438" timestamp="2022-05-16T18:54:22Z" user="Airbus 350-900" uid="15443585">
  <nd ref="7986936657"/>
  <nd ref="6204270114"/>
  <nd ref="8995511055"/>
  <nd ref="7986953447"/>
  <nd ref="6204270115"/>
  <nd ref="7986953431"/>
  <nd ref="7986953430"/>
  <nd ref="7986953414"/>
  <nd ref="7986953413"/>
  <nd ref="7986953477"/>
  <nd ref="7986953396"/>
  <nd ref="8995105321"/>
  <nd ref="8995511099"/>
  <nd ref="6204270154"/>
  <tag k="aeroway" v="taxiway"/>
  <tag k="ref" v="T2"/>
 </way>
 <way id="1060664641" visible="true" version="2" changeset="133071871" timestamp="2023-02-27T06:06:30Z" user="Aaron_ZSAM" uid="18552639">
  <nd ref="6204270154"/>
  <nd ref="7986953496"/>
  <nd ref="7986953464"/>
  <nd ref="6204270152"/>
  <nd ref="7986953229"/>
  <tag k="aeroway" v="taxiway"/>
 </way>
 <way id="1060664643" visible="true" version="1" changeset="121065438" timestamp="2022-05-16T18:54:22Z" user="Airbus 350-900" uid="15443585">
  <nd ref="1762871059"/>
  <nd ref="7986953390"/>
  <nd ref="7986953389"/>
  <nd ref="7986953388"/>
  <nd ref="7986953387"/>
  <nd ref="7987036140"/>
  <tag k="aeroway" v="taxiway"/>
  <tag k="ref" v="T7"/>
 </way>
 <way id="1060664644" visible="true" version="2" changeset="133071871" timestamp="2023-02-27T06:06:30Z" user="Aaron_ZSAM" uid="18552639">
  <nd ref="7986953229"/>
  <nd ref="7986953478"/>
  <nd ref="7986953497"/>
  <nd ref="10696318061"/>
  <nd ref="7986953217"/>
  <nd ref="7986953243"/>
  <nd ref="7986953526"/>
  <nd ref="6204270153"/>
  <nd ref="7986953231"/>
  <nd ref="7986953258"/>
  <nd ref="7986953542"/>
  <nd ref="8995511060"/>
  <nd ref="7986953513"/>
  <nd ref="7986953245"/>
  <nd ref="7986953271"/>
  <nd ref="7986953559"/>
  <nd ref="7986953259"/>
  <nd ref="7986953283"/>
  <nd ref="7986953527"/>
  <nd ref="7986953272"/>
  <nd ref="7986953577"/>
  <nd ref="7986953295"/>
  <nd ref="7986953575"/>
  <nd ref="7986953543"/>
  <nd ref="7986953284"/>
  <nd ref="7986953307"/>
  <nd ref="7986953296"/>
  <nd ref="7986953593"/>
  <nd ref="8995511040"/>
  <nd ref="6204270168"/>
  <nd ref="6204270162"/>
  <nd ref="7986953609"/>
  <nd ref="7986953326"/>
  <nd ref="6204270161"/>
  <nd ref="7986953627"/>
  <nd ref="7986953594"/>
  <nd ref="7986953314"/>
  <nd ref="7986953339"/>
  <nd ref="7986953327"/>
  <nd ref="7986953642"/>
  <nd ref="7986953350"/>
  <nd ref="7986953610"/>
  <nd ref="7986953340"/>
  <nd ref="7986953362"/>
  <nd ref="7986953657"/>
  <nd ref="7986953628"/>
  <nd ref="7986953351"/>
  <nd ref="7986953375"/>
  <nd ref="7986953643"/>
  <nd ref="7986953671"/>
  <nd ref="7986953363"/>
  <nd ref="7986953386"/>
  <nd ref="7986953658"/>
  <nd ref="7986953376"/>
  <nd ref="7986953691"/>
  <nd ref="6204270170"/>
  <nd ref="7986953683"/>
  <tag k="aeroway" v="taxiway"/>
  <tag k="ref" v="T3"/>
 </way>
 <way id="1060664645" visible="true" version="2" changeset="133071871" timestamp="2023-02-27T06:06:30Z" user="Aaron_ZSAM" uid="18552639">
  <nd ref="7986953685"/>
  <nd ref="7986953683"/>
  <tag k="aeroway" v="parking_position"/>
  <tag k="ref" v="17"/>
 </way>
 <way id="1060664656" visible="true" version="1" changeset="121065438" timestamp="2022-05-16T18:54:22Z" user="Airbus 350-900" uid="15443585">
  <nd ref="7986953308"/>
  <nd ref="7986936663"/>
  <nd ref="7986936664"/>
  <nd ref="7986936665"/>
  <nd ref="7986953205"/>
  <tag k="aeroway" v="taxiway"/>
  <tag k="ref" v="T9"/>
 </way>
 <way id="1060664659" visible="true" version="1" changeset="121065438" timestamp="2022-05-16T18:54:22Z" user="Airbus 350-900" uid="15443585">
  <nd ref="1762871036"/>
  <nd ref="7987036290"/>
  <nd ref="7987036289"/>
  <nd ref="7987036288"/>
  <nd ref="1762871050"/>
  <nd ref="7987036287"/>
  <nd ref="1762871028"/>
  <nd ref="7987036286"/>
  <nd ref="1762871048"/>
  <tag k="aeroway" v="taxiway"/>
 </way>
 <way id="1060664660" visible="true" version="1" changeset="121065438" timestamp="2022-05-16T18:54:22Z" user="Airbus 350-900" uid="15443585">
  <nd ref="1762871048"/>
  <nd ref="7987036127"/>
  <tag k="aeroway" v="taxiway"/>
  <tag k="ref" v="B3"/>
 </way>
 <way id="1060664661" visible="true" version="1" changeset="121065438" timestamp="2022-05-16T18:54:22Z" user="Airbus 350-900" uid="15443585">
  <nd ref="6204270615"/>
  <nd ref="2259585819"/>
  <nd ref="6204270621"/>
  <tag k="aeroway" v="taxiway"/>
  <tag k="source" v="GPS"/>
 </way>
 <way id="1060664662" visible="true" version="1" changeset="121065438" timestamp="2022-05-16T18:54:22Z" user="Airbus 350-900" uid="15443585">
  <nd ref="6204270616"/>
  <nd ref="6204270617"/>
  <nd ref="6204270618"/>
  <nd ref="6204270619"/>
  <nd ref="6204270620"/>
  <nd ref="6204270621"/>
  <tag k="aeroway" v="taxiway"/>
 </way>
 <way id="1060664663" visible="true" version="1" changeset="121065438" timestamp="2022-05-16T18:54:22Z" user="Airbus 350-900" uid="15443585">
  <nd ref="6204270621"/>
  <nd ref="7986936667"/>
  <tag k="aeroway" v="taxiway"/>
  <tag k="ref" v="B4"/>
  <tag k="source" v="GPS"/>
 </way>
 <way id="1149810980" visible="true" version="1" changeset="133071871" timestamp="2023-02-27T06:06:30Z" user="Aaron_ZSAM" uid="18552639">
  <nd ref="10696318061"/>
  <nd ref="10696318062"/>
  <nd ref="10696318063"/>
  <nd ref="10696318064"/>
  <nd ref="10696318065"/>
  <nd ref="7986953505"/>
  <tag k="aeroway" v="parking_position"/>
  <tag k="ref" v="3"/>
 </way>
 <way id="1288049253" visible="true" version="1" changeset="152036846" timestamp="2024-05-30T13:46:09Z" user="Popolon" uid="27454">
  <nd ref="11945097455"/>
  <nd ref="11945097456"/>
  <nd ref="11945097457"/>
  <nd ref="11945097466"/>
  <nd ref="11945097467"/>
  <nd ref="11945097470"/>
  <nd ref="11945097469"/>
  <nd ref="11945097471"/>
  <nd ref="11945097472"/>
  <nd ref="11945097468"/>
  <nd ref="11945097465"/>
  <nd ref="11945097473"/>
  <nd ref="11945097458"/>
  <nd ref="11945097474"/>
  <nd ref="11945097459"/>
  <nd ref="11945097475"/>
  <nd ref="11945097476"/>
  <nd ref="11945097477"/>
  <nd ref="11945097478"/>
  <nd ref="11945097460"/>
  <nd ref="11945097461"/>
  <nd ref="11945097462"/>
  <nd ref="11945097464"/>
  <nd ref="11945097463"/>
  <nd ref="11945097455"/>
  <tag k="leisure" v="park"/>
 </way>
 <way id="1288049254" visible="true" version="2" changeset="152042116" timestamp="2024-05-30T15:41:00Z" user="Popolon" uid="27454">
  <nd ref="11945097479"/>
  <nd ref="11945097481"/>
  <nd ref="11945097482"/>
  <tag k="bicycle" v="designated"/>
  <tag k="cycleway" v="crossing"/>
  <tag k="foot" v="designated"/>
  <tag k="highway" v="cycleway"/>
 </way>
 <way id="1288049255" visible="true" version="1" changeset="152036846" timestamp="2024-05-30T13:46:09Z" user="Popolon" uid="27454">
  <nd ref="11945097483"/>
  <nd ref="11945097484"/>
  <nd ref="11945097485"/>
  <tag k="bicycle" v="designated"/>
  <tag k="cycleway" v="crossing"/>
  <tag k="foot" v="designated"/>
  <tag k="highway" v="cycleway"/>
 </way>
 <way id="1288049256" visible="true" version="3" changeset="152152094" timestamp="2024-06-02T09:52:43Z" user="Popolon" uid="27454">
  <nd ref="11945097449"/>
  <nd ref="11945097486"/>
  <nd ref="11945323432"/>
  <nd ref="11945097487"/>
  <nd ref="11945298944"/>
  <nd ref="11951588894"/>
  <nd ref="11945097488"/>
  <nd ref="11945097485"/>
  <nd ref="11945097489"/>
  <nd ref="11945097490"/>
  <nd ref="11945097491"/>
  <nd ref="11945097492"/>
  <nd ref="11945097479"/>
  <nd ref="11951588905"/>
  <nd ref="11945097493"/>
  <nd ref="11945097494"/>
  <nd ref="11945097495"/>
  <nd ref="11945097496"/>
  <nd ref="11945097497"/>
  <nd ref="11945097498"/>
  <nd ref="11945097499"/>
  <tag k="footway" v="sidewalk"/>
  <tag k="highway" v="footway"/>
 </way>
 <way id="1288049257" visible="true" version="1" changeset="152036846" timestamp="2024-05-30T13:46:09Z" user="Popolon" uid="27454">
  <nd ref="11945097498"/>
  <nd ref="4078025411"/>
  <nd ref="11945097500"/>
  <tag k="bicycle" v="designated"/>
  <tag k="cycleway" v="crossing"/>
  <tag k="foot" v="designated"/>
  <tag k="highway" v="cycleway"/>
 </way>
 <way id="1288081503" visible="true" version="1" changeset="152042116" timestamp="2024-05-30T15:41:00Z" user="Popolon" uid="27454">
  <nd ref="11945298945"/>
  <nd ref="11945298946"/>
  <tag k="access" v="yes"/>
  <tag k="highway" v="steps"/>
  <tag k="incline" v="down"/>
 </way>
 <way id="1288081504" visible="true" version="1" changeset="152042116" timestamp="2024-05-30T15:41:00Z" user="Popolon" uid="27454">
  <nd ref="11945298944"/>
  <nd ref="11945298945"/>
  <tag k="highway" v="footway"/>
 </way>
 <way id="1288081506" visible="true" version="1" changeset="152042116" timestamp="2024-05-30T15:41:00Z" user="Popolon" uid="27454">
  <nd ref="11945298951"/>
  <nd ref="11945298952"/>
  <nd ref="11945298950"/>
  <nd ref="11945298962"/>
  <nd ref="11945298963"/>
  <nd ref="11945298959"/>
  <tag k="highway" v="footway"/>
 </way>
 <way id="1288081508" visible="true" version="1" changeset="152042116" timestamp="2024-05-30T15:41:00Z" user="Popolon" uid="27454">
  <nd ref="11945323432"/>
  <nd ref="11945298955"/>
  <nd ref="11945298956"/>
  <nd ref="11945298957"/>
  <nd ref="11945298958"/>
  <nd ref="11945298959"/>
  <tag k="highway" v="footway"/>
 </way>
 <way id="1288081509" visible="true" version="1" changeset="152042116" timestamp="2024-05-30T15:41:00Z" user="Popolon" uid="27454">
  <nd ref="11945298960"/>
  <nd ref="11945298961"/>
  <nd ref="11945323392"/>
  <nd ref="11945298962"/>
  <tag k="highway" v="footway"/>
 </way>
 <way id="1288081510" visible="true" version="3" changeset="153105909" timestamp="2024-06-24T10:42:13Z" user="gscholz" uid="109705">
  <nd ref="11945298964"/>
  <nd ref="11945298965"/>
  <nd ref="11951588899"/>
  <nd ref="11945298966"/>
  <nd ref="11945298967"/>
  <nd ref="11945298959"/>
  <tag k="highway" v="footway"/>
 </way>
 <way id="1288081511" visible="true" version="1" changeset="152042116" timestamp="2024-05-30T15:41:00Z" user="Popolon" uid="27454">
  <nd ref="11945323369"/>
  <nd ref="11945323370"/>
  <nd ref="11945323371"/>
  <nd ref="11945323372"/>
  <nd ref="11945323373"/>
  <tag k="highway" v="footway"/>
 </way>
 <way id="1288081512" visible="true" version="1" changeset="152042116" timestamp="2024-05-30T15:41:00Z" user="Popolon" uid="27454">
  <nd ref="11945298958"/>
  <nd ref="11945323369"/>
  <nd ref="11945298968"/>
  <tag k="highway" v="footway"/>
 </way>
 <way id="1288081513" visible="true" version="1" changeset="152042116" timestamp="2024-05-30T15:41:00Z" user="Popolon" uid="27454">
  <nd ref="11945323374"/>
  <nd ref="11945323375"/>
  <nd ref="11945323372"/>
  <tag k="highway" v="footway"/>
 </way>
 <way id="1288081514" visible="true" version="2" changeset="152046958" timestamp="2024-05-30T17:21:46Z" user="Popolon" uid="27454">
  <nd ref="11945298946"/>
  <nd ref="11945323387"/>
  <nd ref="11945323376"/>
  <nd ref="11945611047"/>
  <nd ref="11945323377"/>
  <nd ref="11945323378"/>
  <nd ref="11945323379"/>
  <nd ref="11945323380"/>
  <nd ref="11945323381"/>
  <nd ref="11945323382"/>
  <nd ref="11945323383"/>
  <tag k="highway" v="footway"/>
  <tag k="layer" v="-1"/>
  <tag k="tunnel" v="yes"/>
 </way>
 <way id="1288081515" visible="true" version="1" changeset="152042116" timestamp="2024-05-30T15:41:00Z" user="Popolon" uid="27454">
  <nd ref="11945323383"/>
  <nd ref="11945323384"/>
  <tag k="access" v="yes"/>
  <tag k="highway" v="steps"/>
  <tag k="incline" v="up"/>
 </way>
 <way id="1288081516" visible="true" version="1" changeset="152042116" timestamp="2024-05-30T15:41:00Z" user="Popolon" uid="27454">
  <nd ref="11945323385"/>
  <nd ref="11945323386"/>
  <tag k="highway" v="steps"/>
  <tag k="incline" v="down"/>
 </way>
 <way id="1288081517" visible="true" version="1" changeset="152042116" timestamp="2024-05-30T15:41:00Z" user="Popolon" uid="27454">
  <nd ref="11945323386"/>
  <nd ref="11945323387"/>
  <tag k="highway" v="footway"/>
  <tag k="layer" v="-1"/>
  <tag k="tunnel" v="yes"/>
 </way>
 <way id="1288081518" visible="true" version="1" changeset="152042116" timestamp="2024-05-30T15:41:00Z" user="Popolon" uid="27454">
  <nd ref="11945323388"/>
  <nd ref="11945323389"/>
  <tag k="highway" v="steps"/>
  <tag k="incline" v="down"/>
 </way>
 <way id="1288081519" visible="true" version="1" changeset="152042116" timestamp="2024-05-30T15:41:00Z" user="Popolon" uid="27454">
  <nd ref="11945323389"/>
  <nd ref="11945323387"/>
  <tag k="highway" v="footway"/>
  <tag k="layer" v="-1"/>
  <tag k="tunnel" v="yes"/>
 </way>
 <way id="1288081520" visible="true" version="1" changeset="152042116" timestamp="2024-05-30T15:41:00Z" user="Popolon" uid="27454">
  <nd ref="11945323388"/>
  <nd ref="11945323390"/>
  <nd ref="11945323391"/>
  <nd ref="11945323392"/>
  <tag k="highway" v="footway"/>
 </way>
 <way id="1288081522" visible="true" version="1" changeset="152042116" timestamp="2024-05-30T15:41:00Z" user="Popolon" uid="27454">
  <nd ref="11945323409"/>
  <nd ref="11945323410"/>
  <nd ref="11945323411"/>
  <nd ref="11945298947"/>
  <nd ref="11945323412"/>
  <nd ref="11945323413"/>
  <nd ref="11945323414"/>
  <nd ref="11945323409"/>
  <tag k="landuse" v="grass"/>
 </way>
 <way id="1288081523" visible="true" version="1" changeset="152042116" timestamp="2024-05-30T15:41:00Z" user="Popolon" uid="27454">
  <nd ref="11945323415"/>
  <nd ref="11945323418"/>
  <nd ref="11945323416"/>
  <nd ref="11945323417"/>
  <nd ref="11945323415"/>
  <tag k="landuse" v="grass"/>
 </way>
 <way id="1288081524" visible="true" version="1" changeset="152042116" timestamp="2024-05-30T15:41:00Z" user="Popolon" uid="27454">
  <nd ref="11945323419"/>
  <nd ref="11945323420"/>
  <nd ref="11945323421"/>
  <nd ref="11945323422"/>
  <nd ref="11945323423"/>
  <nd ref="11945323424"/>
  <nd ref="11945323419"/>
  <tag k="landuse" v="grass"/>
 </way>
 <way id="1288081525" visible="true" version="1" changeset="152042116" timestamp="2024-05-30T15:41:00Z" user="Popolon" uid="27454">
  <nd ref="11945323425"/>
  <nd ref="11945323426"/>
  <nd ref="11945323427"/>
  <nd ref="11945323428"/>
  <nd ref="11945323429"/>
  <nd ref="11945323430"/>
  <nd ref="11945323431"/>
  <nd ref="11945323425"/>
  <tag k="landuse" v="grass"/>
 </way>
 <way id="1288081714" visible="true" version="1" changeset="152042179" timestamp="2024-05-30T15:42:29Z" user="Yueng" uid="21084396">
  <nd ref="11945318564"/>
  <nd ref="11945318565"/>
  <nd ref="11945318566"/>
  <nd ref="11945318567"/>
  <nd ref="11945318568"/>
  <nd ref="11945325569"/>
  <nd ref="11945325570"/>
  <nd ref="11945325571"/>
  <nd ref="11945325572"/>
  <nd ref="11945325573"/>
  <nd ref="11945325574"/>
  <nd ref="11945325575"/>
  <nd ref="11945325576"/>
  <nd ref="11945325577"/>
  <nd ref="11945318564"/>
  <tag k="landuse" v="grass"/>
 </way>
 <way id="1288081715" visible="true" version="1" changeset="152042179" timestamp="2024-05-30T15:42:29Z" user="Yueng" uid="21084396">
  <nd ref="11945325578"/>
  <nd ref="11945325579"/>
  <nd ref="11945325580"/>
  <nd ref="11945325581"/>
  <nd ref="11945325582"/>
  <nd ref="11945325583"/>
  <nd ref="11945325584"/>
  <nd ref="11945325585"/>
  <nd ref="11945325586"/>
  <nd ref="11945325587"/>
  <nd ref="11945325588"/>
  <nd ref="11945325589"/>
  <nd ref="11945325590"/>
  <nd ref="11945325591"/>
  <nd ref="11945325578"/>
  <tag k="landuse" v="grass"/>
 </way>
 <way id="1288081716" visible="true" version="1" changeset="152042179" timestamp="2024-05-30T15:42:29Z" user="Yueng" uid="21084396">
  <nd ref="11945325592"/>
  <nd ref="11945325593"/>
  <nd ref="11945325594"/>
  <nd ref="11945325595"/>
  <nd ref="11945325596"/>
  <nd ref="11945325597"/>
  <nd ref="11945325598"/>
  <nd ref="11945325599"/>
  <nd ref="11945325600"/>
  <nd ref="11945325601"/>
  <nd ref="11945325602"/>
  <nd ref="11945325603"/>
  <nd ref="11945325592"/>
  <tag k="landuse" v="grass"/>
 </way>
 <way id="1288116388" visible="true" version="1" changeset="152046958" timestamp="2024-05-30T17:21:46Z" user="Popolon" uid="27454">
  <nd ref="11945097492"/>
  <nd ref="11945611040"/>
  <tag k="bicycle" v="designated"/>
  <tag k="foot" v="designated"/>
  <tag k="highway" v="cycleway"/>
 </way>
 <way id="1288116389" visible="true" version="1" changeset="152046958" timestamp="2024-05-30T17:21:46Z" user="Popolon" uid="27454">
  <nd ref="11945611040"/>
  <nd ref="11945611041"/>
  <nd ref="11945611042"/>
  <nd ref="11945611043"/>
  <tag k="access" v="yes"/>
  <tag k="highway" v="steps"/>
  <tag k="incline" v="down"/>
 </way>
 <way id="1288116390" visible="true" version="1" changeset="152046958" timestamp="2024-05-30T17:21:46Z" user="Popolon" uid="27454">
  <nd ref="11945611044"/>
  <nd ref="11945611045"/>
  <tag k="highway" v="footway"/>
  <tag k="layer" v="-1"/>
 </way>
 <way id="1288116391" visible="true" version="1" changeset="152046958" timestamp="2024-05-30T17:21:46Z" user="Popolon" uid="27454">
  <nd ref="11945611044"/>
  <nd ref="11945611048"/>
  <nd ref="11945611047"/>
  <tag k="access" v="yes"/>
  <tag k="highway" v="footway"/>
  <tag k="layer" v="-1"/>
 </way>
 <way id="1288116392" visible="true" version="1" changeset="152046958" timestamp="2024-05-30T17:21:46Z" user="Popolon" uid="27454">
  <nd ref="11945611043"/>
  <nd ref="11945611046"/>
  <nd ref="11945611044"/>
  <tag k="access" v="yes"/>
  <tag k="highway" v="steps"/>
  <tag k="incline" v="down"/>
 </way>
 <way id="1288116393" visible="true" version="1" changeset="152046958" timestamp="2024-05-30T17:21:46Z" user="Popolon" uid="27454">
  <nd ref="660960171"/>
  <nd ref="7221329602"/>
  <nd ref="7987905650"/>
  <tag k="highway" v="secondary"/>
  <tag k="oneway" v="yes"/>
  <tag k="source" v="GPS"/>
 </way>
 <way id="1288116394" visible="true" version="1" changeset="152046958" timestamp="2024-05-30T17:21:46Z" user="Popolon" uid="27454">
  <nd ref="11945611049"/>
  <nd ref="7987905650"/>
  <nd ref="11945611050"/>
  <tag k="bicycle" v="designated"/>
  <tag k="cycleway" v="crossing"/>
  <tag k="foot" v="designated"/>
  <tag k="highway" v="cycleway"/>
 </way>
 <way id="1288116395" visible="true" version="1" changeset="152046958" timestamp="2024-05-30T17:21:46Z" user="Popolon" uid="27454">
  <nd ref="7987905650"/>
  <nd ref="7221329601"/>
  <nd ref="8411038447"/>
  <nd ref="838335281"/>
  <nd ref="11945611051"/>
  <tag k="highway" v="secondary"/>
  <tag k="lanes" v="3"/>
  <tag k="oneway" v="yes"/>
  <tag k="source" v="GPS"/>
  <tag k="turn:lanes" v="left;through|through|through"/>
 </way>
 <way id="1288875509" visible="true" version="1" changeset="152152094" timestamp="2024-06-02T09:52:43Z" user="Popolon" uid="27454">
  <nd ref="11951588894"/>
  <nd ref="11951588895"/>
  <nd ref="11951588896"/>
  <nd ref="11951588897"/>
  <nd ref="11951588900"/>
  <nd ref="11951588898"/>
  <nd ref="11951588899"/>
  <tag k="highway" v="footway"/>
 </way>
 <way id="1288875510" visible="true" version="1" changeset="152152094" timestamp="2024-06-02T09:52:43Z" user="Popolon" uid="27454">
  <nd ref="11951588900"/>
  <nd ref="11951588901"/>
  <nd ref="11951588902"/>
  <nd ref="11951588903"/>
  <nd ref="11951588906"/>
  <nd ref="11951588904"/>
  <nd ref="11951588905"/>
  <tag k="highway" v="footway"/>
 </way>
 <way id="1288875511" visible="true" version="1" changeset="152152094" timestamp="2024-06-02T09:52:43Z" user="Popolon" uid="27454">
  <nd ref="11951588906"/>
  <nd ref="11951588907"/>
  <nd ref="11951588908"/>
  <nd ref="11951588909"/>
  <nd ref="11945097496"/>
  <tag k="highway" v="footway"/>
 </way>
 <way id="1288875512" visible="true" version="1" changeset="152152094" timestamp="2024-06-02T09:52:43Z" user="Popolon" uid="27454">
  <nd ref="11951588910"/>
  <nd ref="8411038452"/>
  <tag k="highway" v="service"/>
  <tag k="incline" v="down"/>
  <tag k="oneway" v="yes"/>
  <tag k="service" v="driveway"/>
 </way>
 <way id="1288875513" visible="true" version="1" changeset="152152094" timestamp="2024-06-02T09:52:43Z" user="Popolon" uid="27454">
  <nd ref="11951588912"/>
  <nd ref="8411038460"/>
  <tag k="highway" v="service"/>
  <tag k="incline" v="down"/>
  <tag k="oneway" v="yes"/>
 </way>
 <way id="1288875514" visible="true" version="1" changeset="152152094" timestamp="2024-06-02T09:52:43Z" user="Popolon" uid="27454">
  <nd ref="8411038461"/>
  <nd ref="8411038462"/>
  <tag k="highway" v="service"/>
  <tag k="incline" v="up"/>
  <tag k="oneway" v="yes"/>
  <tag k="service" v="driveway"/>
 </way>
 <way id="1288875515" visible="true" version="1" changeset="152152094" timestamp="2024-06-02T09:52:43Z" user="Popolon" uid="27454">
  <nd ref="11951588916"/>
  <nd ref="11951588917"/>
  <nd ref="11951588918"/>
  <nd ref="11951588919"/>
  <nd ref="11951588916"/>
  <tag k="building" v="yes"/>
 </way>
 <way id="1288875516" visible="true" version="1" changeset="152152094" timestamp="2024-06-02T09:52:43Z" user="Popolon" uid="27454">
  <nd ref="11951588920"/>
  <nd ref="11951588921"/>
  <nd ref="11951588922"/>
  <nd ref="11951588923"/>
  <nd ref="11951588924"/>
  <nd ref="11951588925"/>
  <nd ref="11951588926"/>
  <nd ref="11951588919"/>
  <nd ref="11951588916"/>
  <nd ref="11951588927"/>
  <nd ref="11951588920"/>
  <tag k="building" v="yes"/>
 </way>
 <way id="1288875517" visible="true" version="1" changeset="152152094" timestamp="2024-06-02T09:52:43Z" user="Popolon" uid="27454">
  <nd ref="11951588929"/>
  <nd ref="11951588930"/>
  <nd ref="11951588931"/>
  <nd ref="11951588932"/>
  <nd ref="11951588933"/>
  <nd ref="11951588934"/>
  <nd ref="11951588935"/>
  <nd ref="11951588936"/>
  <nd ref="11951588937"/>
  <nd ref="11951588929"/>
  <tag k="building" v="yes"/>
 </way>
 <way id="1288875518" visible="true" version="1" changeset="152152094" timestamp="2024-06-02T09:52:43Z" user="Popolon" uid="27454">
  <nd ref="11951588939"/>
  <nd ref="11951588940"/>
  <nd ref="11951588941"/>
  <nd ref="11951588942"/>
  <nd ref="11951588943"/>
  <nd ref="11951588944"/>
  <nd ref="11951588945"/>
  <nd ref="11951588946"/>
  <nd ref="11951588947"/>
  <nd ref="11951588948"/>
  <nd ref="11951588949"/>
  <nd ref="11951588939"/>
  <tag k="building" v="yes"/>
 </way>
 <way id="1302022279" visible="true" version="1" changeset="154059819" timestamp="2024-07-17T13:56:55Z" user="samsung galaxy s6" uid="3691120">
  <nd ref="5449574393"/>
  <nd ref="12059343378"/>
  <nd ref="12059343379"/>
  <nd ref="12059343380"/>
  <nd ref="12059343384"/>
  <nd ref="12059343381"/>
  <nd ref="12059343382"/>
  <nd ref="12059343383"/>
  <nd ref="5449574393"/>
  <tag k="landuse" v="industrial"/>
 </way>
 <way id="1330516438" visible="true" version="1" changeset="158722240" timestamp="2024-11-04T00:36:03Z" user="user_18306654" uid="18306654">
  <nd ref="12310636355"/>
  <nd ref="7984833764"/>
  <nd ref="5700124018"/>
  <nd ref="1762871157"/>
  <nd ref="7984833744"/>
  <nd ref="1762871156"/>
  <nd ref="12310636356"/>
  <nd ref="12310636355"/>
  <tag k="aeroway" v="terminal"/>
  <tag k="building" v="yes"/>
 </way>
 <way id="1330516439" visible="true" version="1" changeset="158722240" timestamp="2024-11-04T00:36:03Z" user="user_18306654" uid="18306654">
  <nd ref="12310636356"/>
  <nd ref="12310636357"/>
  <nd ref="12310636358"/>
  <nd ref="12310636359"/>
  <nd ref="12310636360"/>
  <nd ref="12310636361"/>
  <nd ref="12310636362"/>
  <nd ref="12310636363"/>
  <tag k="access" v="private"/>
  <tag k="aeroway" v="jet_bridge"/>
  <tag k="bridge" v="yes"/>
  <tag k="highway" v="footway"/>
  <tag k="level" v="2"/>
  <tag k="ref" v="17"/>
 </way>
 <way id="1330516440" visible="true" version="1" changeset="158722240" timestamp="2024-11-04T00:36:03Z" user="user_18306654" uid="18306654">
  <nd ref="12310636361"/>
  <nd ref="12310636364"/>
  <tag k="access" v="private"/>
  <tag k="aeroway" v="jet_bridge"/>
  <tag k="bridge" v="yes"/>
  <tag k="highway" v="footway"/>
  <tag k="level" v="2"/>
  <tag k="ref" v="17"/>
 </way>
 <way id="1330516441" visible="true" version="1" changeset="158722240" timestamp="2024-11-04T00:36:03Z" user="user_18306654" uid="18306654">
  <nd ref="12310636365"/>
  <nd ref="12310636366"/>
  <nd ref="12310636367"/>
  <tag k="access" v="private"/>
  <tag k="aeroway" v="jet_bridge"/>
  <tag k="bridge" v="yes"/>
  <tag k="highway" v="footway"/>
  <tag k="level" v="2"/>
  <tag k="ref" v="16"/>
 </way>
 <way id="1330516442" visible="true" version="1" changeset="158722240" timestamp="2024-11-04T00:36:03Z" user="user_18306654" uid="18306654">
  <nd ref="12310636368"/>
  <nd ref="12310636369"/>
  <nd ref="12310636370"/>
  <tag k="access" v="private"/>
  <tag k="aeroway" v="jet_bridge"/>
  <tag k="bridge" v="yes"/>
  <tag k="highway" v="footway"/>
  <tag k="level" v="2"/>
  <tag k="ref" v="15"/>
 </way>
 <way id="1330516443" visible="true" version="1" changeset="158722240" timestamp="2024-11-04T00:36:03Z" user="user_18306654" uid="18306654">
  <nd ref="12310636371"/>
  <nd ref="12310636372"/>
  <nd ref="12310636373"/>
  <tag k="access" v="private"/>
  <tag k="aeroway" v="jet_bridge"/>
  <tag k="bridge" v="yes"/>
  <tag k="highway" v="footway"/>
  <tag k="level" v="2"/>
  <tag k="ref" v="12"/>
 </way>
 <way id="1330516444" visible="true" version="1" changeset="158722240" timestamp="2024-11-04T00:36:03Z" user="user_18306654" uid="18306654">
  <nd ref="12310636374"/>
  <nd ref="12310636375"/>
  <nd ref="12310636376"/>
  <tag k="access" v="private"/>
  <tag k="aeroway" v="jet_bridge"/>
  <tag k="bridge" v="yes"/>
  <tag k="highway" v="footway"/>
  <tag k="level" v="2"/>
  <tag k="ref" v="11"/>
 </way>
 <way id="1330516445" visible="true" version="1" changeset="158722240" timestamp="2024-11-04T00:36:03Z" user="user_18306654" uid="18306654">
  <nd ref="12310636377"/>
  <nd ref="12310636378"/>
  <nd ref="12310636379"/>
  <tag k="access" v="private"/>
  <tag k="aeroway" v="jet_bridge"/>
  <tag k="bridge" v="yes"/>
  <tag k="highway" v="footway"/>
  <tag k="level" v="2"/>
  <tag k="ref" v="10"/>
 </way>
 <way id="1330516446" visible="true" version="1" changeset="158722240" timestamp="2024-11-04T00:36:03Z" user="user_18306654" uid="18306654">
  <nd ref="12310636380"/>
  <nd ref="12310636383"/>
  <nd ref="8422263208"/>
  <tag k="access" v="private"/>
  <tag k="aeroway" v="jet_bridge"/>
  <tag k="bridge" v="yes"/>
  <tag k="highway" v="footway"/>
  <tag k="level" v="2"/>
  <tag k="ref" v="9"/>
 </way>
 <way id="1330516447" visible="true" version="1" changeset="158722240" timestamp="2024-11-04T00:36:03Z" user="user_18306654" uid="18306654">
  <nd ref="12310636381"/>
  <nd ref="12310636382"/>
  <nd ref="12310636383"/>
  <tag k="access" v="private"/>
  <tag k="aeroway" v="jet_bridge"/>
  <tag k="bridge" v="yes"/>
  <tag k="highway" v="footway"/>
  <tag k="level" v="2"/>
  <tag k="ref" v="9"/>
 </way>
 <way id="1330516448" visible="true" version="1" changeset="158722240" timestamp="2024-11-04T00:36:03Z" user="user_18306654" uid="18306654">
  <nd ref="12310636384"/>
  <nd ref="12310636385"/>
  <nd ref="12310636386"/>
  <tag k="access" v="private"/>
  <tag k="aeroway" v="jet_bridge"/>
  <tag k="bridge" v="yes"/>
  <tag k="highway" v="footway"/>
  <tag k="level" v="2"/>
  <tag k="ref" v="8"/>
 </way>
 <way id="1330516449" visible="true" version="1" changeset="158722240" timestamp="2024-11-04T00:36:03Z" user="user_18306654" uid="18306654">
  <nd ref="12310636387"/>
  <nd ref="12310636388"/>
  <nd ref="12310636389"/>
  <tag k="access" v="private"/>
  <tag k="aeroway" v="jet_bridge"/>
  <tag k="bridge" v="yes"/>
  <tag k="highway" v="footway"/>
  <tag k="level" v="2"/>
  <tag k="ref" v="7"/>
 </way>
 <way id="1330516450" visible="true" version="1" changeset="158722240" timestamp="2024-11-04T00:36:03Z" user="user_18306654" uid="18306654">
  <nd ref="7986953533"/>
  <nd ref="12310636390"/>
  <nd ref="12310636391"/>
  <tag k="access" v="private"/>
  <tag k="aeroway" v="jet_bridge"/>
  <tag k="bridge" v="yes"/>
  <tag k="highway" v="footway"/>
  <tag k="level" v="2"/>
  <tag k="ref" v="6"/>
 </way>
 <way id="1330516451" visible="true" version="1" changeset="158722240" timestamp="2024-11-04T00:36:03Z" user="user_18306654" uid="18306654">
  <nd ref="12310636392"/>
  <nd ref="12310636393"/>
  <nd ref="8422263212"/>
  <tag k="access" v="private"/>
  <tag k="aeroway" v="jet_bridge"/>
  <tag k="bridge" v="yes"/>
  <tag k="highway" v="footway"/>
  <tag k="level" v="2"/>
  <tag k="ref" v="5"/>
 </way>
 <way id="1330516452" visible="true" version="1" changeset="158722240" timestamp="2024-11-04T00:36:03Z" user="user_18306654" uid="18306654">
  <nd ref="12310636394"/>
  <nd ref="12310636395"/>
  <nd ref="12310636396"/>
  <tag k="access" v="private"/>
  <tag k="aeroway" v="jet_bridge"/>
  <tag k="bridge" v="yes"/>
  <tag k="highway" v="footway"/>
  <tag k="level" v="2"/>
  <tag k="ref" v="3"/>
 </way>
 <way id="1330516453" visible="true" version="1" changeset="158722240" timestamp="2024-11-04T00:36:03Z" user="user_18306654" uid="18306654">
  <nd ref="8422263213"/>
  <nd ref="12310636397"/>
  <nd ref="12310636398"/>
  <tag k="access" v="private"/>
  <tag k="aeroway" v="jet_bridge"/>
  <tag k="bridge" v="yes"/>
  <tag k="highway" v="footway"/>
  <tag k="level" v="2"/>
  <tag k="ref" v="2"/>
 </way>
 <way id="1330516454" visible="true" version="1" changeset="158722240" timestamp="2024-11-04T00:36:03Z" user="user_18306654" uid="18306654">
  <nd ref="12310636399"/>
  <nd ref="12310636400"/>
  <nd ref="12310636401"/>
  <tag k="access" v="private"/>
  <tag k="aeroway" v="jet_bridge"/>
  <tag k="bridge" v="yes"/>
  <tag k="highway" v="footway"/>
  <tag k="level" v="2"/>
  <tag k="ref" v="1"/>
 </way>
 <way id="1553932059" visible="true" version="1" changeset="188316690" timestamp="2026-08-31T16:42:05Z" user="Popolon" uid="27454">
  <nd ref="7984833755"/>
  <nd ref="14137863850"/>
  <nd ref="14137863851"/>
  <nd ref="14137863852"/>
  <nd ref="14137863853"/>
  <tag k="highway" v="footway"/>
 </way>
 <way id="1553932060" visible="true" version="1" changeset="188316690" timestamp="2026-08-31T16:42:05Z" user="Popolon" uid="27454">
  <nd ref="14137863853"/>
  <nd ref="14137863854"/>
  <tag k="highway" v="footway"/>
 </way>
 <way id="1553932061" visible="true" version="1" changeset="188316690" timestamp="2026-08-31T16:42:05Z" user="Popolon" uid="27454">
  <nd ref="14137863854"/>
  <nd ref="7987174926"/>
  <nd ref="14137863855"/>
  <tag k="crossing" v="uncontrolled"/>
  <tag k="crossing:markings" v="yes"/>
  <tag k="footway" v="crossing"/>
  <tag k="highway" v="footway"/>
 </way>
 <way id="1553932062" visible="true" version="1" changeset="188316690" timestamp="2026-08-31T16:42:05Z" user="Popolon" uid="27454">
  <nd ref="14137863856"/>
  <nd ref="14137863855"/>
  <nd ref="14137863857"/>
  <nd ref="14137863858"/>
  <nd ref="14137863859"/>
  <nd ref="14137863860"/>
  <nd ref="14137863861"/>
  <nd ref="14137863862"/>
  <tag k="footway" v="sidewalk"/>
  <tag k="highway" v="footway"/>
 </way>
 <way id="1553932063" visible="true" version="1" changeset="188316690" timestamp="2026-08-31T16:42:05Z" user="Popolon" uid="27454">
  <nd ref="14137863858"/>
  <nd ref="14137863863"/>
  <nd ref="14137863864"/>
  <tag k="crossing" v="uncontrolled"/>
  <tag k="crossing:markings" v="zebra"/>
  <tag k="footway" v="crossing"/>
  <tag k="highway" v="footway"/>
 </way>
 <way id="1553932064" visible="true" version="1" changeset="188316690" timestamp="2026-08-31T16:42:05Z" user="Popolon" uid="27454">
  <nd ref="14137863864"/>
  <nd ref="14137863865"/>
  <tag k="footway" v="sidewalk"/>
  <tag k="highway" v="footway"/>
 </way>
 <way id="1553932065" visible="true" version="1" changeset="188316690" timestamp="2026-08-31T16:42:05Z" user="Popolon" uid="27454">
  <nd ref="14137863865"/>
  <nd ref="14137863866"/>
  <tag k="crossing" v="uncontrolled"/>
  <tag k="crossing:markings" v="yes"/>
  <tag k="footway" v="crossing"/>
  <tag k="highway" v="footway"/>
 </way>
 <way id="1553932066" visible="true" version="1" changeset="188316690" timestamp="2026-08-31T16:42:05Z" user="Popolon" uid="27454">
  <nd ref="14137863866"/>
  <nd ref="11945097483"/>
  <nd ref="14137863867"/>
  <tag k="footway" v="sidewalk"/>
  <tag k="highway" v="footway"/>
 </way>
 <way id="1553932067" visible="true" version="1" changeset="188316690" timestamp="2026-08-31T16:42:05Z" user="Popolon" uid="27454">
  <nd ref="14137863867"/>
  <nd ref="14137863868"/>
  <tag k="crossing" v="uncontrolled"/>
  <tag k="crossing:markings" v="yes"/>
  <tag k="footway" v="crossing"/>
  <tag k="highway" v="footway"/>
 </way>
 <relation id="6079681" visible="true" version="5" changeset="148419113" timestamp="2024-03-09T11:57:48Z" user="arisu_magatoroido" uid="21185161">
  <member type="node" ref="4078014597" role="stop"/>
  <member type="node" ref="4078014596" role="stop"/>
  <member type="node" ref="4078014595" role="stop"/>
  <member type="node" ref="4078014594" role="stop"/>
  <member type="node" ref="4078014593" role="stop"/>
  <member type="way" ref="127162476" role=""/>
  <member type="way" ref="1259359176" role=""/>
  <member type="way" ref="438588388" role=""/>
  <member type="way" ref="405637942" role=""/>
  <member type="way" ref="203587846" role=""/>
  <member type="way" ref="405637944" role=""/>
  <member type="way" ref="405637945" role=""/>
  <tag k="name" v="bus 41"/>
  <tag k="ref" v="41"/>
  <tag k="route" v="bus"/>
  <tag k="type" v="route"/>
 </relation>
</osm>
